debug2: fd 6 setting O_NONBLOCK
debug1: Bind to port 65101 on 127.0.0.1.
Server listening on 127.0.0.1 port 65101.
debug1: fd 7 clearing O_NONBLOCK
debug2: fd 8 setting O_NONBLOCK
debug1: Forked child 50314.
debug1: rexec start in 7 out 7 newsock 7 config_s 8/9
debug1: sshd-session version OpenSSH_10.3, LibreSSL 3.3.6
debug1: network sockets: 8, 8
debug2: server_accept_loop: child 50314 for connection from 127.0.0.1 to 127.0.0.1 received config
debug2: fd 8 setting TCP_NODELAY
debug3: set_sock_tos: set socket 8 IP_TOS 0xb8
debug3: server_process_channel_timeouts: setting 0 timeouts
debug3: channel_clear_timeouts: clearing
debug3: BSM audit: connection from 127.0.0.1 port 65230
debug3: BSM audit: iptype 4 machine ID 0100007f 00000000 00000000 00000000
Connection from 127.0.0.1 port 65230 on 127.0.0.1 port 65101
debug2: fd 8 setting O_NONBLOCK
debug2: Network child is on pid 50413
debug3: preauth child monitor started
debug3: mm_request_receive: entering
debug3: monitor_read: checking request 51
debug1: mm_answer_state: config len 580
debug3: mm_request_send: entering, type 52
debug3: mm_answer_state: done
debug2: monitor_read: 51 used once, disabling now
debug1: sshd-auth version OpenSSH_10.3, LibreSSL 3.3.6 [preauth]
debug3: server_process_channel_timeouts: setting 0 timeouts [preauth]
debug3: channel_clear_timeouts: clearing [preauth]
debug3: fd 5 is O_NONBLOCK [preauth]
debug3: ssh_sandbox_init: preparing Darwin sandbox [preauth]
debug3: ssh_sandbox_child: starting Darwin sandbox [preauth]
debug1: list_hostkey_types: ssh-ed25519 [preauth]
debug1: Local version string SSH-2.0-OpenSSH_10.3 [preauth]
debug1: Remote protocol version 2.0, remote software version OpenSSH_10.3 [preauth]
debug1: compat_banner: match: OpenSSH_10.3 pat OpenSSH* compat 0x04000000 [preauth]
debug3: mm_sshkey_setcompat: entering [preauth]
debug3: mm_request_send: entering, type 18 [preauth]
debug3: send packet: type 20 [preauth]
debug1: SSH2_MSG_KEXINIT sent [preauth]
debug3: mm_request_receive: entering
debug3: monitor_read: checking request 18
debug3: mm_answer_setcompat: entering
debug2: monitor_read: 18 used once, disabling now
debug3: receive packet: type 20 [preauth]
debug1: SSH2_MSG_KEXINIT received [preauth]
debug2: local server KEXINIT proposal [preauth]
debug2: KEX algorithms: mlkem768x25519-sha256,sntrup761x25519-sha512,sntrup761x25519-sha512@openssh.com,curve25519-sha256,curve25519-sha256@libssh.org,ecdh-sha2-nistp256,ecdh-sha2-nistp384,ecdh-sha2-nistp521,ext-info-s,kex-strict-s-v00@openssh.com [preauth]
debug2: host key algorithms: ssh-ed25519 [preauth]
debug2: ciphers ctos: chacha20-poly1305@openssh.com,aes128-gcm@openssh.com,aes256-gcm@openssh.com,aes128-ctr,aes192-ctr,aes256-ctr [preauth]
debug2: ciphers stoc: chacha20-poly1305@openssh.com,aes128-gcm@openssh.com,aes256-gcm@openssh.com,aes128-ctr,aes192-ctr,aes256-ctr [preauth]
debug2: MACs ctos: umac-64-etm@openssh.com,umac-128-etm@openssh.com,hmac-sha2-256-etm@openssh.com,hmac-sha2-512-etm@openssh.com,hmac-sha1-etm@openssh.com,umac-64@openssh.com,umac-128@openssh.com,hmac-sha2-256,hmac-sha2-512,hmac-sha1 [preauth]
debug2: MACs stoc: umac-64-etm@openssh.com,umac-128-etm@openssh.com,hmac-sha2-256-etm@openssh.com,hmac-sha2-512-etm@openssh.com,hmac-sha1-etm@openssh.com,umac-64@openssh.com,umac-128@openssh.com,hmac-sha2-256,hmac-sha2-512,hmac-sha1 [preauth]
debug2: compression ctos: none,zlib@openssh.com [preauth]
debug2: compression stoc: none,zlib@openssh.com [preauth]
debug2: languages ctos:  [preauth]
debug2: languages stoc:  [preauth]
debug2: first_kex_follows 0  [preauth]
debug2: reserved 0  [preauth]
debug2: peer client KEXINIT proposal [preauth]
debug2: KEX algorithms: mlkem768x25519-sha256,sntrup761x25519-sha512,sntrup761x25519-sha512@openssh.com,curve25519-sha256,curve25519-sha256@libssh.org,ecdh-sha2-nistp256,ecdh-sha2-nistp384,ecdh-sha2-nistp521,diffie-hellman-group-exchange-sha256,diffie-hellman-group16-sha512,diffie-hellman-group18-sha512,diffie-hellman-group14-sha256,ext-info-c,kex-strict-c-v00@openssh.com [preauth]
debug2: host key algorithms: ssh-ed25519-cert-v01@openssh.com,ecdsa-sha2-nistp256-cert-v01@openssh.com,ecdsa-sha2-nistp384-cert-v01@openssh.com,ecdsa-sha2-nistp521-cert-v01@openssh.com,sk-ssh-ed25519-cert-v01@openssh.com,sk-ecdsa-sha2-nistp256-cert-v01@openssh.com,webauthn-sk-ecdsa-sha2-nistp256-cert-v01@openssh.com,rsa-sha2-512-cert-v01@openssh.com,rsa-sha2-256-cert-v01@openssh.com,ssh-ed25519,ecdsa-sha2-nistp256,ecdsa-sha2-nistp384,ecdsa-sha2-nistp521,sk-ssh-ed25519@openssh.com,sk-ecdsa-sha2-nistp256@openssh.com,webauthn-sk-ecdsa-sha2-nistp256@openssh.com,rsa-sha2-512,rsa-sha2-256 [preauth]
debug2: ciphers ctos: chacha20-poly1305@openssh.com,aes128-gcm@openssh.com,aes256-gcm@openssh.com,aes128-ctr,aes192-ctr,aes256-ctr [preauth]
debug2: ciphers stoc: chacha20-poly1305@openssh.com,aes128-gcm@openssh.com,aes256-gcm@openssh.com,aes128-ctr,aes192-ctr,aes256-ctr [preauth]
debug2: MACs ctos: umac-64-etm@openssh.com,umac-128-etm@openssh.com,hmac-sha2-256-etm@openssh.com,hmac-sha2-512-etm@openssh.com,hmac-sha1-etm@openssh.com,umac-64@openssh.com,umac-128@openssh.com,hmac-sha2-256,hmac-sha2-512,hmac-sha1 [preauth]
debug2: MACs stoc: umac-64-etm@openssh.com,umac-128-etm@openssh.com,hmac-sha2-256-etm@openssh.com,hmac-sha2-512-etm@openssh.com,hmac-sha1-etm@openssh.com,umac-64@openssh.com,umac-128@openssh.com,hmac-sha2-256,hmac-sha2-512,hmac-sha1 [preauth]
debug2: compression ctos: none,zlib@openssh.com [preauth]
debug2: compression stoc: none,zlib@openssh.com [preauth]
debug2: languages ctos:  [preauth]
debug2: languages stoc:  [preauth]
debug2: first_kex_follows 0  [preauth]
debug2: reserved 0  [preauth]
debug3: kex_choose_conf: will use strict KEX ordering [preauth]
debug1: kex: algorithm: mlkem768x25519-sha256 [preauth]
debug1: kex: host key algorithm: ssh-ed25519 [preauth]
debug1: kex: client->server cipher: chacha20-poly1305@openssh.com MAC: <implicit> compression: none [preauth]
debug1: kex: server->client cipher: chacha20-poly1305@openssh.com MAC: <implicit> compression: none [preauth]
debug1: expecting SSH2_MSG_KEX_ECDH_INIT [preauth]
debug3: receive packet: type 30 [preauth]
debug1: SSH2_MSG_KEX_ECDH_INIT received [preauth]
debug3: mm_sshkey_sign: entering [preauth]
debug3: mm_request_send: entering, type 6 [preauth]
debug3: mm_sshkey_sign: waiting for MONITOR_ANS_SIGN [preauth]
debug3: mm_request_receive_expect: entering, type 7 [preauth]
debug3: mm_request_receive: entering [preauth]
debug3: mm_request_receive: entering
debug3: monitor_read: checking request 6
debug3: mm_answer_sign: entering
debug1: mm_answer_sign: hostkey ssh-ed25519 index 0
debug3: mm_answer_sign: ssh-ed25519 KEX signature len=83
debug3: mm_request_send: entering, type 7
debug2: monitor_read: 6 used once, disabling now
debug3: mm_sshkey_sign: ssh-ed25519 signature len=83 [preauth]
debug3: send packet: type 31 [preauth]
debug3: send packet: type 21 [preauth]
debug1: ssh_packet_send2_wrapped: resetting send seqnr 3 [preauth]
debug2: ssh_set_newkeys: mode 1 [preauth]
debug1: rekey out after 134217728 blocks [preauth]
debug1: SSH2_MSG_NEWKEYS sent [preauth]
debug1: Sending SSH2_MSG_EXT_INFO [preauth]
debug3: send packet: type 7 [preauth]
debug1: expecting SSH2_MSG_NEWKEYS [preauth]
debug3: receive packet: type 21 [preauth]
debug1: ssh_packet_read_poll2: resetting read seqnr 3 [preauth]
debug1: SSH2_MSG_NEWKEYS received [preauth]
debug2: ssh_set_newkeys: mode 0 [preauth]
debug1: rekey in after 134217728 blocks [preauth]
debug2: KEX algorithms: mlkem768x25519-sha256,sntrup761x25519-sha512,sntrup761x25519-sha512@openssh.com,curve25519-sha256,curve25519-sha256@libssh.org,ecdh-sha2-nistp256,ecdh-sha2-nistp384,ecdh-sha2-nistp521,ext-info-s,kex-strict-s-v00@openssh.com [preauth]
debug2: host key algorithms: ssh-ed25519 [preauth]
debug2: ciphers ctos: chacha20-poly1305@openssh.com,aes128-gcm@openssh.com,aes256-gcm@openssh.com,aes128-ctr,aes192-ctr,aes256-ctr [preauth]
debug2: ciphers stoc: chacha20-poly1305@openssh.com,aes128-gcm@openssh.com,aes256-gcm@openssh.com,aes128-ctr,aes192-ctr,aes256-ctr [preauth]
debug2: MACs ctos: umac-64-etm@openssh.com,umac-128-etm@openssh.com,hmac-sha2-256-etm@openssh.com,hmac-sha2-512-etm@openssh.com,hmac-sha1-etm@openssh.com,umac-64@openssh.com,umac-128@openssh.com,hmac-sha2-256,hmac-sha2-512,hmac-sha1 [preauth]
debug2: MACs stoc: umac-64-etm@openssh.com,umac-128-etm@openssh.com,hmac-sha2-256-etm@openssh.com,hmac-sha2-512-etm@openssh.com,hmac-sha1-etm@openssh.com,umac-64@openssh.com,umac-128@openssh.com,hmac-sha2-256,hmac-sha2-512,hmac-sha1 [preauth]
debug2: compression ctos: none,zlib@openssh.com [preauth]
debug2: compression stoc: none,zlib@openssh.com [preauth]
debug2: languages ctos:  [preauth]
debug2: languages stoc:  [preauth]
debug2: first_kex_follows 0  [preauth]
debug2: reserved 0  [preauth]
debug1: KEX done [preauth]
debug3: receive packet: type 7 [preauth]
debug1: SSH2_MSG_EXT_INFO received [preauth]
debug3: kex_input_ext_info: extension ext-info-in-auth@openssh.com [preauth]
debug1: kex_ext_info_check_ver: ext-info-in-auth@openssh.com=<0> [preauth]
debug3: receive packet: type 5 [preauth]
debug3: send packet: type 6 [preauth]
debug3: receive packet: type 50 [preauth]
debug1: userauth-request for user charlesabrooker service ssh-connection method none [preauth]
debug1: attempt 0 failures 0 [preauth]
debug3: mm_getpwnamallow: entering [preauth]
debug3: mm_request_send: entering, type 8 [preauth]
debug3: mm_getpwnamallow: waiting for MONITOR_ANS_PWNAM [preauth]
debug3: mm_request_receive_expect: entering, type 9 [preauth]
debug3: mm_request_receive: entering [preauth]
debug3: mm_request_receive: entering
debug3: monitor_read: checking request 8
debug3: mm_answer_pwnamallow: entering
debug2: parse_server_config_depth: config reprocess config len 580
debug3: auth2_setup_methods_lists: checking methods
debug1: authentication methods list 0: publickey
debug3: mm_answer_pwnamallow: sending MONITOR_ANS_PWNAM: 1
debug3: mm_request_send: entering, type 9
debug2: monitor_read: 8 used once, disabling now
debug3: server_process_channel_timeouts: setting 0 timeouts [preauth]
debug3: channel_clear_timeouts: clearing [preauth]
debug2: input_userauth_request: setting up authctxt for charlesabrooker [preauth]
debug3: mm_inform_authserv: entering [preauth]
debug3: mm_request_send: entering, type 4 [preauth]
debug1: kex_server_update_ext_info: Sending SSH2_MSG_EXT_INFO [preauth]
debug3: send packet: type 7 [preauth]
debug3: auth2_setup_methods_lists: checking methods [preauth]
debug1: authentication methods list 0: publickey [preauth]
debug3: authmethod_lookup: method none not allowed by AuthenticationMethods [preauth]
debug3: userauth_finish: failure partial=0 next methods="publickey" [preauth]
debug3: send packet: type 51 [preauth]
debug3: mm_request_receive: entering
debug3: monitor_read: checking request 4
debug3: mm_answer_authserv: service=ssh-connection, style=
debug2: monitor_read: 4 used once, disabling now
debug3: receive packet: type 50 [preauth]
debug1: userauth-request for user charlesabrooker service ssh-connection method publickey [preauth]
debug1: attempt 1 failures 0 [preauth]
debug2: input_userauth_request: try method publickey [preauth]
debug2: userauth_pubkey: valid user charlesabrooker querying public key ssh-ed25519 AAAAC3NzaC1lZDI1NTE5AAAAIC29h5YAq/Tle+j2rirq6Xj2QUBhQHpieTMA6puP9ciD [preauth]
debug1: userauth_pubkey: publickey test pkalg ssh-ed25519 pkblob ED25519 SHA256:7sc69UbnYCiAFxuqzOSgt6nekJytNEARRE5FlH7yor0 [preauth]
debug3: mm_key_allowed: entering [preauth]
debug3: mm_request_send: entering, type 22 [preauth]
debug3: mm_key_allowed: waiting for MONITOR_ANS_KEYALLOWED [preauth]
debug3: mm_request_receive_expect: entering, type 23 [preauth]
debug3: mm_request_receive: entering [preauth]
debug3: mm_request_receive: entering
debug3: monitor_read: checking request 22
debug3: mm_answer_keyallowed: entering
debug1: temporarily_use_uid: 501/20 (e=501/20)
debug1: restore_uid: (unprivileged)
debug1: temporarily_use_uid: 501/20 (e=501/20)
debug1: trying public key file /Users/charlesabrooker/.no-mistakes/worktrees/32d18ed9638d/01M48YDAJ274FP0KSXR35TAEYY/.live-validation/remote/user.pub
debug1: fd 9 clearing O_NONBLOCK
debug1: /Users/charlesabrooker/.no-mistakes/worktrees/32d18ed9638d/01M48YDAJ274FP0KSXR35TAEYY/.live-validation/remote/user.pub:1: matching key found: ED25519 SHA256:7sc69UbnYCiAFxuqzOSgt6nekJytNEARRE5FlH7yor0
debug1: /Users/charlesabrooker/.no-mistakes/worktrees/32d18ed9638d/01M48YDAJ274FP0KSXR35TAEYY/.live-validation/remote/user.pub:1: key options: agent-forwarding port-forwarding pty user-rc x11-forwarding
debug3: /Users/charlesabrooker/.no-mistakes/worktrees/32d18ed9638d/01M48YDAJ274FP0KSXR35TAEYY/.live-validation/remote/user.pub:1: key options: agent-forwarding port-forwarding pty user-rc x11-forwarding
Accepted key ED25519 SHA256:7sc69UbnYCiAFxuqzOSgt6nekJytNEARRE5FlH7yor0 found at /Users/charlesabrooker/.no-mistakes/worktrees/32d18ed9638d/01M48YDAJ274FP0KSXR35TAEYY/.live-validation/remote/user.pub:1
debug2: auth_check_authkeys_file: /Users/charlesabrooker/.no-mistakes/worktrees/32d18ed9638d/01M48YDAJ274FP0KSXR35TAEYY/.live-validation/remote/user.pub: processed 1/1 lines
debug1: restore_uid: (unprivileged)
debug3: mm_answer_keyallowed: publickey authentication test: ED25519 key is allowed
debug3: mm_request_send: entering, type 23
debug3: send packet: type 60 [preauth]
debug2: userauth_pubkey: authenticated 0 pkalg ssh-ed25519 [preauth]
debug3: user_specific_delay: user specific delay 1.237ms [preauth]
debug3: ensure_minimum_time_since: elapsed 0.488ms, delaying 5.749ms (requested 6.237ms) [preauth]
Postponed publickey for charlesabrooker from 127.0.0.1 port 65230 ssh2 [preauth]
debug3: receive packet: type 50 [preauth]
debug1: userauth-request for user charlesabrooker service ssh-connection method publickey-hostbound-v00@openssh.com [preauth]
debug1: attempt 2 failures 0 [preauth]
debug2: input_userauth_request: try method publickey-hostbound-v00@openssh.com [preauth]
debug2: userauth_pubkey: valid user charlesabrooker attempting public key ssh-ed25519 AAAAC3NzaC1lZDI1NTE5AAAAIC29h5YAq/Tle+j2rirq6Xj2QUBhQHpieTMA6puP9ciD [preauth]
debug3: userauth_pubkey: publickey-hostbound-v00@openssh.com have ssh-ed25519 signature for ED25519 SHA256:7sc69UbnYCiAFxuqzOSgt6nekJytNEARRE5FlH7yor0 [preauth]
debug3: mm_key_allowed: entering [preauth]
debug3: mm_request_send: entering, type 22 [preauth]
debug3: mm_key_allowed: waiting for MONITOR_ANS_KEYALLOWED [preauth]
debug3: mm_request_receive_expect: entering, type 23 [preauth]
debug3: mm_request_receive: entering [preauth]
debug3: mm_request_receive: entering
debug3: monitor_read: checking request 22
debug3: mm_answer_keyallowed: entering
debug1: temporarily_use_uid: 501/20 (e=501/20)
debug1: restore_uid: (unprivileged)
debug1: temporarily_use_uid: 501/20 (e=501/20)
debug1: trying public key file /Users/charlesabrooker/.no-mistakes/worktrees/32d18ed9638d/01M48YDAJ274FP0KSXR35TAEYY/.live-validation/remote/user.pub
debug1: fd 9 clearing O_NONBLOCK
debug1: /Users/charlesabrooker/.no-mistakes/worktrees/32d18ed9638d/01M48YDAJ274FP0KSXR35TAEYY/.live-validation/remote/user.pub:1: matching key found: ED25519 SHA256:7sc69UbnYCiAFxuqzOSgt6nekJytNEARRE5FlH7yor0
debug1: /Users/charlesabrooker/.no-mistakes/worktrees/32d18ed9638d/01M48YDAJ274FP0KSXR35TAEYY/.live-validation/remote/user.pub:1: key options: agent-forwarding port-forwarding pty user-rc x11-forwarding
debug3: /Users/charlesabrooker/.no-mistakes/worktrees/32d18ed9638d/01M48YDAJ274FP0KSXR35TAEYY/.live-validation/remote/user.pub:1: key options: agent-forwarding port-forwarding pty user-rc x11-forwarding
Accepted key ED25519 SHA256:7sc69UbnYCiAFxuqzOSgt6nekJytNEARRE5FlH7yor0 found at /Users/charlesabrooker/.no-mistakes/worktrees/32d18ed9638d/01M48YDAJ274FP0KSXR35TAEYY/.live-validation/remote/user.pub:1
debug2: auth_check_authkeys_file: /Users/charlesabrooker/.no-mistakes/worktrees/32d18ed9638d/01M48YDAJ274FP0KSXR35TAEYY/.live-validation/remote/user.pub: processed 1/1 lines
debug1: restore_uid: (unprivileged)
debug3: mm_answer_keyallowed: publickey authentication: ED25519 key is allowed
debug3: mm_request_send: entering, type 23
debug3: mm_sshkey_verify: entering [preauth]
debug3: mm_request_send: entering, type 24 [preauth]
debug3: mm_sshkey_verify: waiting for MONITOR_ANS_KEYVERIFY [preauth]
debug3: mm_request_receive_expect: entering, type 25 [preauth]
debug3: mm_request_receive: entering [preauth]
debug3: mm_request_receive: entering
debug3: monitor_read: checking request 24
debug3: mm_answer_keyverify: publickey ED25519 signature using ssh-ed25519 verified
debug1: auth_activate_options: setting new authentication options
debug3: mm_request_send: entering, type 25
debug3: auth2_update_methods_lists: updating methods list after "publickey"
debug2: authentication methods list 0 complete
Accepted publickey for charlesabrooker from 127.0.0.1 port 65230 ssh2: ED25519 SHA256:7sc69UbnYCiAFxuqzOSgt6nekJytNEARRE5FlH7yor0
debug1: monitor_child_preauth: user charlesabrooker authenticated by privileged process
debug3: mm_get_keystate: Waiting for new keys
debug3: mm_request_receive_expect: entering, type 26
debug3: mm_request_receive: entering
debug3: mm_get_keystate: GOT new keys
debug1: auth_activate_options: setting new authentication options [preauth]
debug2: userauth_pubkey: authenticated 1 pkalg ssh-ed25519 [preauth]
debug3: user_specific_delay: user specific delay 1.237ms [preauth]
debug3: ensure_minimum_time_since: elapsed 1.497ms, delaying 4.740ms (requested 6.237ms) [preauth]
debug3: auth2_update_methods_lists: updating methods list after "publickey" [preauth]
debug2: authentication methods list 0 complete [preauth]
debug3: send packet: type 52 [preauth]
debug3: mm_request_send: entering, type 26 [preauth]
debug3: mm_send_keystate: Finished sending state [preauth]
debug1: monitor_read_log: child log fd closed
debug3: monitor_child_preauth: preauth child 50413 terminated successfully
debug2: server_accept_loop: child 50314 for connection from 127.0.0.1 to 127.0.0.1 auth done
debug1: child_close: enter (forcing)
BSM audit: bsm_audit_session_setup: setaudit_addr failed: Operation not permitted
debug3: BSM audit: typ 0 rc 0 "successful login charlesabrooker"
debug3: BSM audit: writing audit new record
BSM audit: bsm_audit_record failed to write "successful login charlesabrooker" record: Operation not permitted
User child is on pid 50781
debug3: monitor_apply_keystate: packet_set_state
debug2: ssh_set_newkeys: mode 0
debug1: rekey in after 134217728 blocks
debug2: ssh_set_newkeys: mode 1
debug1: rekey out after 134217728 blocks
debug1: ssh_packet_set_postauth: called
debug3: ssh_packet_set_state: done
debug3: notify_hostkeys: key 0: ssh-ed25519 SHA256:WwiWglN1fa9aE2Tl8g9MALW85mRMZENG58raojQZH9g
debug3: notify_hostkeys: sent 1 hostkeys
debug3: send packet: type 80
debug1: active: key options: agent-forwarding port-forwarding pty user-rc x11-forwarding
debug3: sending debug message: /Users/charlesabrooker/.no-mistakes/worktrees/32d18ed9638d/01M48YDAJ274FP0KSXR35TAEYY/.live-validation/remote/user.pub:1: key options: agent-forwarding port-forwarding pty user-rc x11-forwarding
debug3: send packet: type 4
debug3: sending debug message: /Users/charlesabrooker/.no-mistakes/worktrees/32d18ed9638d/01M48YDAJ274FP0KSXR35TAEYY/.live-validation/remote/user.pub:1: key options: agent-forwarding port-forwarding pty user-rc x11-forwarding
debug3: send packet: type 4
debug1: Entering interactive session for SSH2.
debug1: server_init_dispatch
debug3: receive packet: type 90
debug1: server_input_channel_open: ctype session rchan 0 win 2097152 max 32768
debug1: input_session_request
debug1: channel 0: new session [server-session] (inactive timeout: 0)
debug2: session_new: allocate (allocated 0 max 10)
debug3: session_unused: session id 0 unused
debug1: session_new: session 0
debug1: session_open: channel 0
debug1: session_open: session 0: link with channel 0
debug1: server_input_channel_open: confirm session
debug3: send packet: type 91
debug3: receive packet: type 80
debug1: server_input_global_request: rtype no-more-sessions@openssh.com want_reply 0
debug2: process_output: session QoS is now interactive
debug3: set_sock_tos: set socket 8 IP_TOS 0xb8
debug3: receive packet: type 98
debug1: server_input_channel_req: channel 0 request env reply 0
debug1: session_by_channel: session 0 channel 0
debug1: session_input_channel_req: session 0 req env
debug2: Ignoring env request LANG: disallowed name
debug3: receive packet: type 98
debug1: server_input_channel_req: channel 0 request exec reply 1
debug1: session_by_channel: session 0 channel 0
debug1: session_input_channel_req: session 0 req exec
debug2: channel_set_xtype: labeled channel 0 as session:command (inactive timeout 0)
Starting session: command for charlesabrooker from 127.0.0.1 port 65230 id 0
debug3: mm_audit_run_command: entering command true
debug3: mm_request_send: entering, type 113
debug3: mm_request_receive: entering
debug3: monitor_read: checking request 113
debug3: mm_answer_audit_command: entering
debug2: fd 15 setting O_NONBLOCK
debug2: fd 14 setting O_NONBLOCK
debug2: fd 17 setting O_NONBLOCK
debug3: send packet: type 99
debug2: process_output: session QoS is now non-interactive
debug3: set_sock_tos: set socket 8 IP_TOS 0x00
debug2: channel 0: read 34 from efd 17
debug2: channel 0: rwin 2097152 elen 34 euse 1
debug2: channel 0: sent ext data 34
debug2: channel 0: read failed rfd 15 maxlen 32768: Broken pipe
debug2: channel 0: read failed
debug2: chan_shutdown_read: channel 0: (i0 o0 sock -1 wfd 15 efd 17 [read])
debug2: channel 0: input open -> drain
debug2: channel 0: read 0 from efd 17
debug2: channel 0: closing read-efd 17
debug2: channel 0: ibuf empty
debug2: channel 0: send eof
debug3: send packet: type 96
debug2: channel 0: input drain -> closed
debug1: Received SIGCHLD.
debug1: session_by_pid: pid 50794
debug2: channel 0: request exit-status confirm 0
debug3: send packet: type 98
debug1: session_exit_message: session 0 channel 0 pid 50794 exit 0
debug1: session_exit_message: release channel 0
debug2: channel 0: write failed
debug2: chan_shutdown_write: channel 0: (i3 o0 sock -1 wfd 14 efd -1 [closed])
debug2: channel 0: send eow
debug3: send packet: type 98
debug2: channel 0: output open -> closed
debug2: channel 0: send_close2
debug2: channel 0: send close for remote id 0
debug3: send packet: type 97
debug3: channel 0: will not send data after close
debug3: receive packet: type 97
debug2: channel 0: rcvd close
debug3: receive packet: type 1
Received disconnect from 127.0.0.1 port 65230:11: disconnected by user
Disconnected from user charlesabrooker 127.0.0.1 port 65230
debug1: do_cleanup
debug3: mm_request_receive: entering
debug3: mm_request_receive: monitor fd closed
debug1: mm_reap: child exited with status 255
debug1: do_cleanup
debug3: BSM audit: typ 0 rc 0 "sshd logout charlesabrooker"
debug3: BSM audit: writing audit new record
BSM audit: bsm_audit_record failed to write "sshd logout charlesabrooker" record: Operation not permitted
debug1: fd 7 clearing O_NONBLOCK
debug2: fd 8 setting O_NONBLOCK
debug1: Forked child 80823.
debug1: rexec start in 7 out 7 newsock 7 config_s 8/9
debug1: sshd-session version OpenSSH_10.3, LibreSSL 3.3.6
debug2: server_accept_loop: child 80823 for connection from 127.0.0.1 to 127.0.0.1 received config
debug1: network sockets: 8, 8
debug2: fd 8 setting TCP_NODELAY
debug3: set_sock_tos: set socket 8 IP_TOS 0xb8
debug3: server_process_channel_timeouts: setting 0 timeouts
debug3: channel_clear_timeouts: clearing
debug3: BSM audit: connection from 127.0.0.1 port 65508
debug3: BSM audit: iptype 4 machine ID 0100007f 00000000 00000000 00000000
Connection from 127.0.0.1 port 65508 on 127.0.0.1 port 65101
debug2: fd 8 setting O_NONBLOCK
debug2: Network child is on pid 80867
debug3: preauth child monitor started
debug3: mm_request_receive: entering
debug3: monitor_read: checking request 51
debug1: mm_answer_state: config len 580
debug3: mm_request_send: entering, type 52
debug3: mm_answer_state: done
debug2: monitor_read: 51 used once, disabling now
debug1: sshd-auth version OpenSSH_10.3, LibreSSL 3.3.6 [preauth]
debug3: server_process_channel_timeouts: setting 0 timeouts [preauth]
debug3: channel_clear_timeouts: clearing [preauth]
debug3: fd 5 is O_NONBLOCK [preauth]
debug3: ssh_sandbox_init: preparing Darwin sandbox [preauth]
debug3: ssh_sandbox_child: starting Darwin sandbox [preauth]
debug1: list_hostkey_types: ssh-ed25519 [preauth]
debug1: Local version string SSH-2.0-OpenSSH_10.3 [preauth]
debug1: Remote protocol version 2.0, remote software version OpenSSH_10.3 [preauth]
debug1: compat_banner: match: OpenSSH_10.3 pat OpenSSH* compat 0x04000000 [preauth]
debug3: mm_sshkey_setcompat: entering [preauth]
debug3: mm_request_send: entering, type 18 [preauth]
debug3: send packet: type 20 [preauth]
debug1: SSH2_MSG_KEXINIT sent [preauth]
debug3: mm_request_receive: entering
debug3: monitor_read: checking request 18
debug3: mm_answer_setcompat: entering
debug2: monitor_read: 18 used once, disabling now
debug3: receive packet: type 20 [preauth]
debug1: SSH2_MSG_KEXINIT received [preauth]
debug2: local server KEXINIT proposal [preauth]
debug2: KEX algorithms: mlkem768x25519-sha256,sntrup761x25519-sha512,sntrup761x25519-sha512@openssh.com,curve25519-sha256,curve25519-sha256@libssh.org,ecdh-sha2-nistp256,ecdh-sha2-nistp384,ecdh-sha2-nistp521,ext-info-s,kex-strict-s-v00@openssh.com [preauth]
debug2: host key algorithms: ssh-ed25519 [preauth]
debug2: ciphers ctos: chacha20-poly1305@openssh.com,aes128-gcm@openssh.com,aes256-gcm@openssh.com,aes128-ctr,aes192-ctr,aes256-ctr [preauth]
debug2: ciphers stoc: chacha20-poly1305@openssh.com,aes128-gcm@openssh.com,aes256-gcm@openssh.com,aes128-ctr,aes192-ctr,aes256-ctr [preauth]
debug2: MACs ctos: umac-64-etm@openssh.com,umac-128-etm@openssh.com,hmac-sha2-256-etm@openssh.com,hmac-sha2-512-etm@openssh.com,hmac-sha1-etm@openssh.com,umac-64@openssh.com,umac-128@openssh.com,hmac-sha2-256,hmac-sha2-512,hmac-sha1 [preauth]
debug2: MACs stoc: umac-64-etm@openssh.com,umac-128-etm@openssh.com,hmac-sha2-256-etm@openssh.com,hmac-sha2-512-etm@openssh.com,hmac-sha1-etm@openssh.com,umac-64@openssh.com,umac-128@openssh.com,hmac-sha2-256,hmac-sha2-512,hmac-sha1 [preauth]
debug2: compression ctos: none,zlib@openssh.com [preauth]
debug2: compression stoc: none,zlib@openssh.com [preauth]
debug2: languages ctos:  [preauth]
debug2: languages stoc:  [preauth]
debug2: first_kex_follows 0  [preauth]
debug2: reserved 0  [preauth]
debug2: peer client KEXINIT proposal [preauth]
debug2: KEX algorithms: mlkem768x25519-sha256,sntrup761x25519-sha512,sntrup761x25519-sha512@openssh.com,curve25519-sha256,curve25519-sha256@libssh.org,ecdh-sha2-nistp256,ecdh-sha2-nistp384,ecdh-sha2-nistp521,diffie-hellman-group-exchange-sha256,diffie-hellman-group16-sha512,diffie-hellman-group18-sha512,diffie-hellman-group14-sha256,ext-info-c,kex-strict-c-v00@openssh.com [preauth]
debug2: host key algorithms: ssh-ed25519-cert-v01@openssh.com,ecdsa-sha2-nistp256-cert-v01@openssh.com,ecdsa-sha2-nistp384-cert-v01@openssh.com,ecdsa-sha2-nistp521-cert-v01@openssh.com,sk-ssh-ed25519-cert-v01@openssh.com,sk-ecdsa-sha2-nistp256-cert-v01@openssh.com,webauthn-sk-ecdsa-sha2-nistp256-cert-v01@openssh.com,rsa-sha2-512-cert-v01@openssh.com,rsa-sha2-256-cert-v01@openssh.com,ssh-ed25519,ecdsa-sha2-nistp256,ecdsa-sha2-nistp384,ecdsa-sha2-nistp521,sk-ssh-ed25519@openssh.com,sk-ecdsa-sha2-nistp256@openssh.com,webauthn-sk-ecdsa-sha2-nistp256@openssh.com,rsa-sha2-512,rsa-sha2-256 [preauth]
debug2: ciphers ctos: chacha20-poly1305@openssh.com,aes128-gcm@openssh.com,aes256-gcm@openssh.com,aes128-ctr,aes192-ctr,aes256-ctr [preauth]
debug2: ciphers stoc: chacha20-poly1305@openssh.com,aes128-gcm@openssh.com,aes256-gcm@openssh.com,aes128-ctr,aes192-ctr,aes256-ctr [preauth]
debug2: MACs ctos: umac-64-etm@openssh.com,umac-128-etm@openssh.com,hmac-sha2-256-etm@openssh.com,hmac-sha2-512-etm@openssh.com,hmac-sha1-etm@openssh.com,umac-64@openssh.com,umac-128@openssh.com,hmac-sha2-256,hmac-sha2-512,hmac-sha1 [preauth]
debug2: MACs stoc: umac-64-etm@openssh.com,umac-128-etm@openssh.com,hmac-sha2-256-etm@openssh.com,hmac-sha2-512-etm@openssh.com,hmac-sha1-etm@openssh.com,umac-64@openssh.com,umac-128@openssh.com,hmac-sha2-256,hmac-sha2-512,hmac-sha1 [preauth]
debug2: compression ctos: none,zlib@openssh.com [preauth]
debug2: compression stoc: none,zlib@openssh.com [preauth]
debug2: languages ctos:  [preauth]
debug2: languages stoc:  [preauth]
debug2: first_kex_follows 0  [preauth]
debug2: reserved 0  [preauth]
debug3: kex_choose_conf: will use strict KEX ordering [preauth]
debug1: kex: algorithm: mlkem768x25519-sha256 [preauth]
debug1: kex: host key algorithm: ssh-ed25519 [preauth]
debug1: kex: client->server cipher: chacha20-poly1305@openssh.com MAC: <implicit> compression: none [preauth]
debug1: kex: server->client cipher: chacha20-poly1305@openssh.com MAC: <implicit> compression: none [preauth]
debug1: expecting SSH2_MSG_KEX_ECDH_INIT [preauth]
debug3: receive packet: type 30 [preauth]
debug1: SSH2_MSG_KEX_ECDH_INIT received [preauth]
debug3: mm_sshkey_sign: entering [preauth]
debug3: mm_request_send: entering, type 6 [preauth]
debug3: mm_sshkey_sign: waiting for MONITOR_ANS_SIGN [preauth]
debug3: mm_request_receive_expect: entering, type 7 [preauth]
debug3: mm_request_receive: entering [preauth]
debug3: mm_request_receive: entering
debug3: monitor_read: checking request 6
debug3: mm_answer_sign: entering
debug1: mm_answer_sign: hostkey ssh-ed25519 index 0
debug3: mm_answer_sign: ssh-ed25519 KEX signature len=83
debug3: mm_request_send: entering, type 7
debug2: monitor_read: 6 used once, disabling now
debug3: mm_sshkey_sign: ssh-ed25519 signature len=83 [preauth]
debug3: send packet: type 31 [preauth]
debug3: send packet: type 21 [preauth]
debug1: ssh_packet_send2_wrapped: resetting send seqnr 3 [preauth]
debug2: ssh_set_newkeys: mode 1 [preauth]
debug1: rekey out after 134217728 blocks [preauth]
debug1: SSH2_MSG_NEWKEYS sent [preauth]
debug1: Sending SSH2_MSG_EXT_INFO [preauth]
debug3: send packet: type 7 [preauth]
debug1: expecting SSH2_MSG_NEWKEYS [preauth]
debug3: receive packet: type 21 [preauth]
debug1: ssh_packet_read_poll2: resetting read seqnr 3 [preauth]
debug1: SSH2_MSG_NEWKEYS received [preauth]
debug2: ssh_set_newkeys: mode 0 [preauth]
debug1: rekey in after 134217728 blocks [preauth]
debug2: KEX algorithms: mlkem768x25519-sha256,sntrup761x25519-sha512,sntrup761x25519-sha512@openssh.com,curve25519-sha256,curve25519-sha256@libssh.org,ecdh-sha2-nistp256,ecdh-sha2-nistp384,ecdh-sha2-nistp521,ext-info-s,kex-strict-s-v00@openssh.com [preauth]
debug2: host key algorithms: ssh-ed25519 [preauth]
debug2: ciphers ctos: chacha20-poly1305@openssh.com,aes128-gcm@openssh.com,aes256-gcm@openssh.com,aes128-ctr,aes192-ctr,aes256-ctr [preauth]
debug2: ciphers stoc: chacha20-poly1305@openssh.com,aes128-gcm@openssh.com,aes256-gcm@openssh.com,aes128-ctr,aes192-ctr,aes256-ctr [preauth]
debug2: MACs ctos: umac-64-etm@openssh.com,umac-128-etm@openssh.com,hmac-sha2-256-etm@openssh.com,hmac-sha2-512-etm@openssh.com,hmac-sha1-etm@openssh.com,umac-64@openssh.com,umac-128@openssh.com,hmac-sha2-256,hmac-sha2-512,hmac-sha1 [preauth]
debug2: MACs stoc: umac-64-etm@openssh.com,umac-128-etm@openssh.com,hmac-sha2-256-etm@openssh.com,hmac-sha2-512-etm@openssh.com,hmac-sha1-etm@openssh.com,umac-64@openssh.com,umac-128@openssh.com,hmac-sha2-256,hmac-sha2-512,hmac-sha1 [preauth]
debug2: compression ctos: none,zlib@openssh.com [preauth]
debug2: compression stoc: none,zlib@openssh.com [preauth]
debug2: languages ctos:  [preauth]
debug2: languages stoc:  [preauth]
debug2: first_kex_follows 0  [preauth]
debug2: reserved 0  [preauth]
debug1: KEX done [preauth]
debug3: receive packet: type 7 [preauth]
debug1: SSH2_MSG_EXT_INFO received [preauth]
debug3: kex_input_ext_info: extension ext-info-in-auth@openssh.com [preauth]
debug1: kex_ext_info_check_ver: ext-info-in-auth@openssh.com=<0> [preauth]
debug3: receive packet: type 5 [preauth]
debug3: send packet: type 6 [preauth]
debug3: receive packet: type 50 [preauth]
debug1: userauth-request for user charlesabrooker service ssh-connection method none [preauth]
debug1: attempt 0 failures 0 [preauth]
debug3: mm_getpwnamallow: entering [preauth]
debug3: mm_request_send: entering, type 8 [preauth]
debug3: mm_getpwnamallow: waiting for MONITOR_ANS_PWNAM [preauth]
debug3: mm_request_receive_expect: entering, type 9 [preauth]
debug3: mm_request_receive: entering [preauth]
debug3: mm_request_receive: entering
debug3: monitor_read: checking request 8
debug3: mm_answer_pwnamallow: entering
debug2: parse_server_config_depth: config reprocess config len 580
debug3: auth2_setup_methods_lists: checking methods
debug1: authentication methods list 0: publickey
debug3: mm_answer_pwnamallow: sending MONITOR_ANS_PWNAM: 1
debug3: mm_request_send: entering, type 9
debug2: monitor_read: 8 used once, disabling now
debug3: server_process_channel_timeouts: setting 0 timeouts [preauth]
debug3: channel_clear_timeouts: clearing [preauth]
debug2: input_userauth_request: setting up authctxt for charlesabrooker [preauth]
debug3: mm_inform_authserv: entering [preauth]
debug3: mm_request_send: entering, type 4 [preauth]
debug1: kex_server_update_ext_info: Sending SSH2_MSG_EXT_INFO [preauth]
debug3: send packet: type 7 [preauth]
debug3: auth2_setup_methods_lists: checking methods [preauth]
debug1: authentication methods list 0: publickey [preauth]
debug3: authmethod_lookup: method none not allowed by AuthenticationMethods [preauth]
debug3: userauth_finish: failure partial=0 next methods="publickey" [preauth]
debug3: send packet: type 51 [preauth]
debug3: mm_request_receive: entering
debug3: monitor_read: checking request 4
debug3: mm_answer_authserv: service=ssh-connection, style=
debug2: monitor_read: 4 used once, disabling now
debug3: receive packet: type 50 [preauth]
debug1: userauth-request for user charlesabrooker service ssh-connection method publickey [preauth]
debug1: attempt 1 failures 0 [preauth]
debug2: input_userauth_request: try method publickey [preauth]
debug2: userauth_pubkey: valid user charlesabrooker querying public key ssh-ed25519 AAAAC3NzaC1lZDI1NTE5AAAAIC29h5YAq/Tle+j2rirq6Xj2QUBhQHpieTMA6puP9ciD [preauth]
debug1: userauth_pubkey: publickey test pkalg ssh-ed25519 pkblob ED25519 SHA256:7sc69UbnYCiAFxuqzOSgt6nekJytNEARRE5FlH7yor0 [preauth]
debug3: mm_key_allowed: entering [preauth]
debug3: mm_request_send: entering, type 22 [preauth]
debug3: mm_key_allowed: waiting for MONITOR_ANS_KEYALLOWED [preauth]
debug3: mm_request_receive_expect: entering, type 23 [preauth]
debug3: mm_request_receive: entering [preauth]
debug3: mm_request_receive: entering
debug3: monitor_read: checking request 22
debug3: mm_answer_keyallowed: entering
debug1: temporarily_use_uid: 501/20 (e=501/20)
debug1: restore_uid: (unprivileged)
debug1: temporarily_use_uid: 501/20 (e=501/20)
debug1: trying public key file /Users/charlesabrooker/.no-mistakes/worktrees/32d18ed9638d/01M48YDAJ274FP0KSXR35TAEYY/.live-validation/remote/user.pub
debug1: fd 9 clearing O_NONBLOCK
debug1: /Users/charlesabrooker/.no-mistakes/worktrees/32d18ed9638d/01M48YDAJ274FP0KSXR35TAEYY/.live-validation/remote/user.pub:1: matching key found: ED25519 SHA256:7sc69UbnYCiAFxuqzOSgt6nekJytNEARRE5FlH7yor0
debug1: /Users/charlesabrooker/.no-mistakes/worktrees/32d18ed9638d/01M48YDAJ274FP0KSXR35TAEYY/.live-validation/remote/user.pub:1: key options: agent-forwarding port-forwarding pty user-rc x11-forwarding
debug3: /Users/charlesabrooker/.no-mistakes/worktrees/32d18ed9638d/01M48YDAJ274FP0KSXR35TAEYY/.live-validation/remote/user.pub:1: key options: agent-forwarding port-forwarding pty user-rc x11-forwarding
Accepted key ED25519 SHA256:7sc69UbnYCiAFxuqzOSgt6nekJytNEARRE5FlH7yor0 found at /Users/charlesabrooker/.no-mistakes/worktrees/32d18ed9638d/01M48YDAJ274FP0KSXR35TAEYY/.live-validation/remote/user.pub:1
debug2: auth_check_authkeys_file: /Users/charlesabrooker/.no-mistakes/worktrees/32d18ed9638d/01M48YDAJ274FP0KSXR35TAEYY/.live-validation/remote/user.pub: processed 1/1 lines
debug1: restore_uid: (unprivileged)
debug3: mm_answer_keyallowed: publickey authentication test: ED25519 key is allowed
debug3: mm_request_send: entering, type 23
debug3: send packet: type 60 [preauth]
debug2: userauth_pubkey: authenticated 0 pkalg ssh-ed25519 [preauth]
debug3: user_specific_delay: user specific delay 1.237ms [preauth]
debug3: ensure_minimum_time_since: elapsed 0.962ms, delaying 5.275ms (requested 6.237ms) [preauth]
Postponed publickey for charlesabrooker from 127.0.0.1 port 65508 ssh2 [preauth]
debug3: receive packet: type 50 [preauth]
debug1: userauth-request for user charlesabrooker service ssh-connection method publickey-hostbound-v00@openssh.com [preauth]
debug1: attempt 2 failures 0 [preauth]
debug2: input_userauth_request: try method publickey-hostbound-v00@openssh.com [preauth]
debug2: userauth_pubkey: valid user charlesabrooker attempting public key ssh-ed25519 AAAAC3NzaC1lZDI1NTE5AAAAIC29h5YAq/Tle+j2rirq6Xj2QUBhQHpieTMA6puP9ciD [preauth]
debug3: userauth_pubkey: publickey-hostbound-v00@openssh.com have ssh-ed25519 signature for ED25519 SHA256:7sc69UbnYCiAFxuqzOSgt6nekJytNEARRE5FlH7yor0 [preauth]
debug3: mm_key_allowed: entering [preauth]
debug3: mm_request_send: entering, type 22 [preauth]
debug3: mm_key_allowed: waiting for MONITOR_ANS_KEYALLOWED [preauth]
debug3: mm_request_receive_expect: entering, type 23 [preauth]
debug3: mm_request_receive: entering [preauth]
debug3: mm_request_receive: entering
debug3: monitor_read: checking request 22
debug3: mm_answer_keyallowed: entering
debug1: temporarily_use_uid: 501/20 (e=501/20)
debug1: restore_uid: (unprivileged)
debug1: temporarily_use_uid: 501/20 (e=501/20)
debug1: trying public key file /Users/charlesabrooker/.no-mistakes/worktrees/32d18ed9638d/01M48YDAJ274FP0KSXR35TAEYY/.live-validation/remote/user.pub
debug1: fd 9 clearing O_NONBLOCK
debug1: /Users/charlesabrooker/.no-mistakes/worktrees/32d18ed9638d/01M48YDAJ274FP0KSXR35TAEYY/.live-validation/remote/user.pub:1: matching key found: ED25519 SHA256:7sc69UbnYCiAFxuqzOSgt6nekJytNEARRE5FlH7yor0
debug1: /Users/charlesabrooker/.no-mistakes/worktrees/32d18ed9638d/01M48YDAJ274FP0KSXR35TAEYY/.live-validation/remote/user.pub:1: key options: agent-forwarding port-forwarding pty user-rc x11-forwarding
debug3: /Users/charlesabrooker/.no-mistakes/worktrees/32d18ed9638d/01M48YDAJ274FP0KSXR35TAEYY/.live-validation/remote/user.pub:1: key options: agent-forwarding port-forwarding pty user-rc x11-forwarding
Accepted key ED25519 SHA256:7sc69UbnYCiAFxuqzOSgt6nekJytNEARRE5FlH7yor0 found at /Users/charlesabrooker/.no-mistakes/worktrees/32d18ed9638d/01M48YDAJ274FP0KSXR35TAEYY/.live-validation/remote/user.pub:1
debug2: auth_check_authkeys_file: /Users/charlesabrooker/.no-mistakes/worktrees/32d18ed9638d/01M48YDAJ274FP0KSXR35TAEYY/.live-validation/remote/user.pub: processed 1/1 lines
debug1: restore_uid: (unprivileged)
debug3: mm_answer_keyallowed: publickey authentication: ED25519 key is allowed
debug3: mm_request_send: entering, type 23
debug3: mm_sshkey_verify: entering [preauth]
debug3: mm_request_send: entering, type 24 [preauth]
debug3: mm_sshkey_verify: waiting for MONITOR_ANS_KEYVERIFY [preauth]
debug3: mm_request_receive_expect: entering, type 25 [preauth]
debug3: mm_request_receive: entering [preauth]
debug3: mm_request_receive: entering
debug3: monitor_read: checking request 24
debug3: mm_answer_keyverify: publickey ED25519 signature using ssh-ed25519 verified
debug1: auth_activate_options: setting new authentication options
debug3: mm_request_send: entering, type 25
debug3: auth2_update_methods_lists: updating methods list after "publickey"
debug2: authentication methods list 0 complete
Accepted publickey for charlesabrooker from 127.0.0.1 port 65508 ssh2: ED25519 SHA256:7sc69UbnYCiAFxuqzOSgt6nekJytNEARRE5FlH7yor0
debug1: monitor_child_preauth: user charlesabrooker authenticated by privileged process
debug3: mm_get_keystate: Waiting for new keys
debug3: mm_request_receive_expect: entering, type 26
debug3: mm_request_receive: entering
debug3: mm_get_keystate: GOT new keys
debug1: auth_activate_options: setting new authentication options [preauth]
debug2: userauth_pubkey: authenticated 1 pkalg ssh-ed25519 [preauth]
debug3: user_specific_delay: user specific delay 1.237ms [preauth]
debug3: ensure_minimum_time_since: elapsed 1.553ms, delaying 4.684ms (requested 6.237ms) [preauth]
debug3: auth2_update_methods_lists: updating methods list after "publickey" [preauth]
debug2: authentication methods list 0 complete [preauth]
debug3: send packet: type 52 [preauth]
debug3: mm_request_send: entering, type 26 [preauth]
debug3: mm_send_keystate: Finished sending state [preauth]
debug1: monitor_read_log: child log fd closed
debug3: monitor_child_preauth: preauth child 80867 terminated successfully
debug2: server_accept_loop: child 80823 for connection from 127.0.0.1 to 127.0.0.1 auth done
debug1: child_close: enter (forcing)
BSM audit: bsm_audit_session_setup: setaudit_addr failed: Operation not permitted
debug3: BSM audit: typ 0 rc 0 "successful login charlesabrooker"
debug3: BSM audit: writing audit new record
BSM audit: bsm_audit_record failed to write "successful login charlesabrooker" record: Operation not permitted
User child is on pid 81067
debug3: monitor_apply_keystate: packet_set_state
debug2: ssh_set_newkeys: mode 0
debug1: rekey in after 134217728 blocks
debug2: ssh_set_newkeys: mode 1
debug1: rekey out after 134217728 blocks
debug1: ssh_packet_set_postauth: called
debug3: ssh_packet_set_state: done
debug3: notify_hostkeys: key 0: ssh-ed25519 SHA256:WwiWglN1fa9aE2Tl8g9MALW85mRMZENG58raojQZH9g
debug3: notify_hostkeys: sent 1 hostkeys
debug3: send packet: type 80
debug1: active: key options: agent-forwarding port-forwarding pty user-rc x11-forwarding
debug3: sending debug message: /Users/charlesabrooker/.no-mistakes/worktrees/32d18ed9638d/01M48YDAJ274FP0KSXR35TAEYY/.live-validation/remote/user.pub:1: key options: agent-forwarding port-forwarding pty user-rc x11-forwarding
debug3: send packet: type 4
debug3: sending debug message: /Users/charlesabrooker/.no-mistakes/worktrees/32d18ed9638d/01M48YDAJ274FP0KSXR35TAEYY/.live-validation/remote/user.pub:1: key options: agent-forwarding port-forwarding pty user-rc x11-forwarding
debug3: send packet: type 4
debug1: Entering interactive session for SSH2.
debug1: server_init_dispatch
debug3: receive packet: type 90
debug1: server_input_channel_open: ctype session rchan 0 win 2097152 max 32768
debug1: input_session_request
debug1: channel 0: new session [server-session] (inactive timeout: 0)
debug2: session_new: allocate (allocated 0 max 10)
debug3: session_unused: session id 0 unused
debug1: session_new: session 0
debug1: session_open: channel 0
debug1: session_open: session 0: link with channel 0
debug1: server_input_channel_open: confirm session
debug3: send packet: type 91
debug3: receive packet: type 80
debug1: server_input_global_request: rtype no-more-sessions@openssh.com want_reply 0
debug2: process_output: session QoS is now interactive
debug3: set_sock_tos: set socket 8 IP_TOS 0xb8
debug3: receive packet: type 98
debug1: server_input_channel_req: channel 0 request env reply 0
debug1: session_by_channel: session 0 channel 0
debug1: session_input_channel_req: session 0 req env
debug2: Ignoring env request LANG: disallowed name
debug3: receive packet: type 98
debug1: server_input_channel_req: channel 0 request exec reply 1
debug1: session_by_channel: session 0 channel 0
debug1: session_input_channel_req: session 0 req exec
debug2: channel_set_xtype: labeled channel 0 as session:command (inactive timeout 0)
Starting session: command for charlesabrooker from 127.0.0.1 port 65508 id 0
debug3: mm_audit_run_command: entering command /usr/bin/env FM_REMOTE_JOB_PLATFORM_OVERRIDE=Linux FM_REMOTE_JOB_STATE_ROOT=/Users/charlesabrooker/.no-mistakes/worktrees/32d18ed9638d/01M48YDAJ274FP0KSXR35TAEYY/.live-validation/remote/jobs /Users/charlesabrooker/.no-mistakes/worktrees/32d18ed9638d/01M48YDAJ274FP0KSXR35TAEYY/.live-validation/remote/checkout/bin/fm-remote-entrypoint.sh 1 L1VzZXJzL2NoYXJsZXNhYnJvb2tlci8ubm8tbWlzdGFrZXMvd29ya3RyZWVzLzMyZDE4ZWQ5NjM4ZC8wMU00OFlEQUoyNzRGUDBLU1hSMzVUQUVZWS8ubGl2ZS12YWxpZGF0aW9uL3JlbW90ZS9jaGVja291dA== L1VzZXJzL2NoYXJsZXNhYnJvb2tlci8ubm8tbWlzdGFrZXMvd29ya3RyZWVzLzMyZDE4ZWQ5NjM4ZC8wMU00OFlEQUoyNzRGUDBLU1hSMzVUQUVZWS8ubGl2ZS12YWxpZGF0aW9uL3JlbW90ZS9tYXRl Zm0tcmVtb3RlLWRlbHRhLXJlYWQuc2gAc3RhdGUvcGFyZW50LXJlcGxpZXMuc3RhdHVzADAAZTNiMGM0NDI5OGZjMWMxNDlhZmJmNGM4OTk2ZmI5MjQyN2FlNDFlNDY0OWI5MzRjYTQ5NTk5MWI3ODUyYjg1NQAyAA==
debug3: mm_request_send: entering, type 113
debug3: mm_request_receive: entering
debug3: monitor_read: checking request 113
debug3: mm_answer_audit_command: entering
debug2: fd 15 setting O_NONBLOCK
debug2: fd 14 setting O_NONBLOCK
debug2: fd 17 setting O_NONBLOCK
debug3: send packet: type 99
debug2: process_output: session QoS is now non-interactive
debug3: set_sock_tos: set socket 8 IP_TOS 0x00
debug3: receive packet: type 96
debug2: channel 0: rcvd eof
debug2: channel 0: output open -> drain
debug2: channel 0: obuf empty
debug2: chan_shutdown_write: channel 0: (i0 o1 sock -1 wfd 14 efd 17 [read])
debug2: channel 0: output drain -> closed
debug2: channel 0: read 34 from efd 17
debug2: channel 0: rwin 2097152 elen 34 euse 1
debug2: channel 0: sent ext data 34
debug2: channel 0: read failed rfd 15 maxlen 32768: Broken pipe
debug2: channel 0: read failed
debug2: chan_shutdown_read: channel 0: (i0 o3 sock -1 wfd 15 efd 17 [read])
debug2: channel 0: input open -> drain
debug2: channel 0: read 0 from efd 17
debug2: channel 0: closing read-efd 17
debug2: channel 0: ibuf empty
debug2: channel 0: send eof
debug3: send packet: type 96
debug2: channel 0: input drain -> closed
debug1: Received SIGCHLD.
debug1: session_by_pid: pid 81076
debug2: channel 0: request exit-status confirm 0
debug3: send packet: type 98
debug1: session_exit_message: session 0 channel 0 pid 81076 exit 0
debug1: session_exit_message: release channel 0
debug2: channel 0: send_close2
debug2: channel 0: send close for remote id 0
debug3: send packet: type 97
debug3: channel 0: will not send data after close
debug3: receive packet: type 97
debug2: channel 0: rcvd close
debug3: receive packet: type 1
Received disconnect from 127.0.0.1 port 65508:11: disconnected by user
Disconnected from user charlesabrooker 127.0.0.1 port 65508
debug1: do_cleanup
debug3: mm_request_receive: entering
debug3: mm_request_receive: monitor fd closed
debug1: mm_reap: child exited with status 255
debug1: do_cleanup
debug3: BSM audit: typ 0 rc 0 "sshd logout charlesabrooker"
debug3: BSM audit: writing audit new record
BSM audit: bsm_audit_record failed to write "sshd logout charlesabrooker" record: Operation not permitted
debug1: fd 7 clearing O_NONBLOCK
debug2: fd 8 setting O_NONBLOCK
debug1: Forked child 4675.
debug1: rexec start in 7 out 7 newsock 7 config_s 8/9
debug1: sshd-session version OpenSSH_10.3, LibreSSL 3.3.6
debug2: server_accept_loop: child 4675 for connection from 127.0.0.1 to 127.0.0.1 received config
debug1: network sockets: 8, 8
debug2: fd 8 setting TCP_NODELAY
debug3: set_sock_tos: set socket 8 IP_TOS 0xb8
debug3: server_process_channel_timeouts: setting 0 timeouts
debug3: channel_clear_timeouts: clearing
debug3: BSM audit: connection from 127.0.0.1 port 65527
debug3: BSM audit: iptype 4 machine ID 0100007f 00000000 00000000 00000000
Connection from 127.0.0.1 port 65527 on 127.0.0.1 port 65101
debug2: fd 8 setting O_NONBLOCK
debug2: Network child is on pid 4710
debug3: preauth child monitor started
debug3: mm_request_receive: entering
debug3: monitor_read: checking request 51
debug1: mm_answer_state: config len 580
debug3: mm_request_send: entering, type 52
debug3: mm_answer_state: done
debug2: monitor_read: 51 used once, disabling now
debug1: sshd-auth version OpenSSH_10.3, LibreSSL 3.3.6 [preauth]
debug3: server_process_channel_timeouts: setting 0 timeouts [preauth]
debug3: channel_clear_timeouts: clearing [preauth]
debug3: fd 5 is O_NONBLOCK [preauth]
debug3: ssh_sandbox_init: preparing Darwin sandbox [preauth]
debug3: ssh_sandbox_child: starting Darwin sandbox [preauth]
debug1: list_hostkey_types: ssh-ed25519 [preauth]
debug1: Local version string SSH-2.0-OpenSSH_10.3 [preauth]
debug1: Remote protocol version 2.0, remote software version OpenSSH_10.3 [preauth]
debug1: compat_banner: match: OpenSSH_10.3 pat OpenSSH* compat 0x04000000 [preauth]
debug3: mm_sshkey_setcompat: entering [preauth]
debug3: mm_request_send: entering, type 18 [preauth]
debug3: send packet: type 20 [preauth]
debug1: SSH2_MSG_KEXINIT sent [preauth]
debug3: mm_request_receive: entering
debug3: monitor_read: checking request 18
debug3: mm_answer_setcompat: entering
debug2: monitor_read: 18 used once, disabling now
debug3: receive packet: type 20 [preauth]
debug1: SSH2_MSG_KEXINIT received [preauth]
debug2: local server KEXINIT proposal [preauth]
debug2: KEX algorithms: mlkem768x25519-sha256,sntrup761x25519-sha512,sntrup761x25519-sha512@openssh.com,curve25519-sha256,curve25519-sha256@libssh.org,ecdh-sha2-nistp256,ecdh-sha2-nistp384,ecdh-sha2-nistp521,ext-info-s,kex-strict-s-v00@openssh.com [preauth]
debug2: host key algorithms: ssh-ed25519 [preauth]
debug2: ciphers ctos: chacha20-poly1305@openssh.com,aes128-gcm@openssh.com,aes256-gcm@openssh.com,aes128-ctr,aes192-ctr,aes256-ctr [preauth]
debug2: ciphers stoc: chacha20-poly1305@openssh.com,aes128-gcm@openssh.com,aes256-gcm@openssh.com,aes128-ctr,aes192-ctr,aes256-ctr [preauth]
debug2: MACs ctos: umac-64-etm@openssh.com,umac-128-etm@openssh.com,hmac-sha2-256-etm@openssh.com,hmac-sha2-512-etm@openssh.com,hmac-sha1-etm@openssh.com,umac-64@openssh.com,umac-128@openssh.com,hmac-sha2-256,hmac-sha2-512,hmac-sha1 [preauth]
debug2: MACs stoc: umac-64-etm@openssh.com,umac-128-etm@openssh.com,hmac-sha2-256-etm@openssh.com,hmac-sha2-512-etm@openssh.com,hmac-sha1-etm@openssh.com,umac-64@openssh.com,umac-128@openssh.com,hmac-sha2-256,hmac-sha2-512,hmac-sha1 [preauth]
debug2: compression ctos: none,zlib@openssh.com [preauth]
debug2: compression stoc: none,zlib@openssh.com [preauth]
debug2: languages ctos:  [preauth]
debug2: languages stoc:  [preauth]
debug2: first_kex_follows 0  [preauth]
debug2: reserved 0  [preauth]
debug2: peer client KEXINIT proposal [preauth]
debug2: KEX algorithms: mlkem768x25519-sha256,sntrup761x25519-sha512,sntrup761x25519-sha512@openssh.com,curve25519-sha256,curve25519-sha256@libssh.org,ecdh-sha2-nistp256,ecdh-sha2-nistp384,ecdh-sha2-nistp521,diffie-hellman-group-exchange-sha256,diffie-hellman-group16-sha512,diffie-hellman-group18-sha512,diffie-hellman-group14-sha256,ext-info-c,kex-strict-c-v00@openssh.com [preauth]
debug2: host key algorithms: ssh-ed25519-cert-v01@openssh.com,ecdsa-sha2-nistp256-cert-v01@openssh.com,ecdsa-sha2-nistp384-cert-v01@openssh.com,ecdsa-sha2-nistp521-cert-v01@openssh.com,sk-ssh-ed25519-cert-v01@openssh.com,sk-ecdsa-sha2-nistp256-cert-v01@openssh.com,webauthn-sk-ecdsa-sha2-nistp256-cert-v01@openssh.com,rsa-sha2-512-cert-v01@openssh.com,rsa-sha2-256-cert-v01@openssh.com,ssh-ed25519,ecdsa-sha2-nistp256,ecdsa-sha2-nistp384,ecdsa-sha2-nistp521,sk-ssh-ed25519@openssh.com,sk-ecdsa-sha2-nistp256@openssh.com,webauthn-sk-ecdsa-sha2-nistp256@openssh.com,rsa-sha2-512,rsa-sha2-256 [preauth]
debug2: ciphers ctos: chacha20-poly1305@openssh.com,aes128-gcm@openssh.com,aes256-gcm@openssh.com,aes128-ctr,aes192-ctr,aes256-ctr [preauth]
debug2: ciphers stoc: chacha20-poly1305@openssh.com,aes128-gcm@openssh.com,aes256-gcm@openssh.com,aes128-ctr,aes192-ctr,aes256-ctr [preauth]
debug2: MACs ctos: umac-64-etm@openssh.com,umac-128-etm@openssh.com,hmac-sha2-256-etm@openssh.com,hmac-sha2-512-etm@openssh.com,hmac-sha1-etm@openssh.com,umac-64@openssh.com,umac-128@openssh.com,hmac-sha2-256,hmac-sha2-512,hmac-sha1 [preauth]
debug2: MACs stoc: umac-64-etm@openssh.com,umac-128-etm@openssh.com,hmac-sha2-256-etm@openssh.com,hmac-sha2-512-etm@openssh.com,hmac-sha1-etm@openssh.com,umac-64@openssh.com,umac-128@openssh.com,hmac-sha2-256,hmac-sha2-512,hmac-sha1 [preauth]
debug2: compression ctos: none,zlib@openssh.com [preauth]
debug2: compression stoc: none,zlib@openssh.com [preauth]
debug2: languages ctos:  [preauth]
debug2: languages stoc:  [preauth]
debug2: first_kex_follows 0  [preauth]
debug2: reserved 0  [preauth]
debug3: kex_choose_conf: will use strict KEX ordering [preauth]
debug1: kex: algorithm: mlkem768x25519-sha256 [preauth]
debug1: kex: host key algorithm: ssh-ed25519 [preauth]
debug1: kex: client->server cipher: chacha20-poly1305@openssh.com MAC: <implicit> compression: none [preauth]
debug1: kex: server->client cipher: chacha20-poly1305@openssh.com MAC: <implicit> compression: none [preauth]
debug1: expecting SSH2_MSG_KEX_ECDH_INIT [preauth]
debug3: receive packet: type 30 [preauth]
debug1: SSH2_MSG_KEX_ECDH_INIT received [preauth]
debug3: mm_sshkey_sign: entering [preauth]
debug3: mm_request_send: entering, type 6 [preauth]
debug3: mm_sshkey_sign: waiting for MONITOR_ANS_SIGN [preauth]
debug3: mm_request_receive_expect: entering, type 7 [preauth]
debug3: mm_request_receive: entering [preauth]
debug3: mm_request_receive: entering
debug3: monitor_read: checking request 6
debug3: mm_answer_sign: entering
debug1: mm_answer_sign: hostkey ssh-ed25519 index 0
debug3: mm_answer_sign: ssh-ed25519 KEX signature len=83
debug3: mm_request_send: entering, type 7
debug2: monitor_read: 6 used once, disabling now
debug3: mm_sshkey_sign: ssh-ed25519 signature len=83 [preauth]
debug3: send packet: type 31 [preauth]
debug3: send packet: type 21 [preauth]
debug1: ssh_packet_send2_wrapped: resetting send seqnr 3 [preauth]
debug2: ssh_set_newkeys: mode 1 [preauth]
debug1: rekey out after 134217728 blocks [preauth]
debug1: SSH2_MSG_NEWKEYS sent [preauth]
debug1: Sending SSH2_MSG_EXT_INFO [preauth]
debug3: send packet: type 7 [preauth]
debug1: expecting SSH2_MSG_NEWKEYS [preauth]
debug3: receive packet: type 21 [preauth]
debug1: ssh_packet_read_poll2: resetting read seqnr 3 [preauth]
debug1: SSH2_MSG_NEWKEYS received [preauth]
debug2: ssh_set_newkeys: mode 0 [preauth]
debug1: rekey in after 134217728 blocks [preauth]
debug2: KEX algorithms: mlkem768x25519-sha256,sntrup761x25519-sha512,sntrup761x25519-sha512@openssh.com,curve25519-sha256,curve25519-sha256@libssh.org,ecdh-sha2-nistp256,ecdh-sha2-nistp384,ecdh-sha2-nistp521,ext-info-s,kex-strict-s-v00@openssh.com [preauth]
debug2: host key algorithms: ssh-ed25519 [preauth]
debug2: ciphers ctos: chacha20-poly1305@openssh.com,aes128-gcm@openssh.com,aes256-gcm@openssh.com,aes128-ctr,aes192-ctr,aes256-ctr [preauth]
debug2: ciphers stoc: chacha20-poly1305@openssh.com,aes128-gcm@openssh.com,aes256-gcm@openssh.com,aes128-ctr,aes192-ctr,aes256-ctr [preauth]
debug2: MACs ctos: umac-64-etm@openssh.com,umac-128-etm@openssh.com,hmac-sha2-256-etm@openssh.com,hmac-sha2-512-etm@openssh.com,hmac-sha1-etm@openssh.com,umac-64@openssh.com,umac-128@openssh.com,hmac-sha2-256,hmac-sha2-512,hmac-sha1 [preauth]
debug2: MACs stoc: umac-64-etm@openssh.com,umac-128-etm@openssh.com,hmac-sha2-256-etm@openssh.com,hmac-sha2-512-etm@openssh.com,hmac-sha1-etm@openssh.com,umac-64@openssh.com,umac-128@openssh.com,hmac-sha2-256,hmac-sha2-512,hmac-sha1 [preauth]
debug2: compression ctos: none,zlib@openssh.com [preauth]
debug2: compression stoc: none,zlib@openssh.com [preauth]
debug2: languages ctos:  [preauth]
debug2: languages stoc:  [preauth]
debug2: first_kex_follows 0  [preauth]
debug2: reserved 0  [preauth]
debug1: KEX done [preauth]
debug3: receive packet: type 7 [preauth]
debug1: SSH2_MSG_EXT_INFO received [preauth]
debug3: kex_input_ext_info: extension ext-info-in-auth@openssh.com [preauth]
debug1: kex_ext_info_check_ver: ext-info-in-auth@openssh.com=<0> [preauth]
debug3: receive packet: type 5 [preauth]
debug3: send packet: type 6 [preauth]
debug3: receive packet: type 50 [preauth]
debug1: userauth-request for user charlesabrooker service ssh-connection method none [preauth]
debug1: attempt 0 failures 0 [preauth]
debug3: mm_getpwnamallow: entering [preauth]
debug3: mm_request_send: entering, type 8 [preauth]
debug3: mm_getpwnamallow: waiting for MONITOR_ANS_PWNAM [preauth]
debug3: mm_request_receive_expect: entering, type 9 [preauth]
debug3: mm_request_receive: entering [preauth]
debug3: mm_request_receive: entering
debug3: monitor_read: checking request 8
debug3: mm_answer_pwnamallow: entering
debug2: parse_server_config_depth: config reprocess config len 580
debug3: auth2_setup_methods_lists: checking methods
debug1: authentication methods list 0: publickey
debug3: mm_answer_pwnamallow: sending MONITOR_ANS_PWNAM: 1
debug3: mm_request_send: entering, type 9
debug2: monitor_read: 8 used once, disabling now
debug3: server_process_channel_timeouts: setting 0 timeouts [preauth]
debug3: channel_clear_timeouts: clearing [preauth]
debug2: input_userauth_request: setting up authctxt for charlesabrooker [preauth]
debug3: mm_inform_authserv: entering [preauth]
debug3: mm_request_send: entering, type 4 [preauth]
debug1: kex_server_update_ext_info: Sending SSH2_MSG_EXT_INFO [preauth]
debug3: send packet: type 7 [preauth]
debug3: auth2_setup_methods_lists: checking methods [preauth]
debug1: authentication methods list 0: publickey [preauth]
debug3: authmethod_lookup: method none not allowed by AuthenticationMethods [preauth]
debug3: userauth_finish: failure partial=0 next methods="publickey" [preauth]
debug3: send packet: type 51 [preauth]
debug3: mm_request_receive: entering
debug3: monitor_read: checking request 4
debug3: mm_answer_authserv: service=ssh-connection, style=
debug2: monitor_read: 4 used once, disabling now
debug3: receive packet: type 50 [preauth]
debug1: userauth-request for user charlesabrooker service ssh-connection method publickey [preauth]
debug1: attempt 1 failures 0 [preauth]
debug2: input_userauth_request: try method publickey [preauth]
debug2: userauth_pubkey: valid user charlesabrooker querying public key ssh-ed25519 AAAAC3NzaC1lZDI1NTE5AAAAIC29h5YAq/Tle+j2rirq6Xj2QUBhQHpieTMA6puP9ciD [preauth]
debug1: userauth_pubkey: publickey test pkalg ssh-ed25519 pkblob ED25519 SHA256:7sc69UbnYCiAFxuqzOSgt6nekJytNEARRE5FlH7yor0 [preauth]
debug3: mm_key_allowed: entering [preauth]
debug3: mm_request_send: entering, type 22 [preauth]
debug3: mm_key_allowed: waiting for MONITOR_ANS_KEYALLOWED [preauth]
debug3: mm_request_receive_expect: entering, type 23 [preauth]
debug3: mm_request_receive: entering [preauth]
debug3: mm_request_receive: entering
debug3: monitor_read: checking request 22
debug3: mm_answer_keyallowed: entering
debug1: temporarily_use_uid: 501/20 (e=501/20)
debug1: restore_uid: (unprivileged)
debug1: temporarily_use_uid: 501/20 (e=501/20)
debug1: trying public key file /Users/charlesabrooker/.no-mistakes/worktrees/32d18ed9638d/01M48YDAJ274FP0KSXR35TAEYY/.live-validation/remote/user.pub
debug1: fd 9 clearing O_NONBLOCK
debug1: /Users/charlesabrooker/.no-mistakes/worktrees/32d18ed9638d/01M48YDAJ274FP0KSXR35TAEYY/.live-validation/remote/user.pub:1: matching key found: ED25519 SHA256:7sc69UbnYCiAFxuqzOSgt6nekJytNEARRE5FlH7yor0
debug1: /Users/charlesabrooker/.no-mistakes/worktrees/32d18ed9638d/01M48YDAJ274FP0KSXR35TAEYY/.live-validation/remote/user.pub:1: key options: agent-forwarding port-forwarding pty user-rc x11-forwarding
debug3: /Users/charlesabrooker/.no-mistakes/worktrees/32d18ed9638d/01M48YDAJ274FP0KSXR35TAEYY/.live-validation/remote/user.pub:1: key options: agent-forwarding port-forwarding pty user-rc x11-forwarding
Accepted key ED25519 SHA256:7sc69UbnYCiAFxuqzOSgt6nekJytNEARRE5FlH7yor0 found at /Users/charlesabrooker/.no-mistakes/worktrees/32d18ed9638d/01M48YDAJ274FP0KSXR35TAEYY/.live-validation/remote/user.pub:1
debug2: auth_check_authkeys_file: /Users/charlesabrooker/.no-mistakes/worktrees/32d18ed9638d/01M48YDAJ274FP0KSXR35TAEYY/.live-validation/remote/user.pub: processed 1/1 lines
debug1: restore_uid: (unprivileged)
debug3: mm_answer_keyallowed: publickey authentication test: ED25519 key is allowed
debug3: mm_request_send: entering, type 23
debug3: send packet: type 60 [preauth]
debug2: userauth_pubkey: authenticated 0 pkalg ssh-ed25519 [preauth]
debug3: user_specific_delay: user specific delay 1.237ms [preauth]
debug3: ensure_minimum_time_since: elapsed 0.383ms, delaying 5.854ms (requested 6.237ms) [preauth]
Postponed publickey for charlesabrooker from 127.0.0.1 port 65527 ssh2 [preauth]
debug3: receive packet: type 50 [preauth]
debug1: userauth-request for user charlesabrooker service ssh-connection method publickey-hostbound-v00@openssh.com [preauth]
debug1: attempt 2 failures 0 [preauth]
debug2: input_userauth_request: try method publickey-hostbound-v00@openssh.com [preauth]
debug2: userauth_pubkey: valid user charlesabrooker attempting public key ssh-ed25519 AAAAC3NzaC1lZDI1NTE5AAAAIC29h5YAq/Tle+j2rirq6Xj2QUBhQHpieTMA6puP9ciD [preauth]
debug3: userauth_pubkey: publickey-hostbound-v00@openssh.com have ssh-ed25519 signature for ED25519 SHA256:7sc69UbnYCiAFxuqzOSgt6nekJytNEARRE5FlH7yor0 [preauth]
debug3: mm_key_allowed: entering [preauth]
debug3: mm_request_send: entering, type 22 [preauth]
debug3: mm_key_allowed: waiting for MONITOR_ANS_KEYALLOWED [preauth]
debug3: mm_request_receive_expect: entering, type 23 [preauth]
debug3: mm_request_receive: entering [preauth]
debug3: mm_request_receive: entering
debug3: monitor_read: checking request 22
debug3: mm_answer_keyallowed: entering
debug1: temporarily_use_uid: 501/20 (e=501/20)
debug1: restore_uid: (unprivileged)
debug1: temporarily_use_uid: 501/20 (e=501/20)
debug1: trying public key file /Users/charlesabrooker/.no-mistakes/worktrees/32d18ed9638d/01M48YDAJ274FP0KSXR35TAEYY/.live-validation/remote/user.pub
debug1: fd 9 clearing O_NONBLOCK
debug1: /Users/charlesabrooker/.no-mistakes/worktrees/32d18ed9638d/01M48YDAJ274FP0KSXR35TAEYY/.live-validation/remote/user.pub:1: matching key found: ED25519 SHA256:7sc69UbnYCiAFxuqzOSgt6nekJytNEARRE5FlH7yor0
debug1: /Users/charlesabrooker/.no-mistakes/worktrees/32d18ed9638d/01M48YDAJ274FP0KSXR35TAEYY/.live-validation/remote/user.pub:1: key options: agent-forwarding port-forwarding pty user-rc x11-forwarding
debug3: /Users/charlesabrooker/.no-mistakes/worktrees/32d18ed9638d/01M48YDAJ274FP0KSXR35TAEYY/.live-validation/remote/user.pub:1: key options: agent-forwarding port-forwarding pty user-rc x11-forwarding
Accepted key ED25519 SHA256:7sc69UbnYCiAFxuqzOSgt6nekJytNEARRE5FlH7yor0 found at /Users/charlesabrooker/.no-mistakes/worktrees/32d18ed9638d/01M48YDAJ274FP0KSXR35TAEYY/.live-validation/remote/user.pub:1
debug2: auth_check_authkeys_file: /Users/charlesabrooker/.no-mistakes/worktrees/32d18ed9638d/01M48YDAJ274FP0KSXR35TAEYY/.live-validation/remote/user.pub: processed 1/1 lines
debug1: restore_uid: (unprivileged)
debug3: mm_answer_keyallowed: publickey authentication: ED25519 key is allowed
debug3: mm_request_send: entering, type 23
debug3: mm_sshkey_verify: entering [preauth]
debug3: mm_request_send: entering, type 24 [preauth]
debug3: mm_sshkey_verify: waiting for MONITOR_ANS_KEYVERIFY [preauth]
debug3: mm_request_receive_expect: entering, type 25 [preauth]
debug3: mm_request_receive: entering [preauth]
debug3: mm_request_receive: entering
debug3: monitor_read: checking request 24
debug3: mm_answer_keyverify: publickey ED25519 signature using ssh-ed25519 verified
debug1: auth_activate_options: setting new authentication options
debug3: mm_request_send: entering, type 25
debug3: auth2_update_methods_lists: updating methods list after "publickey"
debug2: authentication methods list 0 complete
Accepted publickey for charlesabrooker from 127.0.0.1 port 65527 ssh2: ED25519 SHA256:7sc69UbnYCiAFxuqzOSgt6nekJytNEARRE5FlH7yor0
debug1: monitor_child_preauth: user charlesabrooker authenticated by privileged process
debug3: mm_get_keystate: Waiting for new keys
debug3: mm_request_receive_expect: entering, type 26
debug3: mm_request_receive: entering
debug3: mm_get_keystate: GOT new keys
debug1: auth_activate_options: setting new authentication options [preauth]
debug2: userauth_pubkey: authenticated 1 pkalg ssh-ed25519 [preauth]
debug3: user_specific_delay: user specific delay 1.237ms [preauth]
debug3: ensure_minimum_time_since: elapsed 1.853ms, delaying 4.384ms (requested 6.237ms) [preauth]
debug3: auth2_update_methods_lists: updating methods list after "publickey" [preauth]
debug2: authentication methods list 0 complete [preauth]
debug3: send packet: type 52 [preauth]
debug3: mm_request_send: entering, type 26 [preauth]
debug3: mm_send_keystate: Finished sending state [preauth]
debug1: monitor_read_log: child log fd closed
debug3: monitor_child_preauth: preauth child 4710 terminated successfully
BSM audit: bsm_audit_session_setup: setaudit_addr failed: Operation not permitted
debug2: server_accept_loop: child 4675 for connection from 127.0.0.1 to 127.0.0.1 auth done
debug1: child_close: enter (forcing)
debug3: BSM audit: typ 0 rc 0 "successful login charlesabrooker"
debug3: BSM audit: writing audit new record
BSM audit: bsm_audit_record failed to write "successful login charlesabrooker" record: Operation not permitted
User child is on pid 4949
debug3: monitor_apply_keystate: packet_set_state
debug2: ssh_set_newkeys: mode 0
debug1: rekey in after 134217728 blocks
debug2: ssh_set_newkeys: mode 1
debug1: rekey out after 134217728 blocks
debug1: ssh_packet_set_postauth: called
debug3: ssh_packet_set_state: done
debug3: notify_hostkeys: key 0: ssh-ed25519 SHA256:WwiWglN1fa9aE2Tl8g9MALW85mRMZENG58raojQZH9g
debug3: notify_hostkeys: sent 1 hostkeys
debug3: send packet: type 80
debug1: active: key options: agent-forwarding port-forwarding pty user-rc x11-forwarding
debug3: sending debug message: /Users/charlesabrooker/.no-mistakes/worktrees/32d18ed9638d/01M48YDAJ274FP0KSXR35TAEYY/.live-validation/remote/user.pub:1: key options: agent-forwarding port-forwarding pty user-rc x11-forwarding
debug3: send packet: type 4
debug3: sending debug message: /Users/charlesabrooker/.no-mistakes/worktrees/32d18ed9638d/01M48YDAJ274FP0KSXR35TAEYY/.live-validation/remote/user.pub:1: key options: agent-forwarding port-forwarding pty user-rc x11-forwarding
debug3: send packet: type 4
debug1: Entering interactive session for SSH2.
debug1: server_init_dispatch
debug3: receive packet: type 90
debug1: server_input_channel_open: ctype session rchan 0 win 2097152 max 32768
debug1: input_session_request
debug1: channel 0: new session [server-session] (inactive timeout: 0)
debug2: session_new: allocate (allocated 0 max 10)
debug3: session_unused: session id 0 unused
debug1: session_new: session 0
debug1: session_open: channel 0
debug1: session_open: session 0: link with channel 0
debug1: server_input_channel_open: confirm session
debug3: send packet: type 91
debug3: receive packet: type 80
debug1: server_input_global_request: rtype no-more-sessions@openssh.com want_reply 0
debug2: process_output: session QoS is now interactive
debug3: set_sock_tos: set socket 8 IP_TOS 0xb8
debug3: receive packet: type 98
debug1: server_input_channel_req: channel 0 request env reply 0
debug1: session_by_channel: session 0 channel 0
debug1: session_input_channel_req: session 0 req env
debug2: Ignoring env request LANG: disallowed name
debug3: receive packet: type 98
debug1: server_input_channel_req: channel 0 request exec reply 1
debug1: session_by_channel: session 0 channel 0
debug1: session_input_channel_req: session 0 req exec
debug2: channel_set_xtype: labeled channel 0 as session:command (inactive timeout 0)
Starting session: command for charlesabrooker from 127.0.0.1 port 65527 id 0
debug3: mm_audit_run_command: entering command /usr/bin/env FM_REMOTE_JOB_PLATFORM_OVERRIDE=Linux FM_REMOTE_JOB_STATE_ROOT=/Users/charlesabrooker/.no-mistakes/worktrees/32d18ed9638d/01M48YDAJ274FP0KSXR35TAEYY/.live-validation/remote/jobs /Users/charlesabrooker/.no-mistakes/worktrees/32d18ed9638d/01M48YDAJ274FP0KSXR35TAEYY/.live-validation/remote/checkout/bin/fm-remote-entrypoint.sh 1 L1VzZXJzL2NoYXJsZXNhYnJvb2tlci8ubm8tbWlzdGFrZXMvd29ya3RyZWVzLzMyZDE4ZWQ5NjM4ZC8wMU00OFlEQUoyNzRGUDBLU1hSMzVUQUVZWS8ubGl2ZS12YWxpZGF0aW9uL3JlbW90ZS9jaGVja291dA== L1VzZXJzL2NoYXJsZXNhYnJvb2tlci8ubm8tbWlzdGFrZXMvd29ya3RyZWVzLzMyZDE4ZWQ5NjM4ZC8wMU00OFlEQUoyNzRGUDBLU1hSMzVUQUVZWS8ubGl2ZS12YWxpZGF0aW9uL3JlbW90ZS9tYXRl Zm0tcmVtb3RlLWZpbGUuc2gAZ2V0AGRhdGEvcmVwbHkvcmVwbGF5Lm1kADI2MjE0NAA=
debug3: mm_request_send: entering, type 113
debug3: mm_request_receive: entering
debug3: monitor_read: checking request 113
debug3: mm_answer_audit_command: entering
debug2: fd 15 setting O_NONBLOCK
debug2: fd 14 setting O_NONBLOCK
debug2: fd 17 setting O_NONBLOCK
debug3: send packet: type 99
debug2: process_output: session QoS is now non-interactive
debug3: set_sock_tos: set socket 8 IP_TOS 0x00
debug3: receive packet: type 96
debug2: channel 0: rcvd eof
debug2: channel 0: output open -> drain
debug2: channel 0: obuf empty
debug2: chan_shutdown_write: channel 0: (i0 o1 sock -1 wfd 14 efd 17 [read])
debug2: channel 0: output drain -> closed
debug2: channel 0: read 34 from efd 17
debug2: channel 0: rwin 2097152 elen 34 euse 1
debug2: channel 0: sent ext data 34
debug2: channel 0: read 68 from efd 17
debug2: channel 0: rwin 2097118 elen 68 euse 1
debug2: channel 0: sent ext data 68
debug2: channel 0: read failed rfd 15 maxlen 32768: Broken pipe
debug2: channel 0: read failed
debug2: chan_shutdown_read: channel 0: (i0 o3 sock -1 wfd 15 efd 17 [read])
debug2: channel 0: input open -> drain
debug2: channel 0: read 0 from efd 17
debug2: channel 0: closing read-efd 17
debug2: channel 0: ibuf empty
debug2: channel 0: send eof
debug3: send packet: type 96
debug2: channel 0: input drain -> closed
debug1: Received SIGCHLD.
debug1: session_by_pid: pid 4952
debug2: channel 0: request exit-status confirm 0
debug3: send packet: type 98
debug1: session_exit_message: session 0 channel 0 pid 4952 exit 1
debug1: session_exit_message: release channel 0
debug2: channel 0: send_close2
debug2: channel 0: send close for remote id 0
debug3: send packet: type 97
debug3: channel 0: will not send data after close
debug3: receive packet: type 97
debug2: channel 0: rcvd close
debug3: receive packet: type 1
Received disconnect from 127.0.0.1 port 65527:11: disconnected by user
Disconnected from user charlesabrooker 127.0.0.1 port 65527
debug1: do_cleanup
debug3: mm_request_receive: entering
debug3: mm_request_receive: monitor fd closed
debug1: mm_reap: child exited with status 255
debug1: do_cleanup
debug3: BSM audit: typ 0 rc 0 "sshd logout charlesabrooker"
debug3: BSM audit: writing audit new record
BSM audit: bsm_audit_record failed to write "sshd logout charlesabrooker" record: Operation not permitted
debug1: fd 7 clearing O_NONBLOCK
debug2: fd 8 setting O_NONBLOCK
debug1: rexec start in 7 out 7 newsock 7 config_s 8/9
debug1: Forked child 93656.
debug1: sshd-session version OpenSSH_10.3, LibreSSL 3.3.6
debug2: server_accept_loop: child 93656 for connection from 127.0.0.1 to 127.0.0.1 received config
debug1: network sockets: 8, 8
debug2: fd 8 setting TCP_NODELAY
debug3: set_sock_tos: set socket 8 IP_TOS 0xb8
debug3: server_process_channel_timeouts: setting 0 timeouts
debug3: channel_clear_timeouts: clearing
debug3: BSM audit: connection from 127.0.0.1 port 49265
debug3: BSM audit: iptype 4 machine ID 0100007f 00000000 00000000 00000000
Connection from 127.0.0.1 port 49265 on 127.0.0.1 port 65101
debug2: fd 8 setting O_NONBLOCK
debug2: Network child is on pid 93732
debug3: preauth child monitor started
debug3: mm_request_receive: entering
debug3: monitor_read: checking request 51
debug1: mm_answer_state: config len 580
debug3: mm_request_send: entering, type 52
debug3: mm_answer_state: done
debug2: monitor_read: 51 used once, disabling now
debug1: sshd-auth version OpenSSH_10.3, LibreSSL 3.3.6 [preauth]
debug3: server_process_channel_timeouts: setting 0 timeouts [preauth]
debug3: channel_clear_timeouts: clearing [preauth]
debug3: fd 5 is O_NONBLOCK [preauth]
debug3: ssh_sandbox_init: preparing Darwin sandbox [preauth]
debug3: ssh_sandbox_child: starting Darwin sandbox [preauth]
debug1: list_hostkey_types: ssh-ed25519 [preauth]
debug1: Local version string SSH-2.0-OpenSSH_10.3 [preauth]
debug1: Remote protocol version 2.0, remote software version OpenSSH_10.3 [preauth]
debug1: compat_banner: match: OpenSSH_10.3 pat OpenSSH* compat 0x04000000 [preauth]
debug3: mm_sshkey_setcompat: entering [preauth]
debug3: mm_request_send: entering, type 18 [preauth]
debug3: send packet: type 20 [preauth]
debug1: SSH2_MSG_KEXINIT sent [preauth]
debug3: mm_request_receive: entering
debug3: monitor_read: checking request 18
debug3: mm_answer_setcompat: entering
debug2: monitor_read: 18 used once, disabling now
debug3: receive packet: type 20 [preauth]
debug1: SSH2_MSG_KEXINIT received [preauth]
debug2: local server KEXINIT proposal [preauth]
debug2: KEX algorithms: mlkem768x25519-sha256,sntrup761x25519-sha512,sntrup761x25519-sha512@openssh.com,curve25519-sha256,curve25519-sha256@libssh.org,ecdh-sha2-nistp256,ecdh-sha2-nistp384,ecdh-sha2-nistp521,ext-info-s,kex-strict-s-v00@openssh.com [preauth]
debug2: host key algorithms: ssh-ed25519 [preauth]
debug2: ciphers ctos: chacha20-poly1305@openssh.com,aes128-gcm@openssh.com,aes256-gcm@openssh.com,aes128-ctr,aes192-ctr,aes256-ctr [preauth]
debug2: ciphers stoc: chacha20-poly1305@openssh.com,aes128-gcm@openssh.com,aes256-gcm@openssh.com,aes128-ctr,aes192-ctr,aes256-ctr [preauth]
debug2: MACs ctos: umac-64-etm@openssh.com,umac-128-etm@openssh.com,hmac-sha2-256-etm@openssh.com,hmac-sha2-512-etm@openssh.com,hmac-sha1-etm@openssh.com,umac-64@openssh.com,umac-128@openssh.com,hmac-sha2-256,hmac-sha2-512,hmac-sha1 [preauth]
debug2: MACs stoc: umac-64-etm@openssh.com,umac-128-etm@openssh.com,hmac-sha2-256-etm@openssh.com,hmac-sha2-512-etm@openssh.com,hmac-sha1-etm@openssh.com,umac-64@openssh.com,umac-128@openssh.com,hmac-sha2-256,hmac-sha2-512,hmac-sha1 [preauth]
debug2: compression ctos: none,zlib@openssh.com [preauth]
debug2: compression stoc: none,zlib@openssh.com [preauth]
debug2: languages ctos:  [preauth]
debug2: languages stoc:  [preauth]
debug2: first_kex_follows 0  [preauth]
debug2: reserved 0  [preauth]
debug2: peer client KEXINIT proposal [preauth]
debug2: KEX algorithms: mlkem768x25519-sha256,sntrup761x25519-sha512,sntrup761x25519-sha512@openssh.com,curve25519-sha256,curve25519-sha256@libssh.org,ecdh-sha2-nistp256,ecdh-sha2-nistp384,ecdh-sha2-nistp521,diffie-hellman-group-exchange-sha256,diffie-hellman-group16-sha512,diffie-hellman-group18-sha512,diffie-hellman-group14-sha256,ext-info-c,kex-strict-c-v00@openssh.com [preauth]
debug2: host key algorithms: ssh-ed25519-cert-v01@openssh.com,ecdsa-sha2-nistp256-cert-v01@openssh.com,ecdsa-sha2-nistp384-cert-v01@openssh.com,ecdsa-sha2-nistp521-cert-v01@openssh.com,sk-ssh-ed25519-cert-v01@openssh.com,sk-ecdsa-sha2-nistp256-cert-v01@openssh.com,webauthn-sk-ecdsa-sha2-nistp256-cert-v01@openssh.com,rsa-sha2-512-cert-v01@openssh.com,rsa-sha2-256-cert-v01@openssh.com,ssh-ed25519,ecdsa-sha2-nistp256,ecdsa-sha2-nistp384,ecdsa-sha2-nistp521,sk-ssh-ed25519@openssh.com,sk-ecdsa-sha2-nistp256@openssh.com,webauthn-sk-ecdsa-sha2-nistp256@openssh.com,rsa-sha2-512,rsa-sha2-256 [preauth]
debug2: ciphers ctos: chacha20-poly1305@openssh.com,aes128-gcm@openssh.com,aes256-gcm@openssh.com,aes128-ctr,aes192-ctr,aes256-ctr [preauth]
debug2: ciphers stoc: chacha20-poly1305@openssh.com,aes128-gcm@openssh.com,aes256-gcm@openssh.com,aes128-ctr,aes192-ctr,aes256-ctr [preauth]
debug2: MACs ctos: umac-64-etm@openssh.com,umac-128-etm@openssh.com,hmac-sha2-256-etm@openssh.com,hmac-sha2-512-etm@openssh.com,hmac-sha1-etm@openssh.com,umac-64@openssh.com,umac-128@openssh.com,hmac-sha2-256,hmac-sha2-512,hmac-sha1 [preauth]
debug2: MACs stoc: umac-64-etm@openssh.com,umac-128-etm@openssh.com,hmac-sha2-256-etm@openssh.com,hmac-sha2-512-etm@openssh.com,hmac-sha1-etm@openssh.com,umac-64@openssh.com,umac-128@openssh.com,hmac-sha2-256,hmac-sha2-512,hmac-sha1 [preauth]
debug2: compression ctos: none,zlib@openssh.com [preauth]
debug2: compression stoc: none,zlib@openssh.com [preauth]
debug2: languages ctos:  [preauth]
debug2: languages stoc:  [preauth]
debug2: first_kex_follows 0  [preauth]
debug2: reserved 0  [preauth]
debug3: kex_choose_conf: will use strict KEX ordering [preauth]
debug1: kex: algorithm: mlkem768x25519-sha256 [preauth]
debug1: kex: host key algorithm: ssh-ed25519 [preauth]
debug1: kex: client->server cipher: chacha20-poly1305@openssh.com MAC: <implicit> compression: none [preauth]
debug1: kex: server->client cipher: chacha20-poly1305@openssh.com MAC: <implicit> compression: none [preauth]
debug1: expecting SSH2_MSG_KEX_ECDH_INIT [preauth]
debug3: receive packet: type 30 [preauth]
debug1: SSH2_MSG_KEX_ECDH_INIT received [preauth]
debug3: mm_sshkey_sign: entering [preauth]
debug3: mm_request_send: entering, type 6 [preauth]
debug3: mm_sshkey_sign: waiting for MONITOR_ANS_SIGN [preauth]
debug3: mm_request_receive_expect: entering, type 7 [preauth]
debug3: mm_request_receive: entering [preauth]
debug3: mm_request_receive: entering
debug3: monitor_read: checking request 6
debug3: mm_answer_sign: entering
debug1: mm_answer_sign: hostkey ssh-ed25519 index 0
debug3: mm_answer_sign: ssh-ed25519 KEX signature len=83
debug3: mm_request_send: entering, type 7
debug2: monitor_read: 6 used once, disabling now
debug3: mm_sshkey_sign: ssh-ed25519 signature len=83 [preauth]
debug3: send packet: type 31 [preauth]
debug3: send packet: type 21 [preauth]
debug1: ssh_packet_send2_wrapped: resetting send seqnr 3 [preauth]
debug2: ssh_set_newkeys: mode 1 [preauth]
debug1: rekey out after 134217728 blocks [preauth]
debug1: SSH2_MSG_NEWKEYS sent [preauth]
debug1: Sending SSH2_MSG_EXT_INFO [preauth]
debug3: send packet: type 7 [preauth]
debug1: expecting SSH2_MSG_NEWKEYS [preauth]
debug3: receive packet: type 21 [preauth]
debug1: ssh_packet_read_poll2: resetting read seqnr 3 [preauth]
debug1: SSH2_MSG_NEWKEYS received [preauth]
debug2: ssh_set_newkeys: mode 0 [preauth]
debug1: rekey in after 134217728 blocks [preauth]
debug2: KEX algorithms: mlkem768x25519-sha256,sntrup761x25519-sha512,sntrup761x25519-sha512@openssh.com,curve25519-sha256,curve25519-sha256@libssh.org,ecdh-sha2-nistp256,ecdh-sha2-nistp384,ecdh-sha2-nistp521,ext-info-s,kex-strict-s-v00@openssh.com [preauth]
debug2: host key algorithms: ssh-ed25519 [preauth]
debug2: ciphers ctos: chacha20-poly1305@openssh.com,aes128-gcm@openssh.com,aes256-gcm@openssh.com,aes128-ctr,aes192-ctr,aes256-ctr [preauth]
debug2: ciphers stoc: chacha20-poly1305@openssh.com,aes128-gcm@openssh.com,aes256-gcm@openssh.com,aes128-ctr,aes192-ctr,aes256-ctr [preauth]
debug2: MACs ctos: umac-64-etm@openssh.com,umac-128-etm@openssh.com,hmac-sha2-256-etm@openssh.com,hmac-sha2-512-etm@openssh.com,hmac-sha1-etm@openssh.com,umac-64@openssh.com,umac-128@openssh.com,hmac-sha2-256,hmac-sha2-512,hmac-sha1 [preauth]
debug2: MACs stoc: umac-64-etm@openssh.com,umac-128-etm@openssh.com,hmac-sha2-256-etm@openssh.com,hmac-sha2-512-etm@openssh.com,hmac-sha1-etm@openssh.com,umac-64@openssh.com,umac-128@openssh.com,hmac-sha2-256,hmac-sha2-512,hmac-sha1 [preauth]
debug2: compression ctos: none,zlib@openssh.com [preauth]
debug2: compression stoc: none,zlib@openssh.com [preauth]
debug2: languages ctos:  [preauth]
debug2: languages stoc:  [preauth]
debug2: first_kex_follows 0  [preauth]
debug2: reserved 0  [preauth]
debug1: KEX done [preauth]
debug3: receive packet: type 7 [preauth]
debug1: SSH2_MSG_EXT_INFO received [preauth]
debug3: kex_input_ext_info: extension ext-info-in-auth@openssh.com [preauth]
debug1: kex_ext_info_check_ver: ext-info-in-auth@openssh.com=<0> [preauth]
debug3: receive packet: type 5 [preauth]
debug3: send packet: type 6 [preauth]
debug3: receive packet: type 50 [preauth]
debug1: userauth-request for user charlesabrooker service ssh-connection method none [preauth]
debug1: attempt 0 failures 0 [preauth]
debug3: mm_getpwnamallow: entering [preauth]
debug3: mm_request_send: entering, type 8 [preauth]
debug3: mm_getpwnamallow: waiting for MONITOR_ANS_PWNAM [preauth]
debug3: mm_request_receive_expect: entering, type 9 [preauth]
debug3: mm_request_receive: entering [preauth]
debug3: mm_request_receive: entering
debug3: monitor_read: checking request 8
debug3: mm_answer_pwnamallow: entering
debug2: parse_server_config_depth: config reprocess config len 580
debug3: auth2_setup_methods_lists: checking methods
debug1: authentication methods list 0: publickey
debug3: mm_answer_pwnamallow: sending MONITOR_ANS_PWNAM: 1
debug3: mm_request_send: entering, type 9
debug2: monitor_read: 8 used once, disabling now
debug3: server_process_channel_timeouts: setting 0 timeouts [preauth]
debug3: channel_clear_timeouts: clearing [preauth]
debug2: input_userauth_request: setting up authctxt for charlesabrooker [preauth]
debug3: mm_inform_authserv: entering [preauth]
debug3: mm_request_send: entering, type 4 [preauth]
debug1: kex_server_update_ext_info: Sending SSH2_MSG_EXT_INFO [preauth]
debug3: send packet: type 7 [preauth]
debug3: auth2_setup_methods_lists: checking methods [preauth]
debug1: authentication methods list 0: publickey [preauth]
debug3: authmethod_lookup: method none not allowed by AuthenticationMethods [preauth]
debug3: userauth_finish: failure partial=0 next methods="publickey" [preauth]
debug3: send packet: type 51 [preauth]
debug3: mm_request_receive: entering
debug3: monitor_read: checking request 4
debug3: mm_answer_authserv: service=ssh-connection, style=
debug2: monitor_read: 4 used once, disabling now
debug3: receive packet: type 50 [preauth]
debug1: userauth-request for user charlesabrooker service ssh-connection method publickey [preauth]
debug1: attempt 1 failures 0 [preauth]
debug2: input_userauth_request: try method publickey [preauth]
debug2: userauth_pubkey: valid user charlesabrooker querying public key ssh-ed25519 AAAAC3NzaC1lZDI1NTE5AAAAIC29h5YAq/Tle+j2rirq6Xj2QUBhQHpieTMA6puP9ciD [preauth]
debug1: userauth_pubkey: publickey test pkalg ssh-ed25519 pkblob ED25519 SHA256:7sc69UbnYCiAFxuqzOSgt6nekJytNEARRE5FlH7yor0 [preauth]
debug3: mm_key_allowed: entering [preauth]
debug3: mm_request_send: entering, type 22 [preauth]
debug3: mm_key_allowed: waiting for MONITOR_ANS_KEYALLOWED [preauth]
debug3: mm_request_receive_expect: entering, type 23 [preauth]
debug3: mm_request_receive: entering [preauth]
debug3: mm_request_receive: entering
debug3: monitor_read: checking request 22
debug3: mm_answer_keyallowed: entering
debug1: temporarily_use_uid: 501/20 (e=501/20)
debug1: restore_uid: (unprivileged)
debug1: temporarily_use_uid: 501/20 (e=501/20)
debug1: trying public key file /Users/charlesabrooker/.no-mistakes/worktrees/32d18ed9638d/01M48YDAJ274FP0KSXR35TAEYY/.live-validation/remote/user.pub
debug1: fd 9 clearing O_NONBLOCK
debug1: /Users/charlesabrooker/.no-mistakes/worktrees/32d18ed9638d/01M48YDAJ274FP0KSXR35TAEYY/.live-validation/remote/user.pub:1: matching key found: ED25519 SHA256:7sc69UbnYCiAFxuqzOSgt6nekJytNEARRE5FlH7yor0
debug1: /Users/charlesabrooker/.no-mistakes/worktrees/32d18ed9638d/01M48YDAJ274FP0KSXR35TAEYY/.live-validation/remote/user.pub:1: key options: agent-forwarding port-forwarding pty user-rc x11-forwarding
debug3: /Users/charlesabrooker/.no-mistakes/worktrees/32d18ed9638d/01M48YDAJ274FP0KSXR35TAEYY/.live-validation/remote/user.pub:1: key options: agent-forwarding port-forwarding pty user-rc x11-forwarding
Accepted key ED25519 SHA256:7sc69UbnYCiAFxuqzOSgt6nekJytNEARRE5FlH7yor0 found at /Users/charlesabrooker/.no-mistakes/worktrees/32d18ed9638d/01M48YDAJ274FP0KSXR35TAEYY/.live-validation/remote/user.pub:1
debug2: auth_check_authkeys_file: /Users/charlesabrooker/.no-mistakes/worktrees/32d18ed9638d/01M48YDAJ274FP0KSXR35TAEYY/.live-validation/remote/user.pub: processed 1/1 lines
debug1: restore_uid: (unprivileged)
debug3: mm_answer_keyallowed: publickey authentication test: ED25519 key is allowed
debug3: mm_request_send: entering, type 23
debug3: send packet: type 60 [preauth]
debug2: userauth_pubkey: authenticated 0 pkalg ssh-ed25519 [preauth]
debug3: user_specific_delay: user specific delay 1.237ms [preauth]
debug3: ensure_minimum_time_since: elapsed 0.488ms, delaying 5.749ms (requested 6.237ms) [preauth]
Postponed publickey for charlesabrooker from 127.0.0.1 port 49265 ssh2 [preauth]
debug3: receive packet: type 50 [preauth]
debug1: userauth-request for user charlesabrooker service ssh-connection method publickey-hostbound-v00@openssh.com [preauth]
debug1: attempt 2 failures 0 [preauth]
debug2: input_userauth_request: try method publickey-hostbound-v00@openssh.com [preauth]
debug2: userauth_pubkey: valid user charlesabrooker attempting public key ssh-ed25519 AAAAC3NzaC1lZDI1NTE5AAAAIC29h5YAq/Tle+j2rirq6Xj2QUBhQHpieTMA6puP9ciD [preauth]
debug3: userauth_pubkey: publickey-hostbound-v00@openssh.com have ssh-ed25519 signature for ED25519 SHA256:7sc69UbnYCiAFxuqzOSgt6nekJytNEARRE5FlH7yor0 [preauth]
debug3: mm_key_allowed: entering [preauth]
debug3: mm_request_send: entering, type 22 [preauth]
debug3: mm_key_allowed: waiting for MONITOR_ANS_KEYALLOWED [preauth]
debug3: mm_request_receive_expect: entering, type 23 [preauth]
debug3: mm_request_receive: entering [preauth]
debug3: mm_request_receive: entering
debug3: monitor_read: checking request 22
debug3: mm_answer_keyallowed: entering
debug1: temporarily_use_uid: 501/20 (e=501/20)
debug1: restore_uid: (unprivileged)
debug1: temporarily_use_uid: 501/20 (e=501/20)
debug1: trying public key file /Users/charlesabrooker/.no-mistakes/worktrees/32d18ed9638d/01M48YDAJ274FP0KSXR35TAEYY/.live-validation/remote/user.pub
debug1: fd 9 clearing O_NONBLOCK
debug1: /Users/charlesabrooker/.no-mistakes/worktrees/32d18ed9638d/01M48YDAJ274FP0KSXR35TAEYY/.live-validation/remote/user.pub:1: matching key found: ED25519 SHA256:7sc69UbnYCiAFxuqzOSgt6nekJytNEARRE5FlH7yor0
debug1: /Users/charlesabrooker/.no-mistakes/worktrees/32d18ed9638d/01M48YDAJ274FP0KSXR35TAEYY/.live-validation/remote/user.pub:1: key options: agent-forwarding port-forwarding pty user-rc x11-forwarding
debug3: /Users/charlesabrooker/.no-mistakes/worktrees/32d18ed9638d/01M48YDAJ274FP0KSXR35TAEYY/.live-validation/remote/user.pub:1: key options: agent-forwarding port-forwarding pty user-rc x11-forwarding
Accepted key ED25519 SHA256:7sc69UbnYCiAFxuqzOSgt6nekJytNEARRE5FlH7yor0 found at /Users/charlesabrooker/.no-mistakes/worktrees/32d18ed9638d/01M48YDAJ274FP0KSXR35TAEYY/.live-validation/remote/user.pub:1
debug2: auth_check_authkeys_file: /Users/charlesabrooker/.no-mistakes/worktrees/32d18ed9638d/01M48YDAJ274FP0KSXR35TAEYY/.live-validation/remote/user.pub: processed 1/1 lines
debug1: restore_uid: (unprivileged)
debug3: mm_answer_keyallowed: publickey authentication: ED25519 key is allowed
debug3: mm_request_send: entering, type 23
debug3: mm_sshkey_verify: entering [preauth]
debug3: mm_request_send: entering, type 24 [preauth]
debug3: mm_sshkey_verify: waiting for MONITOR_ANS_KEYVERIFY [preauth]
debug3: mm_request_receive_expect: entering, type 25 [preauth]
debug3: mm_request_receive: entering [preauth]
debug3: mm_request_receive: entering
debug3: monitor_read: checking request 24
debug3: mm_answer_keyverify: publickey ED25519 signature using ssh-ed25519 verified
debug1: auth_activate_options: setting new authentication options
debug3: mm_request_send: entering, type 25
debug3: auth2_update_methods_lists: updating methods list after "publickey"
debug2: authentication methods list 0 complete
Accepted publickey for charlesabrooker from 127.0.0.1 port 49265 ssh2: ED25519 SHA256:7sc69UbnYCiAFxuqzOSgt6nekJytNEARRE5FlH7yor0
debug1: monitor_child_preauth: user charlesabrooker authenticated by privileged process
debug3: mm_get_keystate: Waiting for new keys
debug3: mm_request_receive_expect: entering, type 26
debug3: mm_request_receive: entering
debug3: mm_get_keystate: GOT new keys
debug1: auth_activate_options: setting new authentication options [preauth]
debug2: userauth_pubkey: authenticated 1 pkalg ssh-ed25519 [preauth]
debug3: user_specific_delay: user specific delay 1.237ms [preauth]
debug3: ensure_minimum_time_since: elapsed 1.645ms, delaying 4.592ms (requested 6.237ms) [preauth]
debug3: auth2_update_methods_lists: updating methods list after "publickey" [preauth]
debug2: authentication methods list 0 complete [preauth]
debug3: send packet: type 52 [preauth]
debug3: mm_request_send: entering, type 26 [preauth]
debug3: mm_send_keystate: Finished sending state [preauth]
debug1: monitor_read_log: child log fd closed
debug3: monitor_child_preauth: preauth child 93732 terminated successfully
debug2: server_accept_loop: child 93656 for connection from 127.0.0.1 to 127.0.0.1 auth done
debug1: child_close: enter (forcing)
BSM audit: bsm_audit_session_setup: setaudit_addr failed: Operation not permitted
debug3: BSM audit: typ 0 rc 0 "successful login charlesabrooker"
debug3: BSM audit: writing audit new record
BSM audit: bsm_audit_record failed to write "successful login charlesabrooker" record: Operation not permitted
User child is on pid 94090
debug3: monitor_apply_keystate: packet_set_state
debug2: ssh_set_newkeys: mode 0
debug1: rekey in after 134217728 blocks
debug2: ssh_set_newkeys: mode 1
debug1: rekey out after 134217728 blocks
debug1: ssh_packet_set_postauth: called
debug3: ssh_packet_set_state: done
debug3: notify_hostkeys: key 0: ssh-ed25519 SHA256:WwiWglN1fa9aE2Tl8g9MALW85mRMZENG58raojQZH9g
debug3: notify_hostkeys: sent 1 hostkeys
debug3: send packet: type 80
debug1: active: key options: agent-forwarding port-forwarding pty user-rc x11-forwarding
debug3: sending debug message: /Users/charlesabrooker/.no-mistakes/worktrees/32d18ed9638d/01M48YDAJ274FP0KSXR35TAEYY/.live-validation/remote/user.pub:1: key options: agent-forwarding port-forwarding pty user-rc x11-forwarding
debug3: send packet: type 4
debug3: sending debug message: /Users/charlesabrooker/.no-mistakes/worktrees/32d18ed9638d/01M48YDAJ274FP0KSXR35TAEYY/.live-validation/remote/user.pub:1: key options: agent-forwarding port-forwarding pty user-rc x11-forwarding
debug3: send packet: type 4
debug1: Entering interactive session for SSH2.
debug1: server_init_dispatch
debug3: receive packet: type 90
debug1: server_input_channel_open: ctype session rchan 0 win 2097152 max 32768
debug1: input_session_request
debug1: channel 0: new session [server-session] (inactive timeout: 0)
debug2: session_new: allocate (allocated 0 max 10)
debug3: session_unused: session id 0 unused
debug1: session_new: session 0
debug1: session_open: channel 0
debug1: session_open: session 0: link with channel 0
debug1: server_input_channel_open: confirm session
debug3: send packet: type 91
debug3: receive packet: type 80
debug1: server_input_global_request: rtype no-more-sessions@openssh.com want_reply 0
debug2: process_output: session QoS is now interactive
debug3: set_sock_tos: set socket 8 IP_TOS 0xb8
debug3: receive packet: type 98
debug1: server_input_channel_req: channel 0 request env reply 0
debug1: session_by_channel: session 0 channel 0
debug1: session_input_channel_req: session 0 req env
debug2: Ignoring env request LANG: disallowed name
debug3: receive packet: type 98
debug1: server_input_channel_req: channel 0 request exec reply 1
debug1: session_by_channel: session 0 channel 0
debug1: session_input_channel_req: session 0 req exec
debug2: channel_set_xtype: labeled channel 0 as session:command (inactive timeout 0)
Starting session: command for charlesabrooker from 127.0.0.1 port 49265 id 0
debug3: mm_audit_run_command: entering command /usr/bin/env FM_REMOTE_JOB_PLATFORM_OVERRIDE=Linux FM_REMOTE_JOB_STATE_ROOT=/Users/charlesabrooker/.no-mistakes/worktrees/32d18ed9638d/01M48YDAJ274FP0KSXR35TAEYY/.live-validation/remote/jobs /Users/charlesabrooker/.no-mistakes/worktrees/32d18ed9638d/01M48YDAJ274FP0KSXR35TAEYY/.live-validation/remote/checkout/bin/fm-remote-entrypoint.sh 1 L1VzZXJzL2NoYXJsZXNhYnJvb2tlci8ubm8tbWlzdGFrZXMvd29ya3RyZWVzLzMyZDE4ZWQ5NjM4ZC8wMU00OFlEQUoyNzRGUDBLU1hSMzVUQUVZWS8ubGl2ZS12YWxpZGF0aW9uL3JlbW90ZS9jaGVja291dA== L1VzZXJzL2NoYXJsZXNhYnJvb2tlci8ubm8tbWlzdGFrZXMvd29ya3RyZWVzLzMyZDE4ZWQ5NjM4ZC8wMU00OFlEQUoyNzRGUDBLU1hSMzVUQUVZWS8ubGl2ZS12YWxpZGF0aW9uL3JlbW90ZS9tYXRl Zm0tcmVtb3RlLWZpbGUuc2gAZ2V0AGRhdGEvcmVwbHkvcmVwbGF5Lm1kADI2MjE0NAA=
debug3: mm_request_send: entering, type 113
debug3: mm_request_receive: entering
debug3: monitor_read: checking request 113
debug3: mm_answer_audit_command: entering
debug2: fd 15 setting O_NONBLOCK
debug2: fd 14 setting O_NONBLOCK
debug2: fd 17 setting O_NONBLOCK
debug3: send packet: type 99
debug2: process_output: session QoS is now non-interactive
debug3: set_sock_tos: set socket 8 IP_TOS 0x00
debug3: receive packet: type 96
debug2: channel 0: rcvd eof
debug2: channel 0: output open -> drain
debug2: channel 0: obuf empty
debug2: chan_shutdown_write: channel 0: (i0 o1 sock -1 wfd 14 efd 17 [read])
debug2: channel 0: output drain -> closed
debug2: channel 0: read 34 from efd 17
debug2: channel 0: rwin 2097152 elen 34 euse 1
debug2: channel 0: sent ext data 34
debug2: channel 0: read failed rfd 15 maxlen 32768: Broken pipe
debug2: channel 0: read failed
debug2: chan_shutdown_read: channel 0: (i0 o3 sock -1 wfd 15 efd 17 [read])
debug2: channel 0: input open -> drain
debug2: channel 0: read 0 from efd 17
debug2: channel 0: closing read-efd 17
debug2: channel 0: ibuf empty
debug2: channel 0: send eof
debug3: send packet: type 96
debug2: channel 0: input drain -> closed
debug1: Received SIGCHLD.
debug1: session_by_pid: pid 94140
debug2: channel 0: request exit-status confirm 0
debug3: send packet: type 98
debug1: session_exit_message: session 0 channel 0 pid 94140 exit 0
debug1: session_exit_message: release channel 0
debug2: channel 0: send_close2
debug2: channel 0: send close for remote id 0
debug3: send packet: type 97
debug3: channel 0: will not send data after close
debug3: receive packet: type 97
debug2: channel 0: rcvd close
debug3: receive packet: type 1
Received disconnect from 127.0.0.1 port 49265:11: disconnected by user
Disconnected from user charlesabrooker 127.0.0.1 port 49265
debug1: do_cleanup
debug3: mm_request_receive: entering
debug3: mm_request_receive: monitor fd closed
debug1: mm_reap: child exited with status 255
debug1: do_cleanup
debug3: BSM audit: typ 0 rc 0 "sshd logout charlesabrooker"
debug3: BSM audit: writing audit new record
BSM audit: bsm_audit_record failed to write "sshd logout charlesabrooker" record: Operation not permitted
debug1: fd 7 clearing O_NONBLOCK
debug2: fd 8 setting O_NONBLOCK
debug1: Forked child 33060.
debug1: rexec start in 7 out 7 newsock 7 config_s 8/9
debug1: sshd-session version OpenSSH_10.3, LibreSSL 3.3.6
debug1: network sockets: 8, 8
debug2: server_accept_loop: child 33060 for connection from 127.0.0.1 to 127.0.0.1 received config
debug2: fd 8 setting TCP_NODELAY
debug3: set_sock_tos: set socket 8 IP_TOS 0xb8
debug3: server_process_channel_timeouts: setting 0 timeouts
debug3: channel_clear_timeouts: clearing
debug3: BSM audit: connection from 127.0.0.1 port 49315
debug3: BSM audit: iptype 4 machine ID 0100007f 00000000 00000000 00000000
Connection from 127.0.0.1 port 49315 on 127.0.0.1 port 65101
debug2: fd 8 setting O_NONBLOCK
debug2: Network child is on pid 33089
debug3: preauth child monitor started
debug3: mm_request_receive: entering
debug3: monitor_read: checking request 51
debug1: mm_answer_state: config len 580
debug3: mm_request_send: entering, type 52
debug3: mm_answer_state: done
debug2: monitor_read: 51 used once, disabling now
debug1: sshd-auth version OpenSSH_10.3, LibreSSL 3.3.6 [preauth]
debug3: server_process_channel_timeouts: setting 0 timeouts [preauth]
debug3: channel_clear_timeouts: clearing [preauth]
debug3: fd 5 is O_NONBLOCK [preauth]
debug3: ssh_sandbox_init: preparing Darwin sandbox [preauth]
debug3: ssh_sandbox_child: starting Darwin sandbox [preauth]
debug1: list_hostkey_types: ssh-ed25519 [preauth]
debug1: Local version string SSH-2.0-OpenSSH_10.3 [preauth]
debug1: Remote protocol version 2.0, remote software version OpenSSH_10.3 [preauth]
debug1: compat_banner: match: OpenSSH_10.3 pat OpenSSH* compat 0x04000000 [preauth]
debug3: mm_sshkey_setcompat: entering [preauth]
debug3: mm_request_send: entering, type 18 [preauth]
debug3: send packet: type 20 [preauth]
debug1: SSH2_MSG_KEXINIT sent [preauth]
debug3: mm_request_receive: entering
debug3: monitor_read: checking request 18
debug3: mm_answer_setcompat: entering
debug2: monitor_read: 18 used once, disabling now
debug3: receive packet: type 20 [preauth]
debug1: SSH2_MSG_KEXINIT received [preauth]
debug2: local server KEXINIT proposal [preauth]
debug2: KEX algorithms: mlkem768x25519-sha256,sntrup761x25519-sha512,sntrup761x25519-sha512@openssh.com,curve25519-sha256,curve25519-sha256@libssh.org,ecdh-sha2-nistp256,ecdh-sha2-nistp384,ecdh-sha2-nistp521,ext-info-s,kex-strict-s-v00@openssh.com [preauth]
debug2: host key algorithms: ssh-ed25519 [preauth]
debug2: ciphers ctos: chacha20-poly1305@openssh.com,aes128-gcm@openssh.com,aes256-gcm@openssh.com,aes128-ctr,aes192-ctr,aes256-ctr [preauth]
debug2: ciphers stoc: chacha20-poly1305@openssh.com,aes128-gcm@openssh.com,aes256-gcm@openssh.com,aes128-ctr,aes192-ctr,aes256-ctr [preauth]
debug2: MACs ctos: umac-64-etm@openssh.com,umac-128-etm@openssh.com,hmac-sha2-256-etm@openssh.com,hmac-sha2-512-etm@openssh.com,hmac-sha1-etm@openssh.com,umac-64@openssh.com,umac-128@openssh.com,hmac-sha2-256,hmac-sha2-512,hmac-sha1 [preauth]
debug2: MACs stoc: umac-64-etm@openssh.com,umac-128-etm@openssh.com,hmac-sha2-256-etm@openssh.com,hmac-sha2-512-etm@openssh.com,hmac-sha1-etm@openssh.com,umac-64@openssh.com,umac-128@openssh.com,hmac-sha2-256,hmac-sha2-512,hmac-sha1 [preauth]
debug2: compression ctos: none,zlib@openssh.com [preauth]
debug2: compression stoc: none,zlib@openssh.com [preauth]
debug2: languages ctos:  [preauth]
debug2: languages stoc:  [preauth]
debug2: first_kex_follows 0  [preauth]
debug2: reserved 0  [preauth]
debug2: peer client KEXINIT proposal [preauth]
debug2: KEX algorithms: mlkem768x25519-sha256,sntrup761x25519-sha512,sntrup761x25519-sha512@openssh.com,curve25519-sha256,curve25519-sha256@libssh.org,ecdh-sha2-nistp256,ecdh-sha2-nistp384,ecdh-sha2-nistp521,diffie-hellman-group-exchange-sha256,diffie-hellman-group16-sha512,diffie-hellman-group18-sha512,diffie-hellman-group14-sha256,ext-info-c,kex-strict-c-v00@openssh.com [preauth]
debug2: host key algorithms: ssh-ed25519-cert-v01@openssh.com,ecdsa-sha2-nistp256-cert-v01@openssh.com,ecdsa-sha2-nistp384-cert-v01@openssh.com,ecdsa-sha2-nistp521-cert-v01@openssh.com,sk-ssh-ed25519-cert-v01@openssh.com,sk-ecdsa-sha2-nistp256-cert-v01@openssh.com,webauthn-sk-ecdsa-sha2-nistp256-cert-v01@openssh.com,rsa-sha2-512-cert-v01@openssh.com,rsa-sha2-256-cert-v01@openssh.com,ssh-ed25519,ecdsa-sha2-nistp256,ecdsa-sha2-nistp384,ecdsa-sha2-nistp521,sk-ssh-ed25519@openssh.com,sk-ecdsa-sha2-nistp256@openssh.com,webauthn-sk-ecdsa-sha2-nistp256@openssh.com,rsa-sha2-512,rsa-sha2-256 [preauth]
debug2: ciphers ctos: chacha20-poly1305@openssh.com,aes128-gcm@openssh.com,aes256-gcm@openssh.com,aes128-ctr,aes192-ctr,aes256-ctr [preauth]
debug2: ciphers stoc: chacha20-poly1305@openssh.com,aes128-gcm@openssh.com,aes256-gcm@openssh.com,aes128-ctr,aes192-ctr,aes256-ctr [preauth]
debug2: MACs ctos: umac-64-etm@openssh.com,umac-128-etm@openssh.com,hmac-sha2-256-etm@openssh.com,hmac-sha2-512-etm@openssh.com,hmac-sha1-etm@openssh.com,umac-64@openssh.com,umac-128@openssh.com,hmac-sha2-256,hmac-sha2-512,hmac-sha1 [preauth]
debug2: MACs stoc: umac-64-etm@openssh.com,umac-128-etm@openssh.com,hmac-sha2-256-etm@openssh.com,hmac-sha2-512-etm@openssh.com,hmac-sha1-etm@openssh.com,umac-64@openssh.com,umac-128@openssh.com,hmac-sha2-256,hmac-sha2-512,hmac-sha1 [preauth]
debug2: compression ctos: none,zlib@openssh.com [preauth]
debug2: compression stoc: none,zlib@openssh.com [preauth]
debug2: languages ctos:  [preauth]
debug2: languages stoc:  [preauth]
debug2: first_kex_follows 0  [preauth]
debug2: reserved 0  [preauth]
debug3: kex_choose_conf: will use strict KEX ordering [preauth]
debug1: kex: algorithm: mlkem768x25519-sha256 [preauth]
debug1: kex: host key algorithm: ssh-ed25519 [preauth]
debug1: kex: client->server cipher: chacha20-poly1305@openssh.com MAC: <implicit> compression: none [preauth]
debug1: kex: server->client cipher: chacha20-poly1305@openssh.com MAC: <implicit> compression: none [preauth]
debug1: expecting SSH2_MSG_KEX_ECDH_INIT [preauth]
debug3: receive packet: type 30 [preauth]
debug1: SSH2_MSG_KEX_ECDH_INIT received [preauth]
debug3: mm_sshkey_sign: entering [preauth]
debug3: mm_request_send: entering, type 6 [preauth]
debug3: mm_sshkey_sign: waiting for MONITOR_ANS_SIGN [preauth]
debug3: mm_request_receive_expect: entering, type 7 [preauth]
debug3: mm_request_receive: entering [preauth]
debug3: mm_request_receive: entering
debug3: monitor_read: checking request 6
debug3: mm_answer_sign: entering
debug1: mm_answer_sign: hostkey ssh-ed25519 index 0
debug3: mm_answer_sign: ssh-ed25519 KEX signature len=83
debug3: mm_request_send: entering, type 7
debug2: monitor_read: 6 used once, disabling now
debug3: mm_sshkey_sign: ssh-ed25519 signature len=83 [preauth]
debug3: send packet: type 31 [preauth]
debug3: send packet: type 21 [preauth]
debug1: ssh_packet_send2_wrapped: resetting send seqnr 3 [preauth]
debug2: ssh_set_newkeys: mode 1 [preauth]
debug1: rekey out after 134217728 blocks [preauth]
debug1: SSH2_MSG_NEWKEYS sent [preauth]
debug1: Sending SSH2_MSG_EXT_INFO [preauth]
debug3: send packet: type 7 [preauth]
debug1: expecting SSH2_MSG_NEWKEYS [preauth]
debug3: receive packet: type 21 [preauth]
debug1: ssh_packet_read_poll2: resetting read seqnr 3 [preauth]
debug1: SSH2_MSG_NEWKEYS received [preauth]
debug2: ssh_set_newkeys: mode 0 [preauth]
debug1: rekey in after 134217728 blocks [preauth]
debug2: KEX algorithms: mlkem768x25519-sha256,sntrup761x25519-sha512,sntrup761x25519-sha512@openssh.com,curve25519-sha256,curve25519-sha256@libssh.org,ecdh-sha2-nistp256,ecdh-sha2-nistp384,ecdh-sha2-nistp521,ext-info-s,kex-strict-s-v00@openssh.com [preauth]
debug2: host key algorithms: ssh-ed25519 [preauth]
debug2: ciphers ctos: chacha20-poly1305@openssh.com,aes128-gcm@openssh.com,aes256-gcm@openssh.com,aes128-ctr,aes192-ctr,aes256-ctr [preauth]
debug2: ciphers stoc: chacha20-poly1305@openssh.com,aes128-gcm@openssh.com,aes256-gcm@openssh.com,aes128-ctr,aes192-ctr,aes256-ctr [preauth]
debug2: MACs ctos: umac-64-etm@openssh.com,umac-128-etm@openssh.com,hmac-sha2-256-etm@openssh.com,hmac-sha2-512-etm@openssh.com,hmac-sha1-etm@openssh.com,umac-64@openssh.com,umac-128@openssh.com,hmac-sha2-256,hmac-sha2-512,hmac-sha1 [preauth]
debug2: MACs stoc: umac-64-etm@openssh.com,umac-128-etm@openssh.com,hmac-sha2-256-etm@openssh.com,hmac-sha2-512-etm@openssh.com,hmac-sha1-etm@openssh.com,umac-64@openssh.com,umac-128@openssh.com,hmac-sha2-256,hmac-sha2-512,hmac-sha1 [preauth]
debug2: compression ctos: none,zlib@openssh.com [preauth]
debug2: compression stoc: none,zlib@openssh.com [preauth]
debug2: languages ctos:  [preauth]
debug2: languages stoc:  [preauth]
debug2: first_kex_follows 0  [preauth]
debug2: reserved 0  [preauth]
debug1: KEX done [preauth]
debug3: receive packet: type 7 [preauth]
debug1: SSH2_MSG_EXT_INFO received [preauth]
debug3: kex_input_ext_info: extension ext-info-in-auth@openssh.com [preauth]
debug1: kex_ext_info_check_ver: ext-info-in-auth@openssh.com=<0> [preauth]
debug3: receive packet: type 5 [preauth]
debug3: send packet: type 6 [preauth]
debug3: receive packet: type 50 [preauth]
debug1: userauth-request for user charlesabrooker service ssh-connection method none [preauth]
debug1: attempt 0 failures 0 [preauth]
debug3: mm_getpwnamallow: entering [preauth]
debug3: mm_request_send: entering, type 8 [preauth]
debug3: mm_getpwnamallow: waiting for MONITOR_ANS_PWNAM [preauth]
debug3: mm_request_receive_expect: entering, type 9 [preauth]
debug3: mm_request_receive: entering [preauth]
debug3: mm_request_receive: entering
debug3: monitor_read: checking request 8
debug3: mm_answer_pwnamallow: entering
debug2: parse_server_config_depth: config reprocess config len 580
debug3: auth2_setup_methods_lists: checking methods
debug1: authentication methods list 0: publickey
debug3: mm_answer_pwnamallow: sending MONITOR_ANS_PWNAM: 1
debug3: mm_request_send: entering, type 9
debug2: monitor_read: 8 used once, disabling now
debug3: server_process_channel_timeouts: setting 0 timeouts [preauth]
debug3: channel_clear_timeouts: clearing [preauth]
debug2: input_userauth_request: setting up authctxt for charlesabrooker [preauth]
debug3: mm_inform_authserv: entering [preauth]
debug3: mm_request_send: entering, type 4 [preauth]
debug1: kex_server_update_ext_info: Sending SSH2_MSG_EXT_INFO [preauth]
debug3: send packet: type 7 [preauth]
debug3: auth2_setup_methods_lists: checking methods [preauth]
debug1: authentication methods list 0: publickey [preauth]
debug3: authmethod_lookup: method none not allowed by AuthenticationMethods [preauth]
debug3: userauth_finish: failure partial=0 next methods="publickey" [preauth]
debug3: send packet: type 51 [preauth]
debug3: mm_request_receive: entering
debug3: monitor_read: checking request 4
debug3: mm_answer_authserv: service=ssh-connection, style=
debug2: monitor_read: 4 used once, disabling now
debug3: receive packet: type 50 [preauth]
debug1: userauth-request for user charlesabrooker service ssh-connection method publickey [preauth]
debug1: attempt 1 failures 0 [preauth]
debug2: input_userauth_request: try method publickey [preauth]
debug2: userauth_pubkey: valid user charlesabrooker querying public key ssh-ed25519 AAAAC3NzaC1lZDI1NTE5AAAAIC29h5YAq/Tle+j2rirq6Xj2QUBhQHpieTMA6puP9ciD [preauth]
debug1: userauth_pubkey: publickey test pkalg ssh-ed25519 pkblob ED25519 SHA256:7sc69UbnYCiAFxuqzOSgt6nekJytNEARRE5FlH7yor0 [preauth]
debug3: mm_key_allowed: entering [preauth]
debug3: mm_request_send: entering, type 22 [preauth]
debug3: mm_key_allowed: waiting for MONITOR_ANS_KEYALLOWED [preauth]
debug3: mm_request_receive_expect: entering, type 23 [preauth]
debug3: mm_request_receive: entering [preauth]
debug3: mm_request_receive: entering
debug3: monitor_read: checking request 22
debug3: mm_answer_keyallowed: entering
debug1: temporarily_use_uid: 501/20 (e=501/20)
debug1: restore_uid: (unprivileged)
debug1: temporarily_use_uid: 501/20 (e=501/20)
debug1: trying public key file /Users/charlesabrooker/.no-mistakes/worktrees/32d18ed9638d/01M48YDAJ274FP0KSXR35TAEYY/.live-validation/remote/user.pub
debug1: fd 9 clearing O_NONBLOCK
debug1: /Users/charlesabrooker/.no-mistakes/worktrees/32d18ed9638d/01M48YDAJ274FP0KSXR35TAEYY/.live-validation/remote/user.pub:1: matching key found: ED25519 SHA256:7sc69UbnYCiAFxuqzOSgt6nekJytNEARRE5FlH7yor0
debug1: /Users/charlesabrooker/.no-mistakes/worktrees/32d18ed9638d/01M48YDAJ274FP0KSXR35TAEYY/.live-validation/remote/user.pub:1: key options: agent-forwarding port-forwarding pty user-rc x11-forwarding
debug3: /Users/charlesabrooker/.no-mistakes/worktrees/32d18ed9638d/01M48YDAJ274FP0KSXR35TAEYY/.live-validation/remote/user.pub:1: key options: agent-forwarding port-forwarding pty user-rc x11-forwarding
Accepted key ED25519 SHA256:7sc69UbnYCiAFxuqzOSgt6nekJytNEARRE5FlH7yor0 found at /Users/charlesabrooker/.no-mistakes/worktrees/32d18ed9638d/01M48YDAJ274FP0KSXR35TAEYY/.live-validation/remote/user.pub:1
debug2: auth_check_authkeys_file: /Users/charlesabrooker/.no-mistakes/worktrees/32d18ed9638d/01M48YDAJ274FP0KSXR35TAEYY/.live-validation/remote/user.pub: processed 1/1 lines
debug1: restore_uid: (unprivileged)
debug3: mm_answer_keyallowed: publickey authentication test: ED25519 key is allowed
debug3: mm_request_send: entering, type 23
debug3: send packet: type 60 [preauth]
debug2: userauth_pubkey: authenticated 0 pkalg ssh-ed25519 [preauth]
debug3: user_specific_delay: user specific delay 1.237ms [preauth]
debug3: ensure_minimum_time_since: elapsed 0.710ms, delaying 5.527ms (requested 6.237ms) [preauth]
Postponed publickey for charlesabrooker from 127.0.0.1 port 49315 ssh2 [preauth]
debug3: receive packet: type 50 [preauth]
debug1: userauth-request for user charlesabrooker service ssh-connection method publickey-hostbound-v00@openssh.com [preauth]
debug1: attempt 2 failures 0 [preauth]
debug2: input_userauth_request: try method publickey-hostbound-v00@openssh.com [preauth]
debug2: userauth_pubkey: valid user charlesabrooker attempting public key ssh-ed25519 AAAAC3NzaC1lZDI1NTE5AAAAIC29h5YAq/Tle+j2rirq6Xj2QUBhQHpieTMA6puP9ciD [preauth]
debug3: userauth_pubkey: publickey-hostbound-v00@openssh.com have ssh-ed25519 signature for ED25519 SHA256:7sc69UbnYCiAFxuqzOSgt6nekJytNEARRE5FlH7yor0 [preauth]
debug3: mm_key_allowed: entering [preauth]
debug3: mm_request_send: entering, type 22 [preauth]
debug3: mm_key_allowed: waiting for MONITOR_ANS_KEYALLOWED [preauth]
debug3: mm_request_receive_expect: entering, type 23 [preauth]
debug3: mm_request_receive: entering [preauth]
debug3: mm_request_receive: entering
debug3: monitor_read: checking request 22
debug3: mm_answer_keyallowed: entering
debug1: temporarily_use_uid: 501/20 (e=501/20)
debug1: restore_uid: (unprivileged)
debug1: temporarily_use_uid: 501/20 (e=501/20)
debug1: trying public key file /Users/charlesabrooker/.no-mistakes/worktrees/32d18ed9638d/01M48YDAJ274FP0KSXR35TAEYY/.live-validation/remote/user.pub
debug1: fd 9 clearing O_NONBLOCK
debug1: /Users/charlesabrooker/.no-mistakes/worktrees/32d18ed9638d/01M48YDAJ274FP0KSXR35TAEYY/.live-validation/remote/user.pub:1: matching key found: ED25519 SHA256:7sc69UbnYCiAFxuqzOSgt6nekJytNEARRE5FlH7yor0
debug1: /Users/charlesabrooker/.no-mistakes/worktrees/32d18ed9638d/01M48YDAJ274FP0KSXR35TAEYY/.live-validation/remote/user.pub:1: key options: agent-forwarding port-forwarding pty user-rc x11-forwarding
debug3: /Users/charlesabrooker/.no-mistakes/worktrees/32d18ed9638d/01M48YDAJ274FP0KSXR35TAEYY/.live-validation/remote/user.pub:1: key options: agent-forwarding port-forwarding pty user-rc x11-forwarding
Accepted key ED25519 SHA256:7sc69UbnYCiAFxuqzOSgt6nekJytNEARRE5FlH7yor0 found at /Users/charlesabrooker/.no-mistakes/worktrees/32d18ed9638d/01M48YDAJ274FP0KSXR35TAEYY/.live-validation/remote/user.pub:1
debug2: auth_check_authkeys_file: /Users/charlesabrooker/.no-mistakes/worktrees/32d18ed9638d/01M48YDAJ274FP0KSXR35TAEYY/.live-validation/remote/user.pub: processed 1/1 lines
debug1: restore_uid: (unprivileged)
debug3: mm_answer_keyallowed: publickey authentication: ED25519 key is allowed
debug3: mm_request_send: entering, type 23
debug3: mm_sshkey_verify: entering [preauth]
debug3: mm_request_send: entering, type 24 [preauth]
debug3: mm_sshkey_verify: waiting for MONITOR_ANS_KEYVERIFY [preauth]
debug3: mm_request_receive_expect: entering, type 25 [preauth]
debug3: mm_request_receive: entering [preauth]
debug3: mm_request_receive: entering
debug3: monitor_read: checking request 24
debug3: mm_answer_keyverify: publickey ED25519 signature using ssh-ed25519 verified
debug1: auth_activate_options: setting new authentication options
debug3: mm_request_send: entering, type 25
debug3: auth2_update_methods_lists: updating methods list after "publickey"
debug2: authentication methods list 0 complete
Accepted publickey for charlesabrooker from 127.0.0.1 port 49315 ssh2: ED25519 SHA256:7sc69UbnYCiAFxuqzOSgt6nekJytNEARRE5FlH7yor0
debug1: monitor_child_preauth: user charlesabrooker authenticated by privileged process
debug3: mm_get_keystate: Waiting for new keys
debug3: mm_request_receive_expect: entering, type 26
debug3: mm_request_receive: entering
debug3: mm_get_keystate: GOT new keys
debug1: auth_activate_options: setting new authentication options [preauth]
debug2: userauth_pubkey: authenticated 1 pkalg ssh-ed25519 [preauth]
debug3: user_specific_delay: user specific delay 1.237ms [preauth]
debug3: ensure_minimum_time_since: elapsed 2.623ms, delaying 3.614ms (requested 6.237ms) [preauth]
debug3: auth2_update_methods_lists: updating methods list after "publickey" [preauth]
debug2: authentication methods list 0 complete [preauth]
debug3: send packet: type 52 [preauth]
debug3: mm_request_send: entering, type 26 [preauth]
debug3: mm_send_keystate: Finished sending state [preauth]
debug1: monitor_read_log: child log fd closed
debug3: monitor_child_preauth: preauth child 33089 terminated successfully
debug2: server_accept_loop: child 33060 for connection from 127.0.0.1 to 127.0.0.1 auth done
debug1: child_close: enter (forcing)
BSM audit: bsm_audit_session_setup: setaudit_addr failed: Operation not permitted
debug3: BSM audit: typ 0 rc 0 "successful login charlesabrooker"
debug3: BSM audit: writing audit new record
BSM audit: bsm_audit_record failed to write "successful login charlesabrooker" record: Operation not permitted
User child is on pid 33306
debug3: monitor_apply_keystate: packet_set_state
debug2: ssh_set_newkeys: mode 0
debug1: rekey in after 134217728 blocks
debug2: ssh_set_newkeys: mode 1
debug1: rekey out after 134217728 blocks
debug1: ssh_packet_set_postauth: called
debug3: ssh_packet_set_state: done
debug3: notify_hostkeys: key 0: ssh-ed25519 SHA256:WwiWglN1fa9aE2Tl8g9MALW85mRMZENG58raojQZH9g
debug3: notify_hostkeys: sent 1 hostkeys
debug3: send packet: type 80
debug1: active: key options: agent-forwarding port-forwarding pty user-rc x11-forwarding
debug3: sending debug message: /Users/charlesabrooker/.no-mistakes/worktrees/32d18ed9638d/01M48YDAJ274FP0KSXR35TAEYY/.live-validation/remote/user.pub:1: key options: agent-forwarding port-forwarding pty user-rc x11-forwarding
debug3: send packet: type 4
debug3: sending debug message: /Users/charlesabrooker/.no-mistakes/worktrees/32d18ed9638d/01M48YDAJ274FP0KSXR35TAEYY/.live-validation/remote/user.pub:1: key options: agent-forwarding port-forwarding pty user-rc x11-forwarding
debug3: send packet: type 4
debug1: Entering interactive session for SSH2.
debug1: server_init_dispatch
debug3: receive packet: type 90
debug1: server_input_channel_open: ctype session rchan 0 win 2097152 max 32768
debug1: input_session_request
debug1: channel 0: new session [server-session] (inactive timeout: 0)
debug2: session_new: allocate (allocated 0 max 10)
debug3: session_unused: session id 0 unused
debug1: session_new: session 0
debug1: session_open: channel 0
debug1: session_open: session 0: link with channel 0
debug1: server_input_channel_open: confirm session
debug3: send packet: type 91
debug3: receive packet: type 80
debug1: server_input_global_request: rtype no-more-sessions@openssh.com want_reply 0
debug2: process_output: session QoS is now interactive
debug3: set_sock_tos: set socket 8 IP_TOS 0xb8
debug3: receive packet: type 98
debug1: server_input_channel_req: channel 0 request env reply 0
debug1: session_by_channel: session 0 channel 0
debug1: session_input_channel_req: session 0 req env
debug2: Ignoring env request LANG: disallowed name
debug3: receive packet: type 98
debug1: server_input_channel_req: channel 0 request exec reply 1
debug1: session_by_channel: session 0 channel 0
debug1: session_input_channel_req: session 0 req exec
debug2: channel_set_xtype: labeled channel 0 as session:command (inactive timeout 0)
Starting session: command for charlesabrooker from 127.0.0.1 port 49315 id 0
debug3: mm_audit_run_command: entering command /usr/bin/env FM_REMOTE_JOB_PLATFORM_OVERRIDE=Linux FM_REMOTE_JOB_STATE_ROOT=/Users/charlesabrooker/.no-mistakes/worktrees/32d18ed9638d/01M48YDAJ274FP0KSXR35TAEYY/.live-validation/remote/jobs /Users/charlesabrooker/.no-mistakes/worktrees/32d18ed9638d/01M48YDAJ274FP0KSXR35TAEYY/.live-validation/remote/checkout/bin/fm-remote-entrypoint.sh 1 L1VzZXJzL2NoYXJsZXNhYnJvb2tlci8ubm8tbWlzdGFrZXMvd29ya3RyZWVzLzMyZDE4ZWQ5NjM4ZC8wMU00OFlEQUoyNzRGUDBLU1hSMzVUQUVZWS8ubGl2ZS12YWxpZGF0aW9uL3JlbW90ZS9jaGVja291dA== L1VzZXJzL2NoYXJsZXNhYnJvb2tlci8ubm8tbWlzdGFrZXMvd29ya3RyZWVzLzMyZDE4ZWQ5NjM4ZC8wMU00OFlEQUoyNzRGUDBLU1hSMzVUQUVZWS8ubGl2ZS12YWxpZGF0aW9uL3JlbW90ZS9tYXRl Zm0tcmVtb3RlLWRlbHRhLXJlYWQuc2gAc3RhdGUvcGFyZW50LXJlcGxpZXMuc3RhdHVzADAAZTNiMGM0NDI5OGZjMWMxNDlhZmJmNGM4OTk2ZmI5MjQyN2FlNDFlNDY0OWI5MzRjYTQ5NTk5MWI3ODUyYjg1NQAyAA==
debug3: mm_request_send: entering, type 113
debug3: mm_request_receive: entering
debug3: monitor_read: checking request 113
debug3: mm_answer_audit_command: entering
debug2: fd 15 setting O_NONBLOCK
debug2: fd 14 setting O_NONBLOCK
debug2: fd 17 setting O_NONBLOCK
debug3: send packet: type 99
debug2: process_output: session QoS is now non-interactive
debug3: set_sock_tos: set socket 8 IP_TOS 0x00
debug3: receive packet: type 96
debug2: channel 0: rcvd eof
debug2: channel 0: output open -> drain
debug2: channel 0: obuf empty
debug2: chan_shutdown_write: channel 0: (i0 o1 sock -1 wfd 14 efd 17 [read])
debug2: channel 0: output drain -> closed
debug2: channel 0: read 34 from efd 17
debug2: channel 0: rwin 2097152 elen 34 euse 1
debug2: channel 0: sent ext data 34
debug2: channel 0: read failed rfd 15 maxlen 32768: Broken pipe
debug2: channel 0: read failed
debug2: chan_shutdown_read: channel 0: (i0 o3 sock -1 wfd 15 efd 17 [read])
debug2: channel 0: input open -> drain
debug2: channel 0: read 0 from efd 17
debug2: channel 0: closing read-efd 17
debug2: channel 0: ibuf empty
debug2: channel 0: send eof
debug3: send packet: type 96
debug2: channel 0: input drain -> closed
debug1: Received SIGCHLD.
debug1: session_by_pid: pid 33311
debug2: channel 0: request exit-status confirm 0
debug3: send packet: type 98
debug1: session_exit_message: session 0 channel 0 pid 33311 exit 0
debug1: session_exit_message: release channel 0
debug2: channel 0: send_close2
debug2: channel 0: send close for remote id 0
debug3: send packet: type 97
debug3: channel 0: will not send data after close
debug3: receive packet: type 97
debug2: channel 0: rcvd close
debug3: receive packet: type 1
Received disconnect from 127.0.0.1 port 49315:11: disconnected by user
Disconnected from user charlesabrooker 127.0.0.1 port 49315
debug1: do_cleanup
debug3: mm_request_receive: entering
debug3: mm_request_receive: monitor fd closed
debug1: mm_reap: child exited with status 255
debug1: do_cleanup
debug3: BSM audit: typ 0 rc 0 "sshd logout charlesabrooker"
debug3: BSM audit: writing audit new record
BSM audit: bsm_audit_record failed to write "sshd logout charlesabrooker" record: Operation not permitted
debug1: fd 7 clearing O_NONBLOCK
debug2: fd 8 setting O_NONBLOCK
debug1: rexec start in 7 out 7 newsock 7 config_s 8/9
debug1: Forked child 52955.
debug1: sshd-session version OpenSSH_10.3, LibreSSL 3.3.6
debug1: network sockets: 8, 8
debug2: fd 8 setting TCP_NODELAY
debug3: set_sock_tos: set socket 8 IP_TOS 0xb8
debug3: server_process_channel_timeouts: setting 0 timeouts
debug3: channel_clear_timeouts: clearing
debug3: BSM audit: connection from 127.0.0.1 port 49394
debug3: BSM audit: iptype 4 machine ID 0100007f 00000000 00000000 00000000
Connection from 127.0.0.1 port 49394 on 127.0.0.1 port 65101
debug2: fd 8 setting O_NONBLOCK
debug2: server_accept_loop: child 52955 for connection from 127.0.0.1 to 127.0.0.1 received config
debug2: Network child is on pid 53384
debug3: preauth child monitor started
debug3: mm_request_receive: entering
debug3: monitor_read: checking request 51
debug1: mm_answer_state: config len 580
debug3: mm_request_send: entering, type 52
debug3: mm_answer_state: done
debug2: monitor_read: 51 used once, disabling now
debug1: sshd-auth version OpenSSH_10.3, LibreSSL 3.3.6 [preauth]
debug3: server_process_channel_timeouts: setting 0 timeouts [preauth]
debug3: channel_clear_timeouts: clearing [preauth]
debug3: fd 5 is O_NONBLOCK [preauth]
debug3: ssh_sandbox_init: preparing Darwin sandbox [preauth]
debug3: ssh_sandbox_child: starting Darwin sandbox [preauth]
debug1: list_hostkey_types: ssh-ed25519 [preauth]
debug1: Local version string SSH-2.0-OpenSSH_10.3 [preauth]
debug1: Remote protocol version 2.0, remote software version OpenSSH_10.3 [preauth]
debug1: compat_banner: match: OpenSSH_10.3 pat OpenSSH* compat 0x04000000 [preauth]
debug3: mm_sshkey_setcompat: entering [preauth]
debug3: mm_request_send: entering, type 18 [preauth]
debug3: send packet: type 20 [preauth]
debug1: SSH2_MSG_KEXINIT sent [preauth]
debug3: mm_request_receive: entering
debug3: monitor_read: checking request 18
debug3: mm_answer_setcompat: entering
debug2: monitor_read: 18 used once, disabling now
debug3: receive packet: type 20 [preauth]
debug1: SSH2_MSG_KEXINIT received [preauth]
debug2: local server KEXINIT proposal [preauth]
debug2: KEX algorithms: mlkem768x25519-sha256,sntrup761x25519-sha512,sntrup761x25519-sha512@openssh.com,curve25519-sha256,curve25519-sha256@libssh.org,ecdh-sha2-nistp256,ecdh-sha2-nistp384,ecdh-sha2-nistp521,ext-info-s,kex-strict-s-v00@openssh.com [preauth]
debug2: host key algorithms: ssh-ed25519 [preauth]
debug2: ciphers ctos: chacha20-poly1305@openssh.com,aes128-gcm@openssh.com,aes256-gcm@openssh.com,aes128-ctr,aes192-ctr,aes256-ctr [preauth]
debug2: ciphers stoc: chacha20-poly1305@openssh.com,aes128-gcm@openssh.com,aes256-gcm@openssh.com,aes128-ctr,aes192-ctr,aes256-ctr [preauth]
debug2: MACs ctos: umac-64-etm@openssh.com,umac-128-etm@openssh.com,hmac-sha2-256-etm@openssh.com,hmac-sha2-512-etm@openssh.com,hmac-sha1-etm@openssh.com,umac-64@openssh.com,umac-128@openssh.com,hmac-sha2-256,hmac-sha2-512,hmac-sha1 [preauth]
debug2: MACs stoc: umac-64-etm@openssh.com,umac-128-etm@openssh.com,hmac-sha2-256-etm@openssh.com,hmac-sha2-512-etm@openssh.com,hmac-sha1-etm@openssh.com,umac-64@openssh.com,umac-128@openssh.com,hmac-sha2-256,hmac-sha2-512,hmac-sha1 [preauth]
debug2: compression ctos: none,zlib@openssh.com [preauth]
debug2: compression stoc: none,zlib@openssh.com [preauth]
debug2: languages ctos:  [preauth]
debug2: languages stoc:  [preauth]
debug2: first_kex_follows 0  [preauth]
debug2: reserved 0  [preauth]
debug2: peer client KEXINIT proposal [preauth]
debug2: KEX algorithms: mlkem768x25519-sha256,sntrup761x25519-sha512,sntrup761x25519-sha512@openssh.com,curve25519-sha256,curve25519-sha256@libssh.org,ecdh-sha2-nistp256,ecdh-sha2-nistp384,ecdh-sha2-nistp521,diffie-hellman-group-exchange-sha256,diffie-hellman-group16-sha512,diffie-hellman-group18-sha512,diffie-hellman-group14-sha256,ext-info-c,kex-strict-c-v00@openssh.com [preauth]
debug2: host key algorithms: ssh-ed25519-cert-v01@openssh.com,ecdsa-sha2-nistp256-cert-v01@openssh.com,ecdsa-sha2-nistp384-cert-v01@openssh.com,ecdsa-sha2-nistp521-cert-v01@openssh.com,sk-ssh-ed25519-cert-v01@openssh.com,sk-ecdsa-sha2-nistp256-cert-v01@openssh.com,webauthn-sk-ecdsa-sha2-nistp256-cert-v01@openssh.com,rsa-sha2-512-cert-v01@openssh.com,rsa-sha2-256-cert-v01@openssh.com,ssh-ed25519,ecdsa-sha2-nistp256,ecdsa-sha2-nistp384,ecdsa-sha2-nistp521,sk-ssh-ed25519@openssh.com,sk-ecdsa-sha2-nistp256@openssh.com,webauthn-sk-ecdsa-sha2-nistp256@openssh.com,rsa-sha2-512,rsa-sha2-256 [preauth]
debug2: ciphers ctos: chacha20-poly1305@openssh.com,aes128-gcm@openssh.com,aes256-gcm@openssh.com,aes128-ctr,aes192-ctr,aes256-ctr [preauth]
debug2: ciphers stoc: chacha20-poly1305@openssh.com,aes128-gcm@openssh.com,aes256-gcm@openssh.com,aes128-ctr,aes192-ctr,aes256-ctr [preauth]
debug2: MACs ctos: umac-64-etm@openssh.com,umac-128-etm@openssh.com,hmac-sha2-256-etm@openssh.com,hmac-sha2-512-etm@openssh.com,hmac-sha1-etm@openssh.com,umac-64@openssh.com,umac-128@openssh.com,hmac-sha2-256,hmac-sha2-512,hmac-sha1 [preauth]
debug2: MACs stoc: umac-64-etm@openssh.com,umac-128-etm@openssh.com,hmac-sha2-256-etm@openssh.com,hmac-sha2-512-etm@openssh.com,hmac-sha1-etm@openssh.com,umac-64@openssh.com,umac-128@openssh.com,hmac-sha2-256,hmac-sha2-512,hmac-sha1 [preauth]
debug2: compression ctos: none,zlib@openssh.com [preauth]
debug2: compression stoc: none,zlib@openssh.com [preauth]
debug2: languages ctos:  [preauth]
debug2: languages stoc:  [preauth]
debug2: first_kex_follows 0  [preauth]
debug2: reserved 0  [preauth]
debug3: kex_choose_conf: will use strict KEX ordering [preauth]
debug1: kex: algorithm: mlkem768x25519-sha256 [preauth]
debug1: kex: host key algorithm: ssh-ed25519 [preauth]
debug1: kex: client->server cipher: chacha20-poly1305@openssh.com MAC: <implicit> compression: none [preauth]
debug1: kex: server->client cipher: chacha20-poly1305@openssh.com MAC: <implicit> compression: none [preauth]
debug1: expecting SSH2_MSG_KEX_ECDH_INIT [preauth]
debug3: receive packet: type 30 [preauth]
debug1: SSH2_MSG_KEX_ECDH_INIT received [preauth]
debug3: mm_sshkey_sign: entering [preauth]
debug3: mm_request_send: entering, type 6 [preauth]
debug3: mm_sshkey_sign: waiting for MONITOR_ANS_SIGN [preauth]
debug3: mm_request_receive_expect: entering, type 7 [preauth]
debug3: mm_request_receive: entering [preauth]
debug3: mm_request_receive: entering
debug3: monitor_read: checking request 6
debug3: mm_answer_sign: entering
debug1: mm_answer_sign: hostkey ssh-ed25519 index 0
debug3: mm_answer_sign: ssh-ed25519 KEX signature len=83
debug3: mm_request_send: entering, type 7
debug2: monitor_read: 6 used once, disabling now
debug3: mm_sshkey_sign: ssh-ed25519 signature len=83 [preauth]
debug3: send packet: type 31 [preauth]
debug3: send packet: type 21 [preauth]
debug1: ssh_packet_send2_wrapped: resetting send seqnr 3 [preauth]
debug2: ssh_set_newkeys: mode 1 [preauth]
debug1: rekey out after 134217728 blocks [preauth]
debug1: SSH2_MSG_NEWKEYS sent [preauth]
debug1: Sending SSH2_MSG_EXT_INFO [preauth]
debug3: send packet: type 7 [preauth]
debug1: expecting SSH2_MSG_NEWKEYS [preauth]
debug3: receive packet: type 21 [preauth]
debug1: ssh_packet_read_poll2: resetting read seqnr 3 [preauth]
debug1: SSH2_MSG_NEWKEYS received [preauth]
debug2: ssh_set_newkeys: mode 0 [preauth]
debug1: rekey in after 134217728 blocks [preauth]
debug2: KEX algorithms: mlkem768x25519-sha256,sntrup761x25519-sha512,sntrup761x25519-sha512@openssh.com,curve25519-sha256,curve25519-sha256@libssh.org,ecdh-sha2-nistp256,ecdh-sha2-nistp384,ecdh-sha2-nistp521,ext-info-s,kex-strict-s-v00@openssh.com [preauth]
debug2: host key algorithms: ssh-ed25519 [preauth]
debug2: ciphers ctos: chacha20-poly1305@openssh.com,aes128-gcm@openssh.com,aes256-gcm@openssh.com,aes128-ctr,aes192-ctr,aes256-ctr [preauth]
debug2: ciphers stoc: chacha20-poly1305@openssh.com,aes128-gcm@openssh.com,aes256-gcm@openssh.com,aes128-ctr,aes192-ctr,aes256-ctr [preauth]
debug2: MACs ctos: umac-64-etm@openssh.com,umac-128-etm@openssh.com,hmac-sha2-256-etm@openssh.com,hmac-sha2-512-etm@openssh.com,hmac-sha1-etm@openssh.com,umac-64@openssh.com,umac-128@openssh.com,hmac-sha2-256,hmac-sha2-512,hmac-sha1 [preauth]
debug2: MACs stoc: umac-64-etm@openssh.com,umac-128-etm@openssh.com,hmac-sha2-256-etm@openssh.com,hmac-sha2-512-etm@openssh.com,hmac-sha1-etm@openssh.com,umac-64@openssh.com,umac-128@openssh.com,hmac-sha2-256,hmac-sha2-512,hmac-sha1 [preauth]
debug2: compression ctos: none,zlib@openssh.com [preauth]
debug2: compression stoc: none,zlib@openssh.com [preauth]
debug2: languages ctos:  [preauth]
debug2: languages stoc:  [preauth]
debug2: first_kex_follows 0  [preauth]
debug2: reserved 0  [preauth]
debug1: KEX done [preauth]
debug3: receive packet: type 7 [preauth]
debug1: SSH2_MSG_EXT_INFO received [preauth]
debug3: kex_input_ext_info: extension ext-info-in-auth@openssh.com [preauth]
debug1: kex_ext_info_check_ver: ext-info-in-auth@openssh.com=<0> [preauth]
debug3: receive packet: type 5 [preauth]
debug3: send packet: type 6 [preauth]
debug3: receive packet: type 50 [preauth]
debug1: userauth-request for user charlesabrooker service ssh-connection method none [preauth]
debug1: attempt 0 failures 0 [preauth]
debug3: mm_getpwnamallow: entering [preauth]
debug3: mm_request_send: entering, type 8 [preauth]
debug3: mm_getpwnamallow: waiting for MONITOR_ANS_PWNAM [preauth]
debug3: mm_request_receive_expect: entering, type 9 [preauth]
debug3: mm_request_receive: entering [preauth]
debug3: mm_request_receive: entering
debug3: monitor_read: checking request 8
debug3: mm_answer_pwnamallow: entering
debug2: parse_server_config_depth: config reprocess config len 580
debug3: auth2_setup_methods_lists: checking methods
debug1: authentication methods list 0: publickey
debug3: mm_answer_pwnamallow: sending MONITOR_ANS_PWNAM: 1
debug3: mm_request_send: entering, type 9
debug2: monitor_read: 8 used once, disabling now
debug3: server_process_channel_timeouts: setting 0 timeouts [preauth]
debug3: channel_clear_timeouts: clearing [preauth]
debug2: input_userauth_request: setting up authctxt for charlesabrooker [preauth]
debug3: mm_inform_authserv: entering [preauth]
debug3: mm_request_send: entering, type 4 [preauth]
debug1: kex_server_update_ext_info: Sending SSH2_MSG_EXT_INFO [preauth]
debug3: send packet: type 7 [preauth]
debug3: auth2_setup_methods_lists: checking methods [preauth]
debug1: authentication methods list 0: publickey [preauth]
debug3: authmethod_lookup: method none not allowed by AuthenticationMethods [preauth]
debug3: userauth_finish: failure partial=0 next methods="publickey" [preauth]
debug3: send packet: type 51 [preauth]
debug3: mm_request_receive: entering
debug3: monitor_read: checking request 4
debug3: mm_answer_authserv: service=ssh-connection, style=
debug2: monitor_read: 4 used once, disabling now
debug3: receive packet: type 50 [preauth]
debug1: userauth-request for user charlesabrooker service ssh-connection method publickey [preauth]
debug1: attempt 1 failures 0 [preauth]
debug2: input_userauth_request: try method publickey [preauth]
debug2: userauth_pubkey: valid user charlesabrooker querying public key ssh-ed25519 AAAAC3NzaC1lZDI1NTE5AAAAIC29h5YAq/Tle+j2rirq6Xj2QUBhQHpieTMA6puP9ciD [preauth]
debug1: userauth_pubkey: publickey test pkalg ssh-ed25519 pkblob ED25519 SHA256:7sc69UbnYCiAFxuqzOSgt6nekJytNEARRE5FlH7yor0 [preauth]
debug3: mm_key_allowed: entering [preauth]
debug3: mm_request_send: entering, type 22 [preauth]
debug3: mm_key_allowed: waiting for MONITOR_ANS_KEYALLOWED [preauth]
debug3: mm_request_receive_expect: entering, type 23 [preauth]
debug3: mm_request_receive: entering [preauth]
debug3: mm_request_receive: entering
debug3: monitor_read: checking request 22
debug3: mm_answer_keyallowed: entering
debug1: temporarily_use_uid: 501/20 (e=501/20)
debug1: restore_uid: (unprivileged)
debug1: temporarily_use_uid: 501/20 (e=501/20)
debug1: trying public key file /Users/charlesabrooker/.no-mistakes/worktrees/32d18ed9638d/01M48YDAJ274FP0KSXR35TAEYY/.live-validation/remote/user.pub
debug1: fd 9 clearing O_NONBLOCK
debug1: /Users/charlesabrooker/.no-mistakes/worktrees/32d18ed9638d/01M48YDAJ274FP0KSXR35TAEYY/.live-validation/remote/user.pub:1: matching key found: ED25519 SHA256:7sc69UbnYCiAFxuqzOSgt6nekJytNEARRE5FlH7yor0
debug1: /Users/charlesabrooker/.no-mistakes/worktrees/32d18ed9638d/01M48YDAJ274FP0KSXR35TAEYY/.live-validation/remote/user.pub:1: key options: agent-forwarding port-forwarding pty user-rc x11-forwarding
debug3: /Users/charlesabrooker/.no-mistakes/worktrees/32d18ed9638d/01M48YDAJ274FP0KSXR35TAEYY/.live-validation/remote/user.pub:1: key options: agent-forwarding port-forwarding pty user-rc x11-forwarding
Accepted key ED25519 SHA256:7sc69UbnYCiAFxuqzOSgt6nekJytNEARRE5FlH7yor0 found at /Users/charlesabrooker/.no-mistakes/worktrees/32d18ed9638d/01M48YDAJ274FP0KSXR35TAEYY/.live-validation/remote/user.pub:1
debug2: auth_check_authkeys_file: /Users/charlesabrooker/.no-mistakes/worktrees/32d18ed9638d/01M48YDAJ274FP0KSXR35TAEYY/.live-validation/remote/user.pub: processed 1/1 lines
debug1: restore_uid: (unprivileged)
debug3: mm_answer_keyallowed: publickey authentication test: ED25519 key is allowed
debug3: mm_request_send: entering, type 23
debug3: send packet: type 60 [preauth]
debug2: userauth_pubkey: authenticated 0 pkalg ssh-ed25519 [preauth]
debug3: user_specific_delay: user specific delay 1.237ms [preauth]
debug3: ensure_minimum_time_since: elapsed 3.373ms, delaying 2.864ms (requested 6.237ms) [preauth]
Postponed publickey for charlesabrooker from 127.0.0.1 port 49394 ssh2 [preauth]
debug3: receive packet: type 50 [preauth]
debug1: userauth-request for user charlesabrooker service ssh-connection method publickey-hostbound-v00@openssh.com [preauth]
debug1: attempt 2 failures 0 [preauth]
debug2: input_userauth_request: try method publickey-hostbound-v00@openssh.com [preauth]
debug2: userauth_pubkey: valid user charlesabrooker attempting public key ssh-ed25519 AAAAC3NzaC1lZDI1NTE5AAAAIC29h5YAq/Tle+j2rirq6Xj2QUBhQHpieTMA6puP9ciD [preauth]
debug3: userauth_pubkey: publickey-hostbound-v00@openssh.com have ssh-ed25519 signature for ED25519 SHA256:7sc69UbnYCiAFxuqzOSgt6nekJytNEARRE5FlH7yor0 [preauth]
debug3: mm_key_allowed: entering [preauth]
debug3: mm_request_send: entering, type 22 [preauth]
debug3: mm_key_allowed: waiting for MONITOR_ANS_KEYALLOWED [preauth]
debug3: mm_request_receive_expect: entering, type 23 [preauth]
debug3: mm_request_receive: entering [preauth]
debug3: mm_request_receive: entering
debug3: monitor_read: checking request 22
debug3: mm_answer_keyallowed: entering
debug1: temporarily_use_uid: 501/20 (e=501/20)
debug1: restore_uid: (unprivileged)
debug1: temporarily_use_uid: 501/20 (e=501/20)
debug1: trying public key file /Users/charlesabrooker/.no-mistakes/worktrees/32d18ed9638d/01M48YDAJ274FP0KSXR35TAEYY/.live-validation/remote/user.pub
debug1: fd 9 clearing O_NONBLOCK
debug1: /Users/charlesabrooker/.no-mistakes/worktrees/32d18ed9638d/01M48YDAJ274FP0KSXR35TAEYY/.live-validation/remote/user.pub:1: matching key found: ED25519 SHA256:7sc69UbnYCiAFxuqzOSgt6nekJytNEARRE5FlH7yor0
debug1: /Users/charlesabrooker/.no-mistakes/worktrees/32d18ed9638d/01M48YDAJ274FP0KSXR35TAEYY/.live-validation/remote/user.pub:1: key options: agent-forwarding port-forwarding pty user-rc x11-forwarding
debug3: /Users/charlesabrooker/.no-mistakes/worktrees/32d18ed9638d/01M48YDAJ274FP0KSXR35TAEYY/.live-validation/remote/user.pub:1: key options: agent-forwarding port-forwarding pty user-rc x11-forwarding
Accepted key ED25519 SHA256:7sc69UbnYCiAFxuqzOSgt6nekJytNEARRE5FlH7yor0 found at /Users/charlesabrooker/.no-mistakes/worktrees/32d18ed9638d/01M48YDAJ274FP0KSXR35TAEYY/.live-validation/remote/user.pub:1
debug2: auth_check_authkeys_file: /Users/charlesabrooker/.no-mistakes/worktrees/32d18ed9638d/01M48YDAJ274FP0KSXR35TAEYY/.live-validation/remote/user.pub: processed 1/1 lines
debug1: restore_uid: (unprivileged)
debug3: mm_answer_keyallowed: publickey authentication: ED25519 key is allowed
debug3: mm_request_send: entering, type 23
debug3: mm_sshkey_verify: entering [preauth]
debug3: mm_request_send: entering, type 24 [preauth]
debug3: mm_sshkey_verify: waiting for MONITOR_ANS_KEYVERIFY [preauth]
debug3: mm_request_receive_expect: entering, type 25 [preauth]
debug3: mm_request_receive: entering [preauth]
debug3: mm_request_receive: entering
debug3: monitor_read: checking request 24
debug3: mm_answer_keyverify: publickey ED25519 signature using ssh-ed25519 verified
debug1: auth_activate_options: setting new authentication options
debug3: mm_request_send: entering, type 25
debug3: auth2_update_methods_lists: updating methods list after "publickey"
debug2: authentication methods list 0 complete
Accepted publickey for charlesabrooker from 127.0.0.1 port 49394 ssh2: ED25519 SHA256:7sc69UbnYCiAFxuqzOSgt6nekJytNEARRE5FlH7yor0
debug1: monitor_child_preauth: user charlesabrooker authenticated by privileged process
debug3: mm_get_keystate: Waiting for new keys
debug3: mm_request_receive_expect: entering, type 26
debug3: mm_request_receive: entering
debug3: mm_get_keystate: GOT new keys
debug1: auth_activate_options: setting new authentication options [preauth]
debug2: userauth_pubkey: authenticated 1 pkalg ssh-ed25519 [preauth]
debug3: user_specific_delay: user specific delay 1.237ms [preauth]
debug3: ensure_minimum_time_since: elapsed 6.510ms, delaying 5.964ms (requested 6.237ms) [preauth]
debug3: auth2_update_methods_lists: updating methods list after "publickey" [preauth]
debug2: authentication methods list 0 complete [preauth]
debug3: send packet: type 52 [preauth]
debug3: mm_request_send: entering, type 26 [preauth]
debug3: mm_send_keystate: Finished sending state [preauth]
debug1: monitor_read_log: child log fd closed
debug3: monitor_child_preauth: preauth child 53384 terminated successfully
debug2: server_accept_loop: child 52955 for connection from 127.0.0.1 to 127.0.0.1 auth done
debug1: child_close: enter (forcing)
BSM audit: bsm_audit_session_setup: setaudit_addr failed: Operation not permitted
debug3: BSM audit: typ 0 rc 0 "successful login charlesabrooker"
debug3: BSM audit: writing audit new record
BSM audit: bsm_audit_record failed to write "successful login charlesabrooker" record: Operation not permitted
debug3: monitor_apply_keystate: packet_set_state
debug2: ssh_set_newkeys: mode 0
debug1: rekey in after 134217728 blocks
debug2: ssh_set_newkeys: mode 1
debug1: rekey out after 134217728 blocks
debug1: ssh_packet_set_postauth: called
debug3: ssh_packet_set_state: done
debug3: notify_hostkeys: key 0: ssh-ed25519 SHA256:WwiWglN1fa9aE2Tl8g9MALW85mRMZENG58raojQZH9g
debug3: notify_hostkeys: sent 1 hostkeys
debug3: send packet: type 80
debug1: active: key options: agent-forwarding port-forwarding pty user-rc x11-forwarding
debug3: sending debug message: /Users/charlesabrooker/.no-mistakes/worktrees/32d18ed9638d/01M48YDAJ274FP0KSXR35TAEYY/.live-validation/remote/user.pub:1: key options: agent-forwarding port-forwarding pty user-rc x11-forwarding
User child is on pid 54207
debug3: send packet: type 4
debug3: sending debug message: /Users/charlesabrooker/.no-mistakes/worktrees/32d18ed9638d/01M48YDAJ274FP0KSXR35TAEYY/.live-validation/remote/user.pub:1: key options: agent-forwarding port-forwarding pty user-rc x11-forwarding
debug3: send packet: type 4
debug1: Entering interactive session for SSH2.
debug1: server_init_dispatch
debug3: receive packet: type 90
debug1: server_input_channel_open: ctype session rchan 0 win 2097152 max 32768
debug1: input_session_request
debug1: channel 0: new session [server-session] (inactive timeout: 0)
debug2: session_new: allocate (allocated 0 max 10)
debug3: session_unused: session id 0 unused
debug1: session_new: session 0
debug1: session_open: channel 0
debug1: session_open: session 0: link with channel 0
debug1: server_input_channel_open: confirm session
debug3: send packet: type 91
debug3: receive packet: type 80
debug1: server_input_global_request: rtype no-more-sessions@openssh.com want_reply 0
debug2: process_output: session QoS is now interactive
debug3: set_sock_tos: set socket 8 IP_TOS 0xb8
debug3: receive packet: type 98
debug1: server_input_channel_req: channel 0 request env reply 0
debug1: session_by_channel: session 0 channel 0
debug1: session_input_channel_req: session 0 req env
debug2: Ignoring env request LANG: disallowed name
debug3: receive packet: type 98
debug1: server_input_channel_req: channel 0 request exec reply 1
debug1: session_by_channel: session 0 channel 0
debug1: session_input_channel_req: session 0 req exec
debug2: channel_set_xtype: labeled channel 0 as session:command (inactive timeout 0)
Starting session: command for charlesabrooker from 127.0.0.1 port 49394 id 0
debug3: mm_audit_run_command: entering command /usr/bin/env FM_REMOTE_JOB_PLATFORM_OVERRIDE=Linux FM_REMOTE_JOB_STATE_ROOT=/Users/charlesabrooker/.no-mistakes/worktrees/32d18ed9638d/01M48YDAJ274FP0KSXR35TAEYY/.live-validation/remote/jobs /Users/charlesabrooker/.no-mistakes/worktrees/32d18ed9638d/01M48YDAJ274FP0KSXR35TAEYY/.live-validation/remote/checkout/bin/fm-remote-entrypoint.sh 1 L1VzZXJzL2NoYXJsZXNhYnJvb2tlci8ubm8tbWlzdGFrZXMvd29ya3RyZWVzLzMyZDE4ZWQ5NjM4ZC8wMU00OFlEQUoyNzRGUDBLU1hSMzVUQUVZWS8ubGl2ZS12YWxpZGF0aW9uL3JlbW90ZS9jaGVja291dA== L1VzZXJzL2NoYXJsZXNhYnJvb2tlci8ubm8tbWlzdGFrZXMvd29ya3RyZWVzLzMyZDE4ZWQ5NjM4ZC8wMU00OFlEQUoyNzRGUDBLU1hSMzVUQUVZWS8ubGl2ZS12YWxpZGF0aW9uL3JlbW90ZS9tYXRl Zm0tcmVtb3RlLWZpbGUuc2gAZ2V0AGRhdGEvcmVwbHkvcmVwbGF5Lm1kADI2MjE0NAA=
debug3: mm_request_send: entering, type 113
debug3: mm_request_receive: entering
debug3: monitor_read: checking request 113
debug3: mm_answer_audit_command: entering
debug2: fd 15 setting O_NONBLOCK
debug2: fd 14 setting O_NONBLOCK
debug2: fd 17 setting O_NONBLOCK
debug3: send packet: type 99
debug2: process_output: session QoS is now non-interactive
debug3: set_sock_tos: set socket 8 IP_TOS 0x00
debug3: receive packet: type 96
debug2: channel 0: rcvd eof
debug2: channel 0: output open -> drain
debug2: channel 0: obuf empty
debug2: chan_shutdown_write: channel 0: (i0 o1 sock -1 wfd 14 efd 17 [read])
debug2: channel 0: output drain -> closed
debug2: channel 0: read 34 from efd 17
debug2: channel 0: rwin 2097152 elen 34 euse 1
debug2: channel 0: sent ext data 34
debug2: channel 0: read failed rfd 15 maxlen 32768: Broken pipe
debug2: channel 0: read failed
debug2: chan_shutdown_read: channel 0: (i0 o3 sock -1 wfd 15 efd 17 [read])
debug2: channel 0: input open -> drain
debug2: channel 0: read 0 from efd 17
debug2: channel 0: closing read-efd 17
debug2: channel 0: ibuf empty
debug2: channel 0: send eof
debug3: send packet: type 96
debug2: channel 0: input drain -> closed
debug1: Received SIGCHLD.
debug1: session_by_pid: pid 54233
debug2: channel 0: request exit-status confirm 0
debug3: send packet: type 98
debug1: session_exit_message: session 0 channel 0 pid 54233 exit 0
debug1: session_exit_message: release channel 0
debug2: channel 0: send_close2
debug2: channel 0: send close for remote id 0
debug3: send packet: type 97
debug3: channel 0: will not send data after close
debug3: receive packet: type 97
debug2: channel 0: rcvd close
debug3: receive packet: type 1
Received disconnect from 127.0.0.1 port 49394:11: disconnected by user
Disconnected from user charlesabrooker 127.0.0.1 port 49394
debug1: do_cleanup
debug3: mm_request_receive: entering
debug3: mm_request_receive: monitor fd closed
debug1: mm_reap: child exited with status 255
debug1: do_cleanup
debug3: BSM audit: typ 0 rc 0 "sshd logout charlesabrooker"
debug3: BSM audit: writing audit new record
BSM audit: bsm_audit_record failed to write "sshd logout charlesabrooker" record: Operation not permitted
debug1: fd 7 clearing O_NONBLOCK
debug2: fd 8 setting O_NONBLOCK
debug1: Forked child 83980.
debug1: rexec start in 7 out 7 newsock 7 config_s 8/9
debug1: sshd-session version OpenSSH_10.3, LibreSSL 3.3.6
debug2: server_accept_loop: child 83980 for connection from 127.0.0.1 to 127.0.0.1 received config
debug1: network sockets: 8, 8
debug2: fd 8 setting TCP_NODELAY
debug3: set_sock_tos: set socket 8 IP_TOS 0xb8
debug3: server_process_channel_timeouts: setting 0 timeouts
debug3: channel_clear_timeouts: clearing
debug3: BSM audit: connection from 127.0.0.1 port 49463
debug3: BSM audit: iptype 4 machine ID 0100007f 00000000 00000000 00000000
Connection from 127.0.0.1 port 49463 on 127.0.0.1 port 65101
debug2: fd 8 setting O_NONBLOCK
debug2: Network child is on pid 84030
debug3: preauth child monitor started
debug3: mm_request_receive: entering
debug3: monitor_read: checking request 51
debug1: mm_answer_state: config len 580
debug3: mm_request_send: entering, type 52
debug3: mm_answer_state: done
debug2: monitor_read: 51 used once, disabling now
debug1: sshd-auth version OpenSSH_10.3, LibreSSL 3.3.6 [preauth]
debug3: server_process_channel_timeouts: setting 0 timeouts [preauth]
debug3: channel_clear_timeouts: clearing [preauth]
debug3: fd 5 is O_NONBLOCK [preauth]
debug3: ssh_sandbox_init: preparing Darwin sandbox [preauth]
debug3: ssh_sandbox_child: starting Darwin sandbox [preauth]
debug1: list_hostkey_types: ssh-ed25519 [preauth]
debug1: Local version string SSH-2.0-OpenSSH_10.3 [preauth]
debug1: Remote protocol version 2.0, remote software version OpenSSH_10.3 [preauth]
debug1: compat_banner: match: OpenSSH_10.3 pat OpenSSH* compat 0x04000000 [preauth]
debug3: mm_sshkey_setcompat: entering [preauth]
debug3: mm_request_send: entering, type 18 [preauth]
debug3: send packet: type 20 [preauth]
debug1: SSH2_MSG_KEXINIT sent [preauth]
debug3: mm_request_receive: entering
debug3: monitor_read: checking request 18
debug3: mm_answer_setcompat: entering
debug2: monitor_read: 18 used once, disabling now
debug3: receive packet: type 20 [preauth]
debug1: SSH2_MSG_KEXINIT received [preauth]
debug2: local server KEXINIT proposal [preauth]
debug2: KEX algorithms: mlkem768x25519-sha256,sntrup761x25519-sha512,sntrup761x25519-sha512@openssh.com,curve25519-sha256,curve25519-sha256@libssh.org,ecdh-sha2-nistp256,ecdh-sha2-nistp384,ecdh-sha2-nistp521,ext-info-s,kex-strict-s-v00@openssh.com [preauth]
debug2: host key algorithms: ssh-ed25519 [preauth]
debug2: ciphers ctos: chacha20-poly1305@openssh.com,aes128-gcm@openssh.com,aes256-gcm@openssh.com,aes128-ctr,aes192-ctr,aes256-ctr [preauth]
debug2: ciphers stoc: chacha20-poly1305@openssh.com,aes128-gcm@openssh.com,aes256-gcm@openssh.com,aes128-ctr,aes192-ctr,aes256-ctr [preauth]
debug2: MACs ctos: umac-64-etm@openssh.com,umac-128-etm@openssh.com,hmac-sha2-256-etm@openssh.com,hmac-sha2-512-etm@openssh.com,hmac-sha1-etm@openssh.com,umac-64@openssh.com,umac-128@openssh.com,hmac-sha2-256,hmac-sha2-512,hmac-sha1 [preauth]
debug2: MACs stoc: umac-64-etm@openssh.com,umac-128-etm@openssh.com,hmac-sha2-256-etm@openssh.com,hmac-sha2-512-etm@openssh.com,hmac-sha1-etm@openssh.com,umac-64@openssh.com,umac-128@openssh.com,hmac-sha2-256,hmac-sha2-512,hmac-sha1 [preauth]
debug2: compression ctos: none,zlib@openssh.com [preauth]
debug2: compression stoc: none,zlib@openssh.com [preauth]
debug2: languages ctos:  [preauth]
debug2: languages stoc:  [preauth]
debug2: first_kex_follows 0  [preauth]
debug2: reserved 0  [preauth]
debug2: peer client KEXINIT proposal [preauth]
debug2: KEX algorithms: mlkem768x25519-sha256,sntrup761x25519-sha512,sntrup761x25519-sha512@openssh.com,curve25519-sha256,curve25519-sha256@libssh.org,ecdh-sha2-nistp256,ecdh-sha2-nistp384,ecdh-sha2-nistp521,diffie-hellman-group-exchange-sha256,diffie-hellman-group16-sha512,diffie-hellman-group18-sha512,diffie-hellman-group14-sha256,ext-info-c,kex-strict-c-v00@openssh.com [preauth]
debug2: host key algorithms: ssh-ed25519-cert-v01@openssh.com,ecdsa-sha2-nistp256-cert-v01@openssh.com,ecdsa-sha2-nistp384-cert-v01@openssh.com,ecdsa-sha2-nistp521-cert-v01@openssh.com,sk-ssh-ed25519-cert-v01@openssh.com,sk-ecdsa-sha2-nistp256-cert-v01@openssh.com,webauthn-sk-ecdsa-sha2-nistp256-cert-v01@openssh.com,rsa-sha2-512-cert-v01@openssh.com,rsa-sha2-256-cert-v01@openssh.com,ssh-ed25519,ecdsa-sha2-nistp256,ecdsa-sha2-nistp384,ecdsa-sha2-nistp521,sk-ssh-ed25519@openssh.com,sk-ecdsa-sha2-nistp256@openssh.com,webauthn-sk-ecdsa-sha2-nistp256@openssh.com,rsa-sha2-512,rsa-sha2-256 [preauth]
debug2: ciphers ctos: chacha20-poly1305@openssh.com,aes128-gcm@openssh.com,aes256-gcm@openssh.com,aes128-ctr,aes192-ctr,aes256-ctr [preauth]
debug2: ciphers stoc: chacha20-poly1305@openssh.com,aes128-gcm@openssh.com,aes256-gcm@openssh.com,aes128-ctr,aes192-ctr,aes256-ctr [preauth]
debug2: MACs ctos: umac-64-etm@openssh.com,umac-128-etm@openssh.com,hmac-sha2-256-etm@openssh.com,hmac-sha2-512-etm@openssh.com,hmac-sha1-etm@openssh.com,umac-64@openssh.com,umac-128@openssh.com,hmac-sha2-256,hmac-sha2-512,hmac-sha1 [preauth]
debug2: MACs stoc: umac-64-etm@openssh.com,umac-128-etm@openssh.com,hmac-sha2-256-etm@openssh.com,hmac-sha2-512-etm@openssh.com,hmac-sha1-etm@openssh.com,umac-64@openssh.com,umac-128@openssh.com,hmac-sha2-256,hmac-sha2-512,hmac-sha1 [preauth]
debug2: compression ctos: none,zlib@openssh.com [preauth]
debug2: compression stoc: none,zlib@openssh.com [preauth]
debug2: languages ctos:  [preauth]
debug2: languages stoc:  [preauth]
debug2: first_kex_follows 0  [preauth]
debug2: reserved 0  [preauth]
debug3: kex_choose_conf: will use strict KEX ordering [preauth]
debug1: kex: algorithm: mlkem768x25519-sha256 [preauth]
debug1: kex: host key algorithm: ssh-ed25519 [preauth]
debug1: kex: client->server cipher: chacha20-poly1305@openssh.com MAC: <implicit> compression: none [preauth]
debug1: kex: server->client cipher: chacha20-poly1305@openssh.com MAC: <implicit> compression: none [preauth]
debug1: expecting SSH2_MSG_KEX_ECDH_INIT [preauth]
debug3: receive packet: type 30 [preauth]
debug1: SSH2_MSG_KEX_ECDH_INIT received [preauth]
debug3: mm_sshkey_sign: entering [preauth]
debug3: mm_request_send: entering, type 6 [preauth]
debug3: mm_sshkey_sign: waiting for MONITOR_ANS_SIGN [preauth]
debug3: mm_request_receive_expect: entering, type 7 [preauth]
debug3: mm_request_receive: entering [preauth]
debug3: mm_request_receive: entering
debug3: monitor_read: checking request 6
debug3: mm_answer_sign: entering
debug1: mm_answer_sign: hostkey ssh-ed25519 index 0
debug3: mm_answer_sign: ssh-ed25519 KEX signature len=83
debug3: mm_request_send: entering, type 7
debug2: monitor_read: 6 used once, disabling now
debug3: mm_sshkey_sign: ssh-ed25519 signature len=83 [preauth]
debug3: send packet: type 31 [preauth]
debug3: send packet: type 21 [preauth]
debug1: ssh_packet_send2_wrapped: resetting send seqnr 3 [preauth]
debug2: ssh_set_newkeys: mode 1 [preauth]
debug1: rekey out after 134217728 blocks [preauth]
debug1: SSH2_MSG_NEWKEYS sent [preauth]
debug1: Sending SSH2_MSG_EXT_INFO [preauth]
debug3: send packet: type 7 [preauth]
debug1: expecting SSH2_MSG_NEWKEYS [preauth]
debug3: receive packet: type 21 [preauth]
debug1: ssh_packet_read_poll2: resetting read seqnr 3 [preauth]
debug1: SSH2_MSG_NEWKEYS received [preauth]
debug2: ssh_set_newkeys: mode 0 [preauth]
debug1: rekey in after 134217728 blocks [preauth]
debug2: KEX algorithms: mlkem768x25519-sha256,sntrup761x25519-sha512,sntrup761x25519-sha512@openssh.com,curve25519-sha256,curve25519-sha256@libssh.org,ecdh-sha2-nistp256,ecdh-sha2-nistp384,ecdh-sha2-nistp521,ext-info-s,kex-strict-s-v00@openssh.com [preauth]
debug2: host key algorithms: ssh-ed25519 [preauth]
debug2: ciphers ctos: chacha20-poly1305@openssh.com,aes128-gcm@openssh.com,aes256-gcm@openssh.com,aes128-ctr,aes192-ctr,aes256-ctr [preauth]
debug2: ciphers stoc: chacha20-poly1305@openssh.com,aes128-gcm@openssh.com,aes256-gcm@openssh.com,aes128-ctr,aes192-ctr,aes256-ctr [preauth]
debug2: MACs ctos: umac-64-etm@openssh.com,umac-128-etm@openssh.com,hmac-sha2-256-etm@openssh.com,hmac-sha2-512-etm@openssh.com,hmac-sha1-etm@openssh.com,umac-64@openssh.com,umac-128@openssh.com,hmac-sha2-256,hmac-sha2-512,hmac-sha1 [preauth]
debug2: MACs stoc: umac-64-etm@openssh.com,umac-128-etm@openssh.com,hmac-sha2-256-etm@openssh.com,hmac-sha2-512-etm@openssh.com,hmac-sha1-etm@openssh.com,umac-64@openssh.com,umac-128@openssh.com,hmac-sha2-256,hmac-sha2-512,hmac-sha1 [preauth]
debug2: compression ctos: none,zlib@openssh.com [preauth]
debug2: compression stoc: none,zlib@openssh.com [preauth]
debug2: languages ctos:  [preauth]
debug2: languages stoc:  [preauth]
debug2: first_kex_follows 0  [preauth]
debug2: reserved 0  [preauth]
debug1: KEX done [preauth]
debug3: receive packet: type 7 [preauth]
debug1: SSH2_MSG_EXT_INFO received [preauth]
debug3: kex_input_ext_info: extension ext-info-in-auth@openssh.com [preauth]
debug1: kex_ext_info_check_ver: ext-info-in-auth@openssh.com=<0> [preauth]
debug3: receive packet: type 5 [preauth]
debug3: send packet: type 6 [preauth]
debug3: receive packet: type 50 [preauth]
debug1: userauth-request for user charlesabrooker service ssh-connection method none [preauth]
debug1: attempt 0 failures 0 [preauth]
debug3: mm_getpwnamallow: entering [preauth]
debug3: mm_request_send: entering, type 8 [preauth]
debug3: mm_getpwnamallow: waiting for MONITOR_ANS_PWNAM [preauth]
debug3: mm_request_receive_expect: entering, type 9 [preauth]
debug3: mm_request_receive: entering [preauth]
debug3: mm_request_receive: entering
debug3: monitor_read: checking request 8
debug3: mm_answer_pwnamallow: entering
debug2: parse_server_config_depth: config reprocess config len 580
debug3: auth2_setup_methods_lists: checking methods
debug1: authentication methods list 0: publickey
debug3: mm_answer_pwnamallow: sending MONITOR_ANS_PWNAM: 1
debug3: mm_request_send: entering, type 9
debug2: monitor_read: 8 used once, disabling now
debug3: server_process_channel_timeouts: setting 0 timeouts [preauth]
debug3: channel_clear_timeouts: clearing [preauth]
debug2: input_userauth_request: setting up authctxt for charlesabrooker [preauth]
debug3: mm_inform_authserv: entering [preauth]
debug3: mm_request_send: entering, type 4 [preauth]
debug1: kex_server_update_ext_info: Sending SSH2_MSG_EXT_INFO [preauth]
debug3: send packet: type 7 [preauth]
debug3: auth2_setup_methods_lists: checking methods [preauth]
debug1: authentication methods list 0: publickey [preauth]
debug3: authmethod_lookup: method none not allowed by AuthenticationMethods [preauth]
debug3: userauth_finish: failure partial=0 next methods="publickey" [preauth]
debug3: send packet: type 51 [preauth]
debug3: mm_request_receive: entering
debug3: monitor_read: checking request 4
debug3: mm_answer_authserv: service=ssh-connection, style=
debug2: monitor_read: 4 used once, disabling now
debug3: receive packet: type 50 [preauth]
debug1: userauth-request for user charlesabrooker service ssh-connection method publickey [preauth]
debug1: attempt 1 failures 0 [preauth]
debug2: input_userauth_request: try method publickey [preauth]
debug2: userauth_pubkey: valid user charlesabrooker querying public key ssh-ed25519 AAAAC3NzaC1lZDI1NTE5AAAAIC29h5YAq/Tle+j2rirq6Xj2QUBhQHpieTMA6puP9ciD [preauth]
debug1: userauth_pubkey: publickey test pkalg ssh-ed25519 pkblob ED25519 SHA256:7sc69UbnYCiAFxuqzOSgt6nekJytNEARRE5FlH7yor0 [preauth]
debug3: mm_key_allowed: entering [preauth]
debug3: mm_request_send: entering, type 22 [preauth]
debug3: mm_key_allowed: waiting for MONITOR_ANS_KEYALLOWED [preauth]
debug3: mm_request_receive_expect: entering, type 23 [preauth]
debug3: mm_request_receive: entering [preauth]
debug3: mm_request_receive: entering
debug3: monitor_read: checking request 22
debug3: mm_answer_keyallowed: entering
debug1: temporarily_use_uid: 501/20 (e=501/20)
debug1: restore_uid: (unprivileged)
debug1: temporarily_use_uid: 501/20 (e=501/20)
debug1: trying public key file /Users/charlesabrooker/.no-mistakes/worktrees/32d18ed9638d/01M48YDAJ274FP0KSXR35TAEYY/.live-validation/remote/user.pub
debug1: fd 9 clearing O_NONBLOCK
debug1: /Users/charlesabrooker/.no-mistakes/worktrees/32d18ed9638d/01M48YDAJ274FP0KSXR35TAEYY/.live-validation/remote/user.pub:1: matching key found: ED25519 SHA256:7sc69UbnYCiAFxuqzOSgt6nekJytNEARRE5FlH7yor0
debug1: /Users/charlesabrooker/.no-mistakes/worktrees/32d18ed9638d/01M48YDAJ274FP0KSXR35TAEYY/.live-validation/remote/user.pub:1: key options: agent-forwarding port-forwarding pty user-rc x11-forwarding
debug3: /Users/charlesabrooker/.no-mistakes/worktrees/32d18ed9638d/01M48YDAJ274FP0KSXR35TAEYY/.live-validation/remote/user.pub:1: key options: agent-forwarding port-forwarding pty user-rc x11-forwarding
Accepted key ED25519 SHA256:7sc69UbnYCiAFxuqzOSgt6nekJytNEARRE5FlH7yor0 found at /Users/charlesabrooker/.no-mistakes/worktrees/32d18ed9638d/01M48YDAJ274FP0KSXR35TAEYY/.live-validation/remote/user.pub:1
debug2: auth_check_authkeys_file: /Users/charlesabrooker/.no-mistakes/worktrees/32d18ed9638d/01M48YDAJ274FP0KSXR35TAEYY/.live-validation/remote/user.pub: processed 1/1 lines
debug1: restore_uid: (unprivileged)
debug3: mm_answer_keyallowed: publickey authentication test: ED25519 key is allowed
debug3: mm_request_send: entering, type 23
debug3: send packet: type 60 [preauth]
debug2: userauth_pubkey: authenticated 0 pkalg ssh-ed25519 [preauth]
debug3: user_specific_delay: user specific delay 1.237ms [preauth]
debug3: ensure_minimum_time_since: elapsed 0.414ms, delaying 5.823ms (requested 6.237ms) [preauth]
Postponed publickey for charlesabrooker from 127.0.0.1 port 49463 ssh2 [preauth]
debug3: receive packet: type 50 [preauth]
debug1: userauth-request for user charlesabrooker service ssh-connection method publickey-hostbound-v00@openssh.com [preauth]
debug1: attempt 2 failures 0 [preauth]
debug2: input_userauth_request: try method publickey-hostbound-v00@openssh.com [preauth]
debug2: userauth_pubkey: valid user charlesabrooker attempting public key ssh-ed25519 AAAAC3NzaC1lZDI1NTE5AAAAIC29h5YAq/Tle+j2rirq6Xj2QUBhQHpieTMA6puP9ciD [preauth]
debug3: userauth_pubkey: publickey-hostbound-v00@openssh.com have ssh-ed25519 signature for ED25519 SHA256:7sc69UbnYCiAFxuqzOSgt6nekJytNEARRE5FlH7yor0 [preauth]
debug3: mm_key_allowed: entering [preauth]
debug3: mm_request_send: entering, type 22 [preauth]
debug3: mm_key_allowed: waiting for MONITOR_ANS_KEYALLOWED [preauth]
debug3: mm_request_receive_expect: entering, type 23 [preauth]
debug3: mm_request_receive: entering [preauth]
debug3: mm_request_receive: entering
debug3: monitor_read: checking request 22
debug3: mm_answer_keyallowed: entering
debug1: temporarily_use_uid: 501/20 (e=501/20)
debug1: restore_uid: (unprivileged)
debug1: temporarily_use_uid: 501/20 (e=501/20)
debug1: trying public key file /Users/charlesabrooker/.no-mistakes/worktrees/32d18ed9638d/01M48YDAJ274FP0KSXR35TAEYY/.live-validation/remote/user.pub
debug1: fd 9 clearing O_NONBLOCK
debug1: /Users/charlesabrooker/.no-mistakes/worktrees/32d18ed9638d/01M48YDAJ274FP0KSXR35TAEYY/.live-validation/remote/user.pub:1: matching key found: ED25519 SHA256:7sc69UbnYCiAFxuqzOSgt6nekJytNEARRE5FlH7yor0
debug1: /Users/charlesabrooker/.no-mistakes/worktrees/32d18ed9638d/01M48YDAJ274FP0KSXR35TAEYY/.live-validation/remote/user.pub:1: key options: agent-forwarding port-forwarding pty user-rc x11-forwarding
debug3: /Users/charlesabrooker/.no-mistakes/worktrees/32d18ed9638d/01M48YDAJ274FP0KSXR35TAEYY/.live-validation/remote/user.pub:1: key options: agent-forwarding port-forwarding pty user-rc x11-forwarding
Accepted key ED25519 SHA256:7sc69UbnYCiAFxuqzOSgt6nekJytNEARRE5FlH7yor0 found at /Users/charlesabrooker/.no-mistakes/worktrees/32d18ed9638d/01M48YDAJ274FP0KSXR35TAEYY/.live-validation/remote/user.pub:1
debug2: auth_check_authkeys_file: /Users/charlesabrooker/.no-mistakes/worktrees/32d18ed9638d/01M48YDAJ274FP0KSXR35TAEYY/.live-validation/remote/user.pub: processed 1/1 lines
debug1: restore_uid: (unprivileged)
debug3: mm_answer_keyallowed: publickey authentication: ED25519 key is allowed
debug3: mm_request_send: entering, type 23
debug3: mm_sshkey_verify: entering [preauth]
debug3: mm_request_send: entering, type 24 [preauth]
debug3: mm_sshkey_verify: waiting for MONITOR_ANS_KEYVERIFY [preauth]
debug3: mm_request_receive_expect: entering, type 25 [preauth]
debug3: mm_request_receive: entering [preauth]
debug3: mm_request_receive: entering
debug3: monitor_read: checking request 24
debug3: mm_answer_keyverify: publickey ED25519 signature using ssh-ed25519 verified
debug1: auth_activate_options: setting new authentication options
debug3: mm_request_send: entering, type 25
debug3: auth2_update_methods_lists: updating methods list after "publickey"
debug2: authentication methods list 0 complete
Accepted publickey for charlesabrooker from 127.0.0.1 port 49463 ssh2: ED25519 SHA256:7sc69UbnYCiAFxuqzOSgt6nekJytNEARRE5FlH7yor0
debug1: monitor_child_preauth: user charlesabrooker authenticated by privileged process
debug3: mm_get_keystate: Waiting for new keys
debug3: mm_request_receive_expect: entering, type 26
debug3: mm_request_receive: entering
debug3: mm_get_keystate: GOT new keys
debug1: auth_activate_options: setting new authentication options [preauth]
debug2: userauth_pubkey: authenticated 1 pkalg ssh-ed25519 [preauth]
debug3: user_specific_delay: user specific delay 1.237ms [preauth]
debug3: ensure_minimum_time_since: elapsed 13.573ms, delaying 11.374ms (requested 6.237ms) [preauth]
debug3: auth2_update_methods_lists: updating methods list after "publickey" [preauth]
debug2: authentication methods list 0 complete [preauth]
debug3: send packet: type 52 [preauth]
debug3: mm_request_send: entering, type 26 [preauth]
debug3: mm_send_keystate: Finished sending state [preauth]
debug1: monitor_read_log: child log fd closed
debug3: monitor_child_preauth: preauth child 84030 terminated successfully
debug2: server_accept_loop: child 83980 for connection from 127.0.0.1 to 127.0.0.1 auth done
debug1: child_close: enter (forcing)
BSM audit: bsm_audit_session_setup: setaudit_addr failed: Operation not permitted
debug3: BSM audit: typ 0 rc 0 "successful login charlesabrooker"
debug3: BSM audit: writing audit new record
BSM audit: bsm_audit_record failed to write "successful login charlesabrooker" record: Operation not permitted
debug3: monitor_apply_keystate: packet_set_state
debug2: ssh_set_newkeys: mode 0
debug1: rekey in after 134217728 blocks
debug2: ssh_set_newkeys: mode 1
debug1: rekey out after 134217728 blocks
debug1: ssh_packet_set_postauth: called
debug3: ssh_packet_set_state: done
debug3: notify_hostkeys: key 0: ssh-ed25519 SHA256:WwiWglN1fa9aE2Tl8g9MALW85mRMZENG58raojQZH9g
debug3: notify_hostkeys: sent 1 hostkeys
debug3: send packet: type 80
debug1: active: key options: agent-forwarding port-forwarding pty user-rc x11-forwarding
debug3: sending debug message: /Users/charlesabrooker/.no-mistakes/worktrees/32d18ed9638d/01M48YDAJ274FP0KSXR35TAEYY/.live-validation/remote/user.pub:1: key options: agent-forwarding port-forwarding pty user-rc x11-forwarding
debug3: send packet: type 4
debug3: sending debug message: /Users/charlesabrooker/.no-mistakes/worktrees/32d18ed9638d/01M48YDAJ274FP0KSXR35TAEYY/.live-validation/remote/user.pub:1: key options: agent-forwarding port-forwarding pty user-rc x11-forwarding
debug3: send packet: type 4
debug1: Entering interactive session for SSH2.
debug1: server_init_dispatch
debug3: receive packet: type 90
debug1: server_input_channel_open: ctype session rchan 0 win 2097152 max 32768
debug1: input_session_request
debug1: channel 0: new session [server-session] (inactive timeout: 0)
debug2: session_new: allocate (allocated 0 max 10)
debug3: session_unused: session id 0 unused
debug1: session_new: session 0
debug1: session_open: channel 0
debug1: session_open: session 0: link with channel 0
debug1: server_input_channel_open: confirm session
debug3: send packet: type 91
debug3: receive packet: type 80
debug1: server_input_global_request: rtype no-more-sessions@openssh.com want_reply 0
debug2: process_output: session QoS is now interactive
debug3: set_sock_tos: set socket 8 IP_TOS 0xb8
User child is on pid 84415
debug3: receive packet: type 98
debug1: server_input_channel_req: channel 0 request env reply 0
debug1: session_by_channel: session 0 channel 0
debug1: session_input_channel_req: session 0 req env
debug2: Ignoring env request LANG: disallowed name
debug3: receive packet: type 98
debug1: server_input_channel_req: channel 0 request exec reply 1
debug1: session_by_channel: session 0 channel 0
debug1: session_input_channel_req: session 0 req exec
debug2: channel_set_xtype: labeled channel 0 as session:command (inactive timeout 0)
Starting session: command for charlesabrooker from 127.0.0.1 port 49463 id 0
debug3: mm_audit_run_command: entering command /usr/bin/env FM_REMOTE_JOB_PLATFORM_OVERRIDE=Linux FM_REMOTE_JOB_STATE_ROOT=/Users/charlesabrooker/.no-mistakes/worktrees/32d18ed9638d/01M48YDAJ274FP0KSXR35TAEYY/.live-validation/remote/jobs /Users/charlesabrooker/.no-mistakes/worktrees/32d18ed9638d/01M48YDAJ274FP0KSXR35TAEYY/.live-validation/remote/checkout/bin/fm-remote-entrypoint.sh 1 L1VzZXJzL2NoYXJsZXNhYnJvb2tlci8ubm8tbWlzdGFrZXMvd29ya3RyZWVzLzMyZDE4ZWQ5NjM4ZC8wMU00OFlEQUoyNzRGUDBLU1hSMzVUQUVZWS8ubGl2ZS12YWxpZGF0aW9uL3JlbW90ZS9jaGVja291dA== L1VzZXJzL2NoYXJsZXNhYnJvb2tlci8ubm8tbWlzdGFrZXMvd29ya3RyZWVzLzMyZDE4ZWQ5NjM4ZC8wMU00OFlEQUoyNzRGUDBLU1hSMzVUQUVZWS8ubGl2ZS12YWxpZGF0aW9uL3JlbW90ZS9tYXRl Zm0tcmVtb3RlLWRlbHRhLXJlYWQuc2gAc3RhdGUvcGFyZW50LXJlcGxpZXMuc3RhdHVzADk1ADI3MDdhZTQ2YWRiMzYzZGJkN2ExMGEyOWQ1NzJkMjhkZjIxMTdkNzliNDhlYThkMzk3ZDM5MWJjMGYyMDAzZjYAMgA=
debug3: mm_request_send: entering, type 113
debug2: fd 15 setting O_NONBLOCK
debug2: fd 14 setting O_NONBLOCK
debug2: fd 17 setting O_NONBLOCK
debug3: send packet: type 99
debug2: process_output: session QoS is now non-interactive
debug3: set_sock_tos: set socket 8 IP_TOS 0x00
debug3: mm_request_receive: entering
debug3: monitor_read: checking request 113
debug3: mm_answer_audit_command: entering
debug3: receive packet: type 96
debug2: channel 0: rcvd eof
debug2: channel 0: output open -> drain
debug2: channel 0: obuf empty
debug2: chan_shutdown_write: channel 0: (i0 o1 sock -1 wfd 14 efd 17 [read])
debug2: channel 0: output drain -> closed
debug2: channel 0: read 34 from efd 17
debug2: channel 0: rwin 2097152 elen 34 euse 1
debug2: channel 0: sent ext data 34
debug2: channel 0: read failed rfd 15 maxlen 32768: Broken pipe
debug2: channel 0: read failed
debug2: chan_shutdown_read: channel 0: (i0 o3 sock -1 wfd 15 efd 17 [read])
debug2: channel 0: input open -> drain
debug2: channel 0: read 0 from efd 17
debug2: channel 0: closing read-efd 17
debug2: channel 0: ibuf empty
debug2: channel 0: send eof
debug3: send packet: type 96
debug2: channel 0: input drain -> closed
debug1: Received SIGCHLD.
debug1: session_by_pid: pid 84429
debug2: channel 0: request exit-status confirm 0
debug3: send packet: type 98
debug1: session_exit_message: session 0 channel 0 pid 84429 exit 75
debug1: session_exit_message: release channel 0
debug2: channel 0: send_close2
debug2: channel 0: send close for remote id 0
debug3: send packet: type 97
debug3: channel 0: will not send data after close
debug3: receive packet: type 97
debug2: channel 0: rcvd close
debug3: channel 0: will not send data after close
debug2: channel 0: is dead
debug2: channel 0: gc: notify user
debug1: session_by_channel: session 0 channel 0
debug1: session_close_by_channel: channel 0 child 0
Close session: user charlesabrooker from 127.0.0.1 port 49463 id 0
debug3: session_unused: session id 0 unused
debug2: channel 0: gc: user detached
debug2: channel 0: is dead
debug2: channel 0: garbage collecting
debug1: channel 0: free: server-session, nchannels 1
debug3: channel 0: status: The following connections are open:
  #0 server-session (t4 [session:command] r0 nm0 i3/0 o3/0 e[closed]/0 fd -1/-1/-1 sock -1 cc -1 nc0 io 0x00/0x00 B)

debug3: receive packet: type 1
Received disconnect from 127.0.0.1 port 49463:11: disconnected by user
Disconnected from user charlesabrooker 127.0.0.1 port 49463
debug1: do_cleanup
debug3: mm_request_receive: entering
debug3: mm_request_receive: monitor fd closed
debug1: mm_reap: child exited with status 255
debug1: do_cleanup
debug3: BSM audit: typ 0 rc 0 "sshd logout charlesabrooker"
debug3: BSM audit: writing audit new record
BSM audit: bsm_audit_record failed to write "sshd logout charlesabrooker" record: Operation not permitted
debug1: fd 7 clearing O_NONBLOCK
debug2: fd 8 setting O_NONBLOCK
debug1: rexec start in 7 out 7 newsock 7 config_s 8/9
debug1: Forked child 5153.
debug1: sshd-session version OpenSSH_10.3, LibreSSL 3.3.6
debug2: server_accept_loop: child 5153 for connection from 127.0.0.1 to 127.0.0.1 received config
debug1: network sockets: 8, 8
debug2: fd 8 setting TCP_NODELAY
debug3: set_sock_tos: set socket 8 IP_TOS 0xb8
debug3: server_process_channel_timeouts: setting 0 timeouts
debug3: channel_clear_timeouts: clearing
debug3: BSM audit: connection from 127.0.0.1 port 49484
debug3: BSM audit: iptype 4 machine ID 0100007f 00000000 00000000 00000000
Connection from 127.0.0.1 port 49484 on 127.0.0.1 port 65101
debug2: fd 8 setting O_NONBLOCK
debug2: Network child is on pid 5174
debug3: preauth child monitor started
debug3: mm_request_receive: entering
debug3: monitor_read: checking request 51
debug1: mm_answer_state: config len 580
debug3: mm_request_send: entering, type 52
debug3: mm_answer_state: done
debug2: monitor_read: 51 used once, disabling now
debug1: sshd-auth version OpenSSH_10.3, LibreSSL 3.3.6 [preauth]
debug3: server_process_channel_timeouts: setting 0 timeouts [preauth]
debug3: channel_clear_timeouts: clearing [preauth]
debug3: fd 5 is O_NONBLOCK [preauth]
debug3: ssh_sandbox_init: preparing Darwin sandbox [preauth]
debug3: ssh_sandbox_child: starting Darwin sandbox [preauth]
debug1: list_hostkey_types: ssh-ed25519 [preauth]
debug1: Local version string SSH-2.0-OpenSSH_10.3 [preauth]
debug1: Remote protocol version 2.0, remote software version OpenSSH_10.3 [preauth]
debug1: compat_banner: match: OpenSSH_10.3 pat OpenSSH* compat 0x04000000 [preauth]
debug3: mm_sshkey_setcompat: entering [preauth]
debug3: mm_request_send: entering, type 18 [preauth]
debug3: send packet: type 20 [preauth]
debug1: SSH2_MSG_KEXINIT sent [preauth]
debug3: mm_request_receive: entering
debug3: monitor_read: checking request 18
debug3: mm_answer_setcompat: entering
debug2: monitor_read: 18 used once, disabling now
debug3: receive packet: type 20 [preauth]
debug1: SSH2_MSG_KEXINIT received [preauth]
debug2: local server KEXINIT proposal [preauth]
debug2: KEX algorithms: mlkem768x25519-sha256,sntrup761x25519-sha512,sntrup761x25519-sha512@openssh.com,curve25519-sha256,curve25519-sha256@libssh.org,ecdh-sha2-nistp256,ecdh-sha2-nistp384,ecdh-sha2-nistp521,ext-info-s,kex-strict-s-v00@openssh.com [preauth]
debug2: host key algorithms: ssh-ed25519 [preauth]
debug2: ciphers ctos: chacha20-poly1305@openssh.com,aes128-gcm@openssh.com,aes256-gcm@openssh.com,aes128-ctr,aes192-ctr,aes256-ctr [preauth]
debug2: ciphers stoc: chacha20-poly1305@openssh.com,aes128-gcm@openssh.com,aes256-gcm@openssh.com,aes128-ctr,aes192-ctr,aes256-ctr [preauth]
debug2: MACs ctos: umac-64-etm@openssh.com,umac-128-etm@openssh.com,hmac-sha2-256-etm@openssh.com,hmac-sha2-512-etm@openssh.com,hmac-sha1-etm@openssh.com,umac-64@openssh.com,umac-128@openssh.com,hmac-sha2-256,hmac-sha2-512,hmac-sha1 [preauth]
debug2: MACs stoc: umac-64-etm@openssh.com,umac-128-etm@openssh.com,hmac-sha2-256-etm@openssh.com,hmac-sha2-512-etm@openssh.com,hmac-sha1-etm@openssh.com,umac-64@openssh.com,umac-128@openssh.com,hmac-sha2-256,hmac-sha2-512,hmac-sha1 [preauth]
debug2: compression ctos: none,zlib@openssh.com [preauth]
debug2: compression stoc: none,zlib@openssh.com [preauth]
debug2: languages ctos:  [preauth]
debug2: languages stoc:  [preauth]
debug2: first_kex_follows 0  [preauth]
debug2: reserved 0  [preauth]
debug2: peer client KEXINIT proposal [preauth]
debug2: KEX algorithms: mlkem768x25519-sha256,sntrup761x25519-sha512,sntrup761x25519-sha512@openssh.com,curve25519-sha256,curve25519-sha256@libssh.org,ecdh-sha2-nistp256,ecdh-sha2-nistp384,ecdh-sha2-nistp521,diffie-hellman-group-exchange-sha256,diffie-hellman-group16-sha512,diffie-hellman-group18-sha512,diffie-hellman-group14-sha256,ext-info-c,kex-strict-c-v00@openssh.com [preauth]
debug2: host key algorithms: ssh-ed25519-cert-v01@openssh.com,ecdsa-sha2-nistp256-cert-v01@openssh.com,ecdsa-sha2-nistp384-cert-v01@openssh.com,ecdsa-sha2-nistp521-cert-v01@openssh.com,sk-ssh-ed25519-cert-v01@openssh.com,sk-ecdsa-sha2-nistp256-cert-v01@openssh.com,webauthn-sk-ecdsa-sha2-nistp256-cert-v01@openssh.com,rsa-sha2-512-cert-v01@openssh.com,rsa-sha2-256-cert-v01@openssh.com,ssh-ed25519,ecdsa-sha2-nistp256,ecdsa-sha2-nistp384,ecdsa-sha2-nistp521,sk-ssh-ed25519@openssh.com,sk-ecdsa-sha2-nistp256@openssh.com,webauthn-sk-ecdsa-sha2-nistp256@openssh.com,rsa-sha2-512,rsa-sha2-256 [preauth]
debug2: ciphers ctos: chacha20-poly1305@openssh.com,aes128-gcm@openssh.com,aes256-gcm@openssh.com,aes128-ctr,aes192-ctr,aes256-ctr [preauth]
debug2: ciphers stoc: chacha20-poly1305@openssh.com,aes128-gcm@openssh.com,aes256-gcm@openssh.com,aes128-ctr,aes192-ctr,aes256-ctr [preauth]
debug2: MACs ctos: umac-64-etm@openssh.com,umac-128-etm@openssh.com,hmac-sha2-256-etm@openssh.com,hmac-sha2-512-etm@openssh.com,hmac-sha1-etm@openssh.com,umac-64@openssh.com,umac-128@openssh.com,hmac-sha2-256,hmac-sha2-512,hmac-sha1 [preauth]
debug2: MACs stoc: umac-64-etm@openssh.com,umac-128-etm@openssh.com,hmac-sha2-256-etm@openssh.com,hmac-sha2-512-etm@openssh.com,hmac-sha1-etm@openssh.com,umac-64@openssh.com,umac-128@openssh.com,hmac-sha2-256,hmac-sha2-512,hmac-sha1 [preauth]
debug2: compression ctos: none,zlib@openssh.com [preauth]
debug2: compression stoc: none,zlib@openssh.com [preauth]
debug2: languages ctos:  [preauth]
debug2: languages stoc:  [preauth]
debug2: first_kex_follows 0  [preauth]
debug2: reserved 0  [preauth]
debug3: kex_choose_conf: will use strict KEX ordering [preauth]
debug1: kex: algorithm: mlkem768x25519-sha256 [preauth]
debug1: kex: host key algorithm: ssh-ed25519 [preauth]
debug1: kex: client->server cipher: chacha20-poly1305@openssh.com MAC: <implicit> compression: none [preauth]
debug1: kex: server->client cipher: chacha20-poly1305@openssh.com MAC: <implicit> compression: none [preauth]
debug1: expecting SSH2_MSG_KEX_ECDH_INIT [preauth]
debug3: receive packet: type 30 [preauth]
debug1: SSH2_MSG_KEX_ECDH_INIT received [preauth]
debug3: mm_sshkey_sign: entering [preauth]
debug3: mm_request_send: entering, type 6 [preauth]
debug3: mm_sshkey_sign: waiting for MONITOR_ANS_SIGN [preauth]
debug3: mm_request_receive_expect: entering, type 7 [preauth]
debug3: mm_request_receive: entering [preauth]
debug3: mm_request_receive: entering
debug3: monitor_read: checking request 6
debug3: mm_answer_sign: entering
debug1: mm_answer_sign: hostkey ssh-ed25519 index 0
debug3: mm_answer_sign: ssh-ed25519 KEX signature len=83
debug3: mm_request_send: entering, type 7
debug2: monitor_read: 6 used once, disabling now
debug3: mm_sshkey_sign: ssh-ed25519 signature len=83 [preauth]
debug3: send packet: type 31 [preauth]
debug3: send packet: type 21 [preauth]
debug1: ssh_packet_send2_wrapped: resetting send seqnr 3 [preauth]
debug2: ssh_set_newkeys: mode 1 [preauth]
debug1: rekey out after 134217728 blocks [preauth]
debug1: SSH2_MSG_NEWKEYS sent [preauth]
debug1: Sending SSH2_MSG_EXT_INFO [preauth]
debug3: send packet: type 7 [preauth]
debug1: expecting SSH2_MSG_NEWKEYS [preauth]
debug3: receive packet: type 21 [preauth]
debug1: ssh_packet_read_poll2: resetting read seqnr 3 [preauth]
debug1: SSH2_MSG_NEWKEYS received [preauth]
debug2: ssh_set_newkeys: mode 0 [preauth]
debug1: rekey in after 134217728 blocks [preauth]
debug2: KEX algorithms: mlkem768x25519-sha256,sntrup761x25519-sha512,sntrup761x25519-sha512@openssh.com,curve25519-sha256,curve25519-sha256@libssh.org,ecdh-sha2-nistp256,ecdh-sha2-nistp384,ecdh-sha2-nistp521,ext-info-s,kex-strict-s-v00@openssh.com [preauth]
debug2: host key algorithms: ssh-ed25519 [preauth]
debug2: ciphers ctos: chacha20-poly1305@openssh.com,aes128-gcm@openssh.com,aes256-gcm@openssh.com,aes128-ctr,aes192-ctr,aes256-ctr [preauth]
debug2: ciphers stoc: chacha20-poly1305@openssh.com,aes128-gcm@openssh.com,aes256-gcm@openssh.com,aes128-ctr,aes192-ctr,aes256-ctr [preauth]
debug2: MACs ctos: umac-64-etm@openssh.com,umac-128-etm@openssh.com,hmac-sha2-256-etm@openssh.com,hmac-sha2-512-etm@openssh.com,hmac-sha1-etm@openssh.com,umac-64@openssh.com,umac-128@openssh.com,hmac-sha2-256,hmac-sha2-512,hmac-sha1 [preauth]
debug2: MACs stoc: umac-64-etm@openssh.com,umac-128-etm@openssh.com,hmac-sha2-256-etm@openssh.com,hmac-sha2-512-etm@openssh.com,hmac-sha1-etm@openssh.com,umac-64@openssh.com,umac-128@openssh.com,hmac-sha2-256,hmac-sha2-512,hmac-sha1 [preauth]
debug2: compression ctos: none,zlib@openssh.com [preauth]
debug2: compression stoc: none,zlib@openssh.com [preauth]
debug2: languages ctos:  [preauth]
debug2: languages stoc:  [preauth]
debug2: first_kex_follows 0  [preauth]
debug2: reserved 0  [preauth]
debug1: KEX done [preauth]
debug3: receive packet: type 7 [preauth]
debug1: SSH2_MSG_EXT_INFO received [preauth]
debug3: kex_input_ext_info: extension ext-info-in-auth@openssh.com [preauth]
debug1: kex_ext_info_check_ver: ext-info-in-auth@openssh.com=<0> [preauth]
debug3: receive packet: type 5 [preauth]
debug3: send packet: type 6 [preauth]
debug3: receive packet: type 50 [preauth]
debug1: userauth-request for user charlesabrooker service ssh-connection method none [preauth]
debug1: attempt 0 failures 0 [preauth]
debug3: mm_getpwnamallow: entering [preauth]
debug3: mm_request_send: entering, type 8 [preauth]
debug3: mm_getpwnamallow: waiting for MONITOR_ANS_PWNAM [preauth]
debug3: mm_request_receive_expect: entering, type 9 [preauth]
debug3: mm_request_receive: entering [preauth]
debug3: mm_request_receive: entering
debug3: monitor_read: checking request 8
debug3: mm_answer_pwnamallow: entering
debug2: parse_server_config_depth: config reprocess config len 580
debug3: auth2_setup_methods_lists: checking methods
debug1: authentication methods list 0: publickey
debug3: mm_answer_pwnamallow: sending MONITOR_ANS_PWNAM: 1
debug3: mm_request_send: entering, type 9
debug2: monitor_read: 8 used once, disabling now
debug3: server_process_channel_timeouts: setting 0 timeouts [preauth]
debug3: channel_clear_timeouts: clearing [preauth]
debug2: input_userauth_request: setting up authctxt for charlesabrooker [preauth]
debug3: mm_inform_authserv: entering [preauth]
debug3: mm_request_send: entering, type 4 [preauth]
debug1: kex_server_update_ext_info: Sending SSH2_MSG_EXT_INFO [preauth]
debug3: send packet: type 7 [preauth]
debug3: auth2_setup_methods_lists: checking methods [preauth]
debug1: authentication methods list 0: publickey [preauth]
debug3: authmethod_lookup: method none not allowed by AuthenticationMethods [preauth]
debug3: userauth_finish: failure partial=0 next methods="publickey" [preauth]
debug3: send packet: type 51 [preauth]
debug3: mm_request_receive: entering
debug3: monitor_read: checking request 4
debug3: mm_answer_authserv: service=ssh-connection, style=
debug2: monitor_read: 4 used once, disabling now
debug3: receive packet: type 50 [preauth]
debug1: userauth-request for user charlesabrooker service ssh-connection method publickey [preauth]
debug1: attempt 1 failures 0 [preauth]
debug2: input_userauth_request: try method publickey [preauth]
debug2: userauth_pubkey: valid user charlesabrooker querying public key ssh-ed25519 AAAAC3NzaC1lZDI1NTE5AAAAIC29h5YAq/Tle+j2rirq6Xj2QUBhQHpieTMA6puP9ciD [preauth]
debug1: userauth_pubkey: publickey test pkalg ssh-ed25519 pkblob ED25519 SHA256:7sc69UbnYCiAFxuqzOSgt6nekJytNEARRE5FlH7yor0 [preauth]
debug3: mm_key_allowed: entering [preauth]
debug3: mm_request_send: entering, type 22 [preauth]
debug3: mm_key_allowed: waiting for MONITOR_ANS_KEYALLOWED [preauth]
debug3: mm_request_receive_expect: entering, type 23 [preauth]
debug3: mm_request_receive: entering [preauth]
debug3: mm_request_receive: entering
debug3: monitor_read: checking request 22
debug3: mm_answer_keyallowed: entering
debug1: temporarily_use_uid: 501/20 (e=501/20)
debug1: restore_uid: (unprivileged)
debug1: temporarily_use_uid: 501/20 (e=501/20)
debug1: trying public key file /Users/charlesabrooker/.no-mistakes/worktrees/32d18ed9638d/01M48YDAJ274FP0KSXR35TAEYY/.live-validation/remote/user.pub
debug1: fd 9 clearing O_NONBLOCK
debug1: /Users/charlesabrooker/.no-mistakes/worktrees/32d18ed9638d/01M48YDAJ274FP0KSXR35TAEYY/.live-validation/remote/user.pub:1: matching key found: ED25519 SHA256:7sc69UbnYCiAFxuqzOSgt6nekJytNEARRE5FlH7yor0
debug1: /Users/charlesabrooker/.no-mistakes/worktrees/32d18ed9638d/01M48YDAJ274FP0KSXR35TAEYY/.live-validation/remote/user.pub:1: key options: agent-forwarding port-forwarding pty user-rc x11-forwarding
debug3: /Users/charlesabrooker/.no-mistakes/worktrees/32d18ed9638d/01M48YDAJ274FP0KSXR35TAEYY/.live-validation/remote/user.pub:1: key options: agent-forwarding port-forwarding pty user-rc x11-forwarding
Accepted key ED25519 SHA256:7sc69UbnYCiAFxuqzOSgt6nekJytNEARRE5FlH7yor0 found at /Users/charlesabrooker/.no-mistakes/worktrees/32d18ed9638d/01M48YDAJ274FP0KSXR35TAEYY/.live-validation/remote/user.pub:1
debug2: auth_check_authkeys_file: /Users/charlesabrooker/.no-mistakes/worktrees/32d18ed9638d/01M48YDAJ274FP0KSXR35TAEYY/.live-validation/remote/user.pub: processed 1/1 lines
debug1: restore_uid: (unprivileged)
debug3: mm_answer_keyallowed: publickey authentication test: ED25519 key is allowed
debug3: mm_request_send: entering, type 23
debug3: send packet: type 60 [preauth]
debug2: userauth_pubkey: authenticated 0 pkalg ssh-ed25519 [preauth]
debug3: user_specific_delay: user specific delay 1.237ms [preauth]
debug3: ensure_minimum_time_since: elapsed 0.371ms, delaying 5.866ms (requested 6.237ms) [preauth]
Postponed publickey for charlesabrooker from 127.0.0.1 port 49484 ssh2 [preauth]
debug3: receive packet: type 50 [preauth]
debug1: userauth-request for user charlesabrooker service ssh-connection method publickey-hostbound-v00@openssh.com [preauth]
debug1: attempt 2 failures 0 [preauth]
debug2: input_userauth_request: try method publickey-hostbound-v00@openssh.com [preauth]
debug2: userauth_pubkey: valid user charlesabrooker attempting public key ssh-ed25519 AAAAC3NzaC1lZDI1NTE5AAAAIC29h5YAq/Tle+j2rirq6Xj2QUBhQHpieTMA6puP9ciD [preauth]
debug3: userauth_pubkey: publickey-hostbound-v00@openssh.com have ssh-ed25519 signature for ED25519 SHA256:7sc69UbnYCiAFxuqzOSgt6nekJytNEARRE5FlH7yor0 [preauth]
debug3: mm_key_allowed: entering [preauth]
debug3: mm_request_send: entering, type 22 [preauth]
debug3: mm_key_allowed: waiting for MONITOR_ANS_KEYALLOWED [preauth]
debug3: mm_request_receive_expect: entering, type 23 [preauth]
debug3: mm_request_receive: entering [preauth]
debug3: mm_request_receive: entering
debug3: monitor_read: checking request 22
debug3: mm_answer_keyallowed: entering
debug1: temporarily_use_uid: 501/20 (e=501/20)
debug1: restore_uid: (unprivileged)
debug1: temporarily_use_uid: 501/20 (e=501/20)
debug1: trying public key file /Users/charlesabrooker/.no-mistakes/worktrees/32d18ed9638d/01M48YDAJ274FP0KSXR35TAEYY/.live-validation/remote/user.pub
debug1: fd 9 clearing O_NONBLOCK
debug1: /Users/charlesabrooker/.no-mistakes/worktrees/32d18ed9638d/01M48YDAJ274FP0KSXR35TAEYY/.live-validation/remote/user.pub:1: matching key found: ED25519 SHA256:7sc69UbnYCiAFxuqzOSgt6nekJytNEARRE5FlH7yor0
debug1: /Users/charlesabrooker/.no-mistakes/worktrees/32d18ed9638d/01M48YDAJ274FP0KSXR35TAEYY/.live-validation/remote/user.pub:1: key options: agent-forwarding port-forwarding pty user-rc x11-forwarding
debug3: /Users/charlesabrooker/.no-mistakes/worktrees/32d18ed9638d/01M48YDAJ274FP0KSXR35TAEYY/.live-validation/remote/user.pub:1: key options: agent-forwarding port-forwarding pty user-rc x11-forwarding
Accepted key ED25519 SHA256:7sc69UbnYCiAFxuqzOSgt6nekJytNEARRE5FlH7yor0 found at /Users/charlesabrooker/.no-mistakes/worktrees/32d18ed9638d/01M48YDAJ274FP0KSXR35TAEYY/.live-validation/remote/user.pub:1
debug2: auth_check_authkeys_file: /Users/charlesabrooker/.no-mistakes/worktrees/32d18ed9638d/01M48YDAJ274FP0KSXR35TAEYY/.live-validation/remote/user.pub: processed 1/1 lines
debug1: restore_uid: (unprivileged)
debug3: mm_answer_keyallowed: publickey authentication: ED25519 key is allowed
debug3: mm_request_send: entering, type 23
debug3: mm_sshkey_verify: entering [preauth]
debug3: mm_request_send: entering, type 24 [preauth]
debug3: mm_sshkey_verify: waiting for MONITOR_ANS_KEYVERIFY [preauth]
debug3: mm_request_receive_expect: entering, type 25 [preauth]
debug3: mm_request_receive: entering [preauth]
debug3: mm_request_receive: entering
debug3: monitor_read: checking request 24
debug3: mm_answer_keyverify: publickey ED25519 signature using ssh-ed25519 verified
debug1: auth_activate_options: setting new authentication options
debug3: mm_request_send: entering, type 25
debug3: auth2_update_methods_lists: updating methods list after "publickey"
debug2: authentication methods list 0 complete
Accepted publickey for charlesabrooker from 127.0.0.1 port 49484 ssh2: ED25519 SHA256:7sc69UbnYCiAFxuqzOSgt6nekJytNEARRE5FlH7yor0
debug1: monitor_child_preauth: user charlesabrooker authenticated by privileged process
debug3: mm_get_keystate: Waiting for new keys
debug3: mm_request_receive_expect: entering, type 26
debug3: mm_request_receive: entering
debug3: mm_get_keystate: GOT new keys
debug1: auth_activate_options: setting new authentication options [preauth]
debug2: userauth_pubkey: authenticated 1 pkalg ssh-ed25519 [preauth]
debug3: user_specific_delay: user specific delay 1.237ms [preauth]
debug3: ensure_minimum_time_since: elapsed 1.661ms, delaying 4.576ms (requested 6.237ms) [preauth]
debug3: auth2_update_methods_lists: updating methods list after "publickey" [preauth]
debug2: authentication methods list 0 complete [preauth]
debug3: send packet: type 52 [preauth]
debug3: mm_request_send: entering, type 26 [preauth]
debug3: mm_send_keystate: Finished sending state [preauth]
debug1: monitor_read_log: child log fd closed
debug3: monitor_child_preauth: preauth child 5174 terminated successfully
debug2: server_accept_loop: child 5153 for connection from 127.0.0.1 to 127.0.0.1 auth done
debug1: child_close: enter (forcing)
BSM audit: bsm_audit_session_setup: setaudit_addr failed: Operation not permitted
debug3: BSM audit: typ 0 rc 0 "successful login charlesabrooker"
debug3: BSM audit: writing audit new record
BSM audit: bsm_audit_record failed to write "successful login charlesabrooker" record: Operation not permitted
User child is on pid 5335
debug3: monitor_apply_keystate: packet_set_state
debug2: ssh_set_newkeys: mode 0
debug1: rekey in after 134217728 blocks
debug2: ssh_set_newkeys: mode 1
debug1: rekey out after 134217728 blocks
debug1: ssh_packet_set_postauth: called
debug3: ssh_packet_set_state: done
debug3: notify_hostkeys: key 0: ssh-ed25519 SHA256:WwiWglN1fa9aE2Tl8g9MALW85mRMZENG58raojQZH9g
debug3: notify_hostkeys: sent 1 hostkeys
debug3: send packet: type 80
debug1: active: key options: agent-forwarding port-forwarding pty user-rc x11-forwarding
debug3: sending debug message: /Users/charlesabrooker/.no-mistakes/worktrees/32d18ed9638d/01M48YDAJ274FP0KSXR35TAEYY/.live-validation/remote/user.pub:1: key options: agent-forwarding port-forwarding pty user-rc x11-forwarding
debug3: send packet: type 4
debug3: sending debug message: /Users/charlesabrooker/.no-mistakes/worktrees/32d18ed9638d/01M48YDAJ274FP0KSXR35TAEYY/.live-validation/remote/user.pub:1: key options: agent-forwarding port-forwarding pty user-rc x11-forwarding
debug3: send packet: type 4
debug1: Entering interactive session for SSH2.
debug1: server_init_dispatch
debug3: receive packet: type 90
debug1: server_input_channel_open: ctype session rchan 0 win 2097152 max 32768
debug1: input_session_request
debug1: channel 0: new session [server-session] (inactive timeout: 0)
debug2: session_new: allocate (allocated 0 max 10)
debug3: session_unused: session id 0 unused
debug1: session_new: session 0
debug1: session_open: channel 0
debug1: session_open: session 0: link with channel 0
debug1: server_input_channel_open: confirm session
debug3: send packet: type 91
debug3: receive packet: type 80
debug1: server_input_global_request: rtype no-more-sessions@openssh.com want_reply 0
debug2: process_output: session QoS is now interactive
debug3: set_sock_tos: set socket 8 IP_TOS 0xb8
debug3: receive packet: type 98
debug1: server_input_channel_req: channel 0 request env reply 0
debug1: session_by_channel: session 0 channel 0
debug1: session_input_channel_req: session 0 req env
debug2: Ignoring env request LANG: disallowed name
debug3: receive packet: type 98
debug1: server_input_channel_req: channel 0 request exec reply 1
debug1: session_by_channel: session 0 channel 0
debug1: session_input_channel_req: session 0 req exec
debug2: channel_set_xtype: labeled channel 0 as session:command (inactive timeout 0)
Starting session: command for charlesabrooker from 127.0.0.1 port 49484 id 0
debug3: mm_audit_run_command: entering command /usr/bin/env FM_REMOTE_JOB_PLATFORM_OVERRIDE=Linux FM_REMOTE_JOB_STATE_ROOT=/Users/charlesabrooker/.no-mistakes/worktrees/32d18ed9638d/01M48YDAJ274FP0KSXR35TAEYY/.live-validation/remote/jobs /Users/charlesabrooker/.no-mistakes/worktrees/32d18ed9638d/01M48YDAJ274FP0KSXR35TAEYY/.live-validation/remote/checkout/bin/fm-remote-entrypoint.sh 1 L1VzZXJzL2NoYXJsZXNhYnJvb2tlci8ubm8tbWlzdGFrZXMvd29ya3RyZWVzLzMyZDE4ZWQ5NjM4ZC8wMU00OFlEQUoyNzRGUDBLU1hSMzVUQUVZWS8ubGl2ZS12YWxpZGF0aW9uL3JlbW90ZS9jaGVja291dA== L1VzZXJzL2NoYXJsZXNhYnJvb2tlci8ubm8tbWlzdGFrZXMvd29ya3RyZWVzLzMyZDE4ZWQ5NjM4ZC8wMU00OFlEQUoyNzRGUDBLU1hSMzVUQUVZWS8ubGl2ZS12YWxpZGF0aW9uL3JlbW90ZS9tYXRl Zm0tcmVtb3RlLWRlbHRhLXJlYWQuc2gAc3RhdGUvcGFyZW50LXJlcGxpZXMuc3RhdHVzADk1ADI3MDdhZTQ2YWRiMzYzZGJkN2ExMGEyOWQ1NzJkMjhkZjIxMTdkNzliNDhlYThkMzk3ZDM5MWJjMGYyMDAzZjYAMgA=
debug3: mm_request_send: entering, type 113
debug3: mm_request_receive: entering
debug3: monitor_read: checking request 113
debug3: mm_answer_audit_command: entering
debug2: fd 15 setting O_NONBLOCK
debug2: fd 14 setting O_NONBLOCK
debug2: fd 17 setting O_NONBLOCK
debug3: send packet: type 99
debug2: process_output: session QoS is now non-interactive
debug3: set_sock_tos: set socket 8 IP_TOS 0x00
debug3: receive packet: type 96
debug2: channel 0: rcvd eof
debug2: channel 0: output open -> drain
debug2: channel 0: obuf empty
debug2: chan_shutdown_write: channel 0: (i0 o1 sock -1 wfd 14 efd 17 [read])
debug2: channel 0: output drain -> closed
debug2: channel 0: read 34 from efd 17
debug2: channel 0: rwin 2097152 elen 34 euse 1
debug2: channel 0: sent ext data 34
debug2: channel 0: read failed rfd 15 maxlen 32768: Broken pipe
debug2: channel 0: read failed
debug2: chan_shutdown_read: channel 0: (i0 o3 sock -1 wfd 15 efd 17 [read])
debug2: channel 0: input open -> drain
debug2: channel 0: read 0 from efd 17
debug2: channel 0: closing read-efd 17
debug2: channel 0: ibuf empty
debug2: channel 0: send eof
debug3: send packet: type 96
debug2: channel 0: input drain -> closed
debug1: Received SIGCHLD.
debug1: session_by_pid: pid 5341
debug2: channel 0: request exit-status confirm 0
debug3: send packet: type 98
debug1: session_exit_message: session 0 channel 0 pid 5341 exit 75
debug1: session_exit_message: release channel 0
debug2: channel 0: send_close2
debug2: channel 0: send close for remote id 0
debug3: send packet: type 97
debug3: channel 0: will not send data after close
debug3: receive packet: type 97
debug2: channel 0: rcvd close
debug3: receive packet: type 1
Received disconnect from 127.0.0.1 port 49484:11: disconnected by user
Disconnected from user charlesabrooker 127.0.0.1 port 49484
debug1: do_cleanup
debug3: mm_request_receive: entering
debug3: mm_request_receive: monitor fd closed
debug1: mm_reap: child exited with status 255
debug1: do_cleanup
debug3: BSM audit: typ 0 rc 0 "sshd logout charlesabrooker"
debug3: BSM audit: writing audit new record
BSM audit: bsm_audit_record failed to write "sshd logout charlesabrooker" record: Operation not permitted
debug1: fd 7 clearing O_NONBLOCK
debug2: fd 8 setting O_NONBLOCK
debug1: Forked child 22475.
debug1: rexec start in 7 out 7 newsock 7 config_s 8/9
debug1: sshd-session version OpenSSH_10.3, LibreSSL 3.3.6
debug1: network sockets: 8, 8
debug2: server_accept_loop: child 22475 for connection from 127.0.0.1 to 127.0.0.1 received config
debug2: fd 8 setting TCP_NODELAY
debug3: set_sock_tos: set socket 8 IP_TOS 0xb8
debug3: server_process_channel_timeouts: setting 0 timeouts
debug3: channel_clear_timeouts: clearing
debug3: BSM audit: connection from 127.0.0.1 port 49547
debug3: BSM audit: iptype 4 machine ID 0100007f 00000000 00000000 00000000
Connection from 127.0.0.1 port 49547 on 127.0.0.1 port 65101
debug2: fd 8 setting O_NONBLOCK
debug2: Network child is on pid 22514
debug3: preauth child monitor started
debug3: mm_request_receive: entering
debug3: monitor_read: checking request 51
debug1: mm_answer_state: config len 580
debug3: mm_request_send: entering, type 52
debug3: mm_answer_state: done
debug2: monitor_read: 51 used once, disabling now
debug1: sshd-auth version OpenSSH_10.3, LibreSSL 3.3.6 [preauth]
debug3: server_process_channel_timeouts: setting 0 timeouts [preauth]
debug3: channel_clear_timeouts: clearing [preauth]
debug3: fd 5 is O_NONBLOCK [preauth]
debug3: ssh_sandbox_init: preparing Darwin sandbox [preauth]
debug3: ssh_sandbox_child: starting Darwin sandbox [preauth]
debug1: list_hostkey_types: ssh-ed25519 [preauth]
debug1: Local version string SSH-2.0-OpenSSH_10.3 [preauth]
debug1: Remote protocol version 2.0, remote software version OpenSSH_10.3 [preauth]
debug1: compat_banner: match: OpenSSH_10.3 pat OpenSSH* compat 0x04000000 [preauth]
debug3: mm_sshkey_setcompat: entering [preauth]
debug3: mm_request_send: entering, type 18 [preauth]
debug3: send packet: type 20 [preauth]
debug1: SSH2_MSG_KEXINIT sent [preauth]
debug3: mm_request_receive: entering
debug3: monitor_read: checking request 18
debug3: mm_answer_setcompat: entering
debug2: monitor_read: 18 used once, disabling now
debug3: receive packet: type 20 [preauth]
debug1: SSH2_MSG_KEXINIT received [preauth]
debug2: local server KEXINIT proposal [preauth]
debug2: KEX algorithms: mlkem768x25519-sha256,sntrup761x25519-sha512,sntrup761x25519-sha512@openssh.com,curve25519-sha256,curve25519-sha256@libssh.org,ecdh-sha2-nistp256,ecdh-sha2-nistp384,ecdh-sha2-nistp521,ext-info-s,kex-strict-s-v00@openssh.com [preauth]
debug2: host key algorithms: ssh-ed25519 [preauth]
debug2: ciphers ctos: chacha20-poly1305@openssh.com,aes128-gcm@openssh.com,aes256-gcm@openssh.com,aes128-ctr,aes192-ctr,aes256-ctr [preauth]
debug2: ciphers stoc: chacha20-poly1305@openssh.com,aes128-gcm@openssh.com,aes256-gcm@openssh.com,aes128-ctr,aes192-ctr,aes256-ctr [preauth]
debug2: MACs ctos: umac-64-etm@openssh.com,umac-128-etm@openssh.com,hmac-sha2-256-etm@openssh.com,hmac-sha2-512-etm@openssh.com,hmac-sha1-etm@openssh.com,umac-64@openssh.com,umac-128@openssh.com,hmac-sha2-256,hmac-sha2-512,hmac-sha1 [preauth]
debug2: MACs stoc: umac-64-etm@openssh.com,umac-128-etm@openssh.com,hmac-sha2-256-etm@openssh.com,hmac-sha2-512-etm@openssh.com,hmac-sha1-etm@openssh.com,umac-64@openssh.com,umac-128@openssh.com,hmac-sha2-256,hmac-sha2-512,hmac-sha1 [preauth]
debug2: compression ctos: none,zlib@openssh.com [preauth]
debug2: compression stoc: none,zlib@openssh.com [preauth]
debug2: languages ctos:  [preauth]
debug2: languages stoc:  [preauth]
debug2: first_kex_follows 0  [preauth]
debug2: reserved 0  [preauth]
debug2: peer client KEXINIT proposal [preauth]
debug2: KEX algorithms: mlkem768x25519-sha256,sntrup761x25519-sha512,sntrup761x25519-sha512@openssh.com,curve25519-sha256,curve25519-sha256@libssh.org,ecdh-sha2-nistp256,ecdh-sha2-nistp384,ecdh-sha2-nistp521,diffie-hellman-group-exchange-sha256,diffie-hellman-group16-sha512,diffie-hellman-group18-sha512,diffie-hellman-group14-sha256,ext-info-c,kex-strict-c-v00@openssh.com [preauth]
debug2: host key algorithms: ssh-ed25519-cert-v01@openssh.com,ecdsa-sha2-nistp256-cert-v01@openssh.com,ecdsa-sha2-nistp384-cert-v01@openssh.com,ecdsa-sha2-nistp521-cert-v01@openssh.com,sk-ssh-ed25519-cert-v01@openssh.com,sk-ecdsa-sha2-nistp256-cert-v01@openssh.com,webauthn-sk-ecdsa-sha2-nistp256-cert-v01@openssh.com,rsa-sha2-512-cert-v01@openssh.com,rsa-sha2-256-cert-v01@openssh.com,ssh-ed25519,ecdsa-sha2-nistp256,ecdsa-sha2-nistp384,ecdsa-sha2-nistp521,sk-ssh-ed25519@openssh.com,sk-ecdsa-sha2-nistp256@openssh.com,webauthn-sk-ecdsa-sha2-nistp256@openssh.com,rsa-sha2-512,rsa-sha2-256 [preauth]
debug2: ciphers ctos: chacha20-poly1305@openssh.com,aes128-gcm@openssh.com,aes256-gcm@openssh.com,aes128-ctr,aes192-ctr,aes256-ctr [preauth]
debug2: ciphers stoc: chacha20-poly1305@openssh.com,aes128-gcm@openssh.com,aes256-gcm@openssh.com,aes128-ctr,aes192-ctr,aes256-ctr [preauth]
debug2: MACs ctos: umac-64-etm@openssh.com,umac-128-etm@openssh.com,hmac-sha2-256-etm@openssh.com,hmac-sha2-512-etm@openssh.com,hmac-sha1-etm@openssh.com,umac-64@openssh.com,umac-128@openssh.com,hmac-sha2-256,hmac-sha2-512,hmac-sha1 [preauth]
debug2: MACs stoc: umac-64-etm@openssh.com,umac-128-etm@openssh.com,hmac-sha2-256-etm@openssh.com,hmac-sha2-512-etm@openssh.com,hmac-sha1-etm@openssh.com,umac-64@openssh.com,umac-128@openssh.com,hmac-sha2-256,hmac-sha2-512,hmac-sha1 [preauth]
debug2: compression ctos: none,zlib@openssh.com [preauth]
debug2: compression stoc: none,zlib@openssh.com [preauth]
debug2: languages ctos:  [preauth]
debug2: languages stoc:  [preauth]
debug2: first_kex_follows 0  [preauth]
debug2: reserved 0  [preauth]
debug3: kex_choose_conf: will use strict KEX ordering [preauth]
debug1: kex: algorithm: mlkem768x25519-sha256 [preauth]
debug1: kex: host key algorithm: ssh-ed25519 [preauth]
debug1: kex: client->server cipher: chacha20-poly1305@openssh.com MAC: <implicit> compression: none [preauth]
debug1: kex: server->client cipher: chacha20-poly1305@openssh.com MAC: <implicit> compression: none [preauth]
debug1: expecting SSH2_MSG_KEX_ECDH_INIT [preauth]
debug3: receive packet: type 30 [preauth]
debug1: SSH2_MSG_KEX_ECDH_INIT received [preauth]
debug3: mm_sshkey_sign: entering [preauth]
debug3: mm_request_send: entering, type 6 [preauth]
debug3: mm_sshkey_sign: waiting for MONITOR_ANS_SIGN [preauth]
debug3: mm_request_receive_expect: entering, type 7 [preauth]
debug3: mm_request_receive: entering [preauth]
debug3: mm_request_receive: entering
debug3: monitor_read: checking request 6
debug3: mm_answer_sign: entering
debug1: mm_answer_sign: hostkey ssh-ed25519 index 0
debug3: mm_answer_sign: ssh-ed25519 KEX signature len=83
debug3: mm_request_send: entering, type 7
debug2: monitor_read: 6 used once, disabling now
debug3: mm_sshkey_sign: ssh-ed25519 signature len=83 [preauth]
debug3: send packet: type 31 [preauth]
debug3: send packet: type 21 [preauth]
debug1: ssh_packet_send2_wrapped: resetting send seqnr 3 [preauth]
debug2: ssh_set_newkeys: mode 1 [preauth]
debug1: rekey out after 134217728 blocks [preauth]
debug1: SSH2_MSG_NEWKEYS sent [preauth]
debug1: Sending SSH2_MSG_EXT_INFO [preauth]
debug3: send packet: type 7 [preauth]
debug1: expecting SSH2_MSG_NEWKEYS [preauth]
debug3: receive packet: type 21 [preauth]
debug1: ssh_packet_read_poll2: resetting read seqnr 3 [preauth]
debug1: SSH2_MSG_NEWKEYS received [preauth]
debug2: ssh_set_newkeys: mode 0 [preauth]
debug1: rekey in after 134217728 blocks [preauth]
debug2: KEX algorithms: mlkem768x25519-sha256,sntrup761x25519-sha512,sntrup761x25519-sha512@openssh.com,curve25519-sha256,curve25519-sha256@libssh.org,ecdh-sha2-nistp256,ecdh-sha2-nistp384,ecdh-sha2-nistp521,ext-info-s,kex-strict-s-v00@openssh.com [preauth]
debug2: host key algorithms: ssh-ed25519 [preauth]
debug2: ciphers ctos: chacha20-poly1305@openssh.com,aes128-gcm@openssh.com,aes256-gcm@openssh.com,aes128-ctr,aes192-ctr,aes256-ctr [preauth]
debug2: ciphers stoc: chacha20-poly1305@openssh.com,aes128-gcm@openssh.com,aes256-gcm@openssh.com,aes128-ctr,aes192-ctr,aes256-ctr [preauth]
debug2: MACs ctos: umac-64-etm@openssh.com,umac-128-etm@openssh.com,hmac-sha2-256-etm@openssh.com,hmac-sha2-512-etm@openssh.com,hmac-sha1-etm@openssh.com,umac-64@openssh.com,umac-128@openssh.com,hmac-sha2-256,hmac-sha2-512,hmac-sha1 [preauth]
debug2: MACs stoc: umac-64-etm@openssh.com,umac-128-etm@openssh.com,hmac-sha2-256-etm@openssh.com,hmac-sha2-512-etm@openssh.com,hmac-sha1-etm@openssh.com,umac-64@openssh.com,umac-128@openssh.com,hmac-sha2-256,hmac-sha2-512,hmac-sha1 [preauth]
debug2: compression ctos: none,zlib@openssh.com [preauth]
debug2: compression stoc: none,zlib@openssh.com [preauth]
debug2: languages ctos:  [preauth]
debug2: languages stoc:  [preauth]
debug2: first_kex_follows 0  [preauth]
debug2: reserved 0  [preauth]
debug1: KEX done [preauth]
debug3: receive packet: type 7 [preauth]
debug1: SSH2_MSG_EXT_INFO received [preauth]
debug3: kex_input_ext_info: extension ext-info-in-auth@openssh.com [preauth]
debug1: kex_ext_info_check_ver: ext-info-in-auth@openssh.com=<0> [preauth]
debug3: receive packet: type 5 [preauth]
debug3: send packet: type 6 [preauth]
debug3: receive packet: type 50 [preauth]
debug1: userauth-request for user charlesabrooker service ssh-connection method none [preauth]
debug1: attempt 0 failures 0 [preauth]
debug3: mm_getpwnamallow: entering [preauth]
debug3: mm_request_send: entering, type 8 [preauth]
debug3: mm_getpwnamallow: waiting for MONITOR_ANS_PWNAM [preauth]
debug3: mm_request_receive_expect: entering, type 9 [preauth]
debug3: mm_request_receive: entering [preauth]
debug3: mm_request_receive: entering
debug3: monitor_read: checking request 8
debug3: mm_answer_pwnamallow: entering
debug2: parse_server_config_depth: config reprocess config len 580
debug3: auth2_setup_methods_lists: checking methods
debug1: authentication methods list 0: publickey
debug3: mm_answer_pwnamallow: sending MONITOR_ANS_PWNAM: 1
debug3: mm_request_send: entering, type 9
debug2: monitor_read: 8 used once, disabling now
debug3: server_process_channel_timeouts: setting 0 timeouts [preauth]
debug3: channel_clear_timeouts: clearing [preauth]
debug2: input_userauth_request: setting up authctxt for charlesabrooker [preauth]
debug3: mm_inform_authserv: entering [preauth]
debug3: mm_request_send: entering, type 4 [preauth]
debug1: kex_server_update_ext_info: Sending SSH2_MSG_EXT_INFO [preauth]
debug3: send packet: type 7 [preauth]
debug3: auth2_setup_methods_lists: checking methods [preauth]
debug1: authentication methods list 0: publickey [preauth]
debug3: authmethod_lookup: method none not allowed by AuthenticationMethods [preauth]
debug3: userauth_finish: failure partial=0 next methods="publickey" [preauth]
debug3: send packet: type 51 [preauth]
debug3: mm_request_receive: entering
debug3: monitor_read: checking request 4
debug3: mm_answer_authserv: service=ssh-connection, style=
debug2: monitor_read: 4 used once, disabling now
debug3: receive packet: type 50 [preauth]
debug1: userauth-request for user charlesabrooker service ssh-connection method publickey [preauth]
debug1: attempt 1 failures 0 [preauth]
debug2: input_userauth_request: try method publickey [preauth]
debug2: userauth_pubkey: valid user charlesabrooker querying public key ssh-ed25519 AAAAC3NzaC1lZDI1NTE5AAAAIC29h5YAq/Tle+j2rirq6Xj2QUBhQHpieTMA6puP9ciD [preauth]
debug1: userauth_pubkey: publickey test pkalg ssh-ed25519 pkblob ED25519 SHA256:7sc69UbnYCiAFxuqzOSgt6nekJytNEARRE5FlH7yor0 [preauth]
debug3: mm_key_allowed: entering [preauth]
debug3: mm_request_send: entering, type 22 [preauth]
debug3: mm_key_allowed: waiting for MONITOR_ANS_KEYALLOWED [preauth]
debug3: mm_request_receive_expect: entering, type 23 [preauth]
debug3: mm_request_receive: entering [preauth]
debug3: mm_request_receive: entering
debug3: monitor_read: checking request 22
debug3: mm_answer_keyallowed: entering
debug1: temporarily_use_uid: 501/20 (e=501/20)
debug1: restore_uid: (unprivileged)
debug1: temporarily_use_uid: 501/20 (e=501/20)
debug1: trying public key file /Users/charlesabrooker/.no-mistakes/worktrees/32d18ed9638d/01M48YDAJ274FP0KSXR35TAEYY/.live-validation/remote/user.pub
debug1: fd 9 clearing O_NONBLOCK
debug1: /Users/charlesabrooker/.no-mistakes/worktrees/32d18ed9638d/01M48YDAJ274FP0KSXR35TAEYY/.live-validation/remote/user.pub:1: matching key found: ED25519 SHA256:7sc69UbnYCiAFxuqzOSgt6nekJytNEARRE5FlH7yor0
debug1: /Users/charlesabrooker/.no-mistakes/worktrees/32d18ed9638d/01M48YDAJ274FP0KSXR35TAEYY/.live-validation/remote/user.pub:1: key options: agent-forwarding port-forwarding pty user-rc x11-forwarding
debug3: /Users/charlesabrooker/.no-mistakes/worktrees/32d18ed9638d/01M48YDAJ274FP0KSXR35TAEYY/.live-validation/remote/user.pub:1: key options: agent-forwarding port-forwarding pty user-rc x11-forwarding
Accepted key ED25519 SHA256:7sc69UbnYCiAFxuqzOSgt6nekJytNEARRE5FlH7yor0 found at /Users/charlesabrooker/.no-mistakes/worktrees/32d18ed9638d/01M48YDAJ274FP0KSXR35TAEYY/.live-validation/remote/user.pub:1
debug2: auth_check_authkeys_file: /Users/charlesabrooker/.no-mistakes/worktrees/32d18ed9638d/01M48YDAJ274FP0KSXR35TAEYY/.live-validation/remote/user.pub: processed 1/1 lines
debug1: restore_uid: (unprivileged)
debug3: mm_answer_keyallowed: publickey authentication test: ED25519 key is allowed
debug3: mm_request_send: entering, type 23
debug3: send packet: type 60 [preauth]
debug2: userauth_pubkey: authenticated 0 pkalg ssh-ed25519 [preauth]
debug3: user_specific_delay: user specific delay 1.237ms [preauth]
debug3: ensure_minimum_time_since: elapsed 0.330ms, delaying 5.907ms (requested 6.237ms) [preauth]
Postponed publickey for charlesabrooker from 127.0.0.1 port 49547 ssh2 [preauth]
debug3: receive packet: type 50 [preauth]
debug1: userauth-request for user charlesabrooker service ssh-connection method publickey-hostbound-v00@openssh.com [preauth]
debug1: attempt 2 failures 0 [preauth]
debug2: input_userauth_request: try method publickey-hostbound-v00@openssh.com [preauth]
debug2: userauth_pubkey: valid user charlesabrooker attempting public key ssh-ed25519 AAAAC3NzaC1lZDI1NTE5AAAAIC29h5YAq/Tle+j2rirq6Xj2QUBhQHpieTMA6puP9ciD [preauth]
debug3: userauth_pubkey: publickey-hostbound-v00@openssh.com have ssh-ed25519 signature for ED25519 SHA256:7sc69UbnYCiAFxuqzOSgt6nekJytNEARRE5FlH7yor0 [preauth]
debug3: mm_key_allowed: entering [preauth]
debug3: mm_request_send: entering, type 22 [preauth]
debug3: mm_key_allowed: waiting for MONITOR_ANS_KEYALLOWED [preauth]
debug3: mm_request_receive_expect: entering, type 23 [preauth]
debug3: mm_request_receive: entering [preauth]
debug3: mm_request_receive: entering
debug3: monitor_read: checking request 22
debug3: mm_answer_keyallowed: entering
debug1: temporarily_use_uid: 501/20 (e=501/20)
debug1: restore_uid: (unprivileged)
debug1: temporarily_use_uid: 501/20 (e=501/20)
debug1: trying public key file /Users/charlesabrooker/.no-mistakes/worktrees/32d18ed9638d/01M48YDAJ274FP0KSXR35TAEYY/.live-validation/remote/user.pub
debug1: fd 9 clearing O_NONBLOCK
debug1: /Users/charlesabrooker/.no-mistakes/worktrees/32d18ed9638d/01M48YDAJ274FP0KSXR35TAEYY/.live-validation/remote/user.pub:1: matching key found: ED25519 SHA256:7sc69UbnYCiAFxuqzOSgt6nekJytNEARRE5FlH7yor0
debug1: /Users/charlesabrooker/.no-mistakes/worktrees/32d18ed9638d/01M48YDAJ274FP0KSXR35TAEYY/.live-validation/remote/user.pub:1: key options: agent-forwarding port-forwarding pty user-rc x11-forwarding
debug3: /Users/charlesabrooker/.no-mistakes/worktrees/32d18ed9638d/01M48YDAJ274FP0KSXR35TAEYY/.live-validation/remote/user.pub:1: key options: agent-forwarding port-forwarding pty user-rc x11-forwarding
Accepted key ED25519 SHA256:7sc69UbnYCiAFxuqzOSgt6nekJytNEARRE5FlH7yor0 found at /Users/charlesabrooker/.no-mistakes/worktrees/32d18ed9638d/01M48YDAJ274FP0KSXR35TAEYY/.live-validation/remote/user.pub:1
debug2: auth_check_authkeys_file: /Users/charlesabrooker/.no-mistakes/worktrees/32d18ed9638d/01M48YDAJ274FP0KSXR35TAEYY/.live-validation/remote/user.pub: processed 1/1 lines
debug1: restore_uid: (unprivileged)
debug3: mm_answer_keyallowed: publickey authentication: ED25519 key is allowed
debug3: mm_request_send: entering, type 23
debug3: mm_sshkey_verify: entering [preauth]
debug3: mm_request_send: entering, type 24 [preauth]
debug3: mm_sshkey_verify: waiting for MONITOR_ANS_KEYVERIFY [preauth]
debug3: mm_request_receive_expect: entering, type 25 [preauth]
debug3: mm_request_receive: entering [preauth]
debug3: mm_request_receive: entering
debug3: monitor_read: checking request 24
debug3: mm_answer_keyverify: publickey ED25519 signature using ssh-ed25519 verified
debug1: auth_activate_options: setting new authentication options
debug3: mm_request_send: entering, type 25
debug3: auth2_update_methods_lists: updating methods list after "publickey"
debug2: authentication methods list 0 complete
Accepted publickey for charlesabrooker from 127.0.0.1 port 49547 ssh2: ED25519 SHA256:7sc69UbnYCiAFxuqzOSgt6nekJytNEARRE5FlH7yor0
debug1: monitor_child_preauth: user charlesabrooker authenticated by privileged process
debug3: mm_get_keystate: Waiting for new keys
debug3: mm_request_receive_expect: entering, type 26
debug3: mm_request_receive: entering
debug3: mm_get_keystate: GOT new keys
debug1: auth_activate_options: setting new authentication options [preauth]
debug2: userauth_pubkey: authenticated 1 pkalg ssh-ed25519 [preauth]
debug3: user_specific_delay: user specific delay 1.237ms [preauth]
debug3: ensure_minimum_time_since: elapsed 2.392ms, delaying 3.845ms (requested 6.237ms) [preauth]
debug3: auth2_update_methods_lists: updating methods list after "publickey" [preauth]
debug2: authentication methods list 0 complete [preauth]
debug3: send packet: type 52 [preauth]
debug3: mm_request_send: entering, type 26 [preauth]
debug3: mm_send_keystate: Finished sending state [preauth]
debug1: monitor_read_log: child log fd closed
debug3: monitor_child_preauth: preauth child 22514 terminated successfully
debug2: server_accept_loop: child 22475 for connection from 127.0.0.1 to 127.0.0.1 auth done
debug1: child_close: enter (forcing)
BSM audit: bsm_audit_session_setup: setaudit_addr failed: Operation not permitted
debug3: BSM audit: typ 0 rc 0 "successful login charlesabrooker"
debug3: BSM audit: writing audit new record
BSM audit: bsm_audit_record failed to write "successful login charlesabrooker" record: Operation not permitted
User child is on pid 22694
debug3: monitor_apply_keystate: packet_set_state
debug2: ssh_set_newkeys: mode 0
debug1: rekey in after 134217728 blocks
debug2: ssh_set_newkeys: mode 1
debug1: rekey out after 134217728 blocks
debug1: ssh_packet_set_postauth: called
debug3: ssh_packet_set_state: done
debug3: notify_hostkeys: key 0: ssh-ed25519 SHA256:WwiWglN1fa9aE2Tl8g9MALW85mRMZENG58raojQZH9g
debug3: notify_hostkeys: sent 1 hostkeys
debug3: send packet: type 80
debug1: active: key options: agent-forwarding port-forwarding pty user-rc x11-forwarding
debug3: sending debug message: /Users/charlesabrooker/.no-mistakes/worktrees/32d18ed9638d/01M48YDAJ274FP0KSXR35TAEYY/.live-validation/remote/user.pub:1: key options: agent-forwarding port-forwarding pty user-rc x11-forwarding
debug3: send packet: type 4
debug3: sending debug message: /Users/charlesabrooker/.no-mistakes/worktrees/32d18ed9638d/01M48YDAJ274FP0KSXR35TAEYY/.live-validation/remote/user.pub:1: key options: agent-forwarding port-forwarding pty user-rc x11-forwarding
debug3: send packet: type 4
debug1: Entering interactive session for SSH2.
debug1: server_init_dispatch
debug3: receive packet: type 90
debug1: server_input_channel_open: ctype session rchan 0 win 2097152 max 32768
debug1: input_session_request
debug1: channel 0: new session [server-session] (inactive timeout: 0)
debug2: session_new: allocate (allocated 0 max 10)
debug3: session_unused: session id 0 unused
debug1: session_new: session 0
debug1: session_open: channel 0
debug1: session_open: session 0: link with channel 0
debug1: server_input_channel_open: confirm session
debug3: send packet: type 91
debug3: receive packet: type 80
debug1: server_input_global_request: rtype no-more-sessions@openssh.com want_reply 0
debug2: process_output: session QoS is now interactive
debug3: set_sock_tos: set socket 8 IP_TOS 0xb8
debug3: receive packet: type 98
debug1: server_input_channel_req: channel 0 request env reply 0
debug1: session_by_channel: session 0 channel 0
debug1: session_input_channel_req: session 0 req env
debug2: Ignoring env request LANG: disallowed name
debug3: receive packet: type 98
debug1: server_input_channel_req: channel 0 request exec reply 1
debug1: session_by_channel: session 0 channel 0
debug1: session_input_channel_req: session 0 req exec
debug2: channel_set_xtype: labeled channel 0 as session:command (inactive timeout 0)
Starting session: command for charlesabrooker from 127.0.0.1 port 49547 id 0
debug3: mm_audit_run_command: entering command /usr/bin/env FM_REMOTE_JOB_PLATFORM_OVERRIDE=Linux FM_REMOTE_JOB_STATE_ROOT=/Users/charlesabrooker/.no-mistakes/worktrees/32d18ed9638d/01M48YDAJ274FP0KSXR35TAEYY/.live-validation/remote/jobs /Users/charlesabrooker/.no-mistakes/worktrees/32d18ed9638d/01M48YDAJ274FP0KSXR35TAEYY/.live-validation/remote/checkout/bin/fm-remote-entrypoint.sh 1 L1VzZXJzL2NoYXJsZXNhYnJvb2tlci8ubm8tbWlzdGFrZXMvd29ya3RyZWVzLzMyZDE4ZWQ5NjM4ZC8wMU00OFlEQUoyNzRGUDBLU1hSMzVUQUVZWS8ubGl2ZS12YWxpZGF0aW9uL3JlbW90ZS9jaGVja291dA== L1VzZXJzL2NoYXJsZXNhYnJvb2tlci8ubm8tbWlzdGFrZXMvd29ya3RyZWVzLzMyZDE4ZWQ5NjM4ZC8wMU00OFlEQUoyNzRGUDBLU1hSMzVUQUVZWS8ubGl2ZS12YWxpZGF0aW9uL3JlbW90ZS9tYXRl Zm0tcmVtb3RlLWRlbHRhLXJlYWQuc2gAc3RhdGUvcGFyZW50LXJlcGxpZXMuc3RhdHVzADk1ADI3MDdhZTQ2YWRiMzYzZGJkN2ExMGEyOWQ1NzJkMjhkZjIxMTdkNzliNDhlYThkMzk3ZDM5MWJjMGYyMDAzZjYAMgA=
debug3: mm_request_send: entering, type 113
debug3: mm_request_receive: entering
debug3: monitor_read: checking request 113
debug3: mm_answer_audit_command: entering
debug2: fd 15 setting O_NONBLOCK
debug2: fd 14 setting O_NONBLOCK
debug2: fd 17 setting O_NONBLOCK
debug3: send packet: type 99
debug2: process_output: session QoS is now non-interactive
debug3: set_sock_tos: set socket 8 IP_TOS 0x00
debug3: receive packet: type 96
debug2: channel 0: rcvd eof
debug2: channel 0: output open -> drain
debug2: channel 0: obuf empty
debug2: chan_shutdown_write: channel 0: (i0 o1 sock -1 wfd 14 efd 17 [read])
debug2: channel 0: output drain -> closed
debug2: channel 0: read 34 from efd 17
debug2: channel 0: rwin 2097152 elen 34 euse 1
debug2: channel 0: sent ext data 34
debug2: channel 0: read failed rfd 15 maxlen 32768: Broken pipe
debug2: channel 0: read failed
debug2: chan_shutdown_read: channel 0: (i0 o3 sock -1 wfd 15 efd 17 [read])
debug2: channel 0: input open -> drain
debug2: channel 0: read 0 from efd 17
debug2: channel 0: closing read-efd 17
debug2: channel 0: ibuf empty
debug2: channel 0: send eof
debug3: send packet: type 96
debug2: channel 0: input drain -> closed
debug1: Received SIGCHLD.
debug1: session_by_pid: pid 22701
debug2: channel 0: request exit-status confirm 0
debug3: send packet: type 98
debug1: session_exit_message: session 0 channel 0 pid 22701 exit 75
debug1: session_exit_message: release channel 0
debug2: channel 0: send_close2
debug2: channel 0: send close for remote id 0
debug3: send packet: type 97
debug3: channel 0: will not send data after close
debug3: receive packet: type 97
debug2: channel 0: rcvd close
debug3: receive packet: type 1
Received disconnect from 127.0.0.1 port 49547:11: disconnected by user
Disconnected from user charlesabrooker 127.0.0.1 port 49547
debug1: do_cleanup
debug3: mm_request_receive: entering
debug3: mm_request_receive: monitor fd closed
debug1: mm_reap: child exited with status 255
debug1: do_cleanup
debug3: BSM audit: typ 0 rc 0 "sshd logout charlesabrooker"
debug3: BSM audit: writing audit new record
BSM audit: bsm_audit_record failed to write "sshd logout charlesabrooker" record: Operation not permitted
debug1: fd 7 clearing O_NONBLOCK
debug2: fd 8 setting O_NONBLOCK
debug1: Forked child 44868.
debug1: rexec start in 7 out 7 newsock 7 config_s 8/9
debug1: sshd-session version OpenSSH_10.3, LibreSSL 3.3.6
debug1: network sockets: 8, 8
debug2: fd 8 setting TCP_NODELAY
debug3: set_sock_tos: set socket 8 IP_TOS 0xb8
debug3: server_process_channel_timeouts: setting 0 timeouts
debug3: channel_clear_timeouts: clearing
debug3: BSM audit: connection from 127.0.0.1 port 49558
debug3: BSM audit: iptype 4 machine ID 0100007f 00000000 00000000 00000000
Connection from 127.0.0.1 port 49558 on 127.0.0.1 port 65101
debug2: fd 8 setting O_NONBLOCK
debug2: server_accept_loop: child 44868 for connection from 127.0.0.1 to 127.0.0.1 received config
debug2: Network child is on pid 44913
debug3: preauth child monitor started
debug3: mm_request_receive: entering
debug3: monitor_read: checking request 51
debug1: mm_answer_state: config len 580
debug3: mm_request_send: entering, type 52
debug3: mm_answer_state: done
debug2: monitor_read: 51 used once, disabling now
debug1: sshd-auth version OpenSSH_10.3, LibreSSL 3.3.6 [preauth]
debug3: server_process_channel_timeouts: setting 0 timeouts [preauth]
debug3: channel_clear_timeouts: clearing [preauth]
debug3: fd 5 is O_NONBLOCK [preauth]
debug3: ssh_sandbox_init: preparing Darwin sandbox [preauth]
debug3: ssh_sandbox_child: starting Darwin sandbox [preauth]
debug1: list_hostkey_types: ssh-ed25519 [preauth]
debug1: Local version string SSH-2.0-OpenSSH_10.3 [preauth]
debug1: Remote protocol version 2.0, remote software version OpenSSH_10.3 [preauth]
debug1: compat_banner: match: OpenSSH_10.3 pat OpenSSH* compat 0x04000000 [preauth]
debug3: mm_sshkey_setcompat: entering [preauth]
debug3: mm_request_send: entering, type 18 [preauth]
debug3: send packet: type 20 [preauth]
debug1: SSH2_MSG_KEXINIT sent [preauth]
debug3: mm_request_receive: entering
debug3: monitor_read: checking request 18
debug3: mm_answer_setcompat: entering
debug2: monitor_read: 18 used once, disabling now
debug3: receive packet: type 20 [preauth]
debug1: SSH2_MSG_KEXINIT received [preauth]
debug2: local server KEXINIT proposal [preauth]
debug2: KEX algorithms: mlkem768x25519-sha256,sntrup761x25519-sha512,sntrup761x25519-sha512@openssh.com,curve25519-sha256,curve25519-sha256@libssh.org,ecdh-sha2-nistp256,ecdh-sha2-nistp384,ecdh-sha2-nistp521,ext-info-s,kex-strict-s-v00@openssh.com [preauth]
debug2: host key algorithms: ssh-ed25519 [preauth]
debug2: ciphers ctos: chacha20-poly1305@openssh.com,aes128-gcm@openssh.com,aes256-gcm@openssh.com,aes128-ctr,aes192-ctr,aes256-ctr [preauth]
debug2: ciphers stoc: chacha20-poly1305@openssh.com,aes128-gcm@openssh.com,aes256-gcm@openssh.com,aes128-ctr,aes192-ctr,aes256-ctr [preauth]
debug2: MACs ctos: umac-64-etm@openssh.com,umac-128-etm@openssh.com,hmac-sha2-256-etm@openssh.com,hmac-sha2-512-etm@openssh.com,hmac-sha1-etm@openssh.com,umac-64@openssh.com,umac-128@openssh.com,hmac-sha2-256,hmac-sha2-512,hmac-sha1 [preauth]
debug2: MACs stoc: umac-64-etm@openssh.com,umac-128-etm@openssh.com,hmac-sha2-256-etm@openssh.com,hmac-sha2-512-etm@openssh.com,hmac-sha1-etm@openssh.com,umac-64@openssh.com,umac-128@openssh.com,hmac-sha2-256,hmac-sha2-512,hmac-sha1 [preauth]
debug2: compression ctos: none,zlib@openssh.com [preauth]
debug2: compression stoc: none,zlib@openssh.com [preauth]
debug2: languages ctos:  [preauth]
debug2: languages stoc:  [preauth]
debug2: first_kex_follows 0  [preauth]
debug2: reserved 0  [preauth]
debug2: peer client KEXINIT proposal [preauth]
debug2: KEX algorithms: mlkem768x25519-sha256,sntrup761x25519-sha512,sntrup761x25519-sha512@openssh.com,curve25519-sha256,curve25519-sha256@libssh.org,ecdh-sha2-nistp256,ecdh-sha2-nistp384,ecdh-sha2-nistp521,diffie-hellman-group-exchange-sha256,diffie-hellman-group16-sha512,diffie-hellman-group18-sha512,diffie-hellman-group14-sha256,ext-info-c,kex-strict-c-v00@openssh.com [preauth]
debug2: host key algorithms: ssh-ed25519-cert-v01@openssh.com,ecdsa-sha2-nistp256-cert-v01@openssh.com,ecdsa-sha2-nistp384-cert-v01@openssh.com,ecdsa-sha2-nistp521-cert-v01@openssh.com,sk-ssh-ed25519-cert-v01@openssh.com,sk-ecdsa-sha2-nistp256-cert-v01@openssh.com,webauthn-sk-ecdsa-sha2-nistp256-cert-v01@openssh.com,rsa-sha2-512-cert-v01@openssh.com,rsa-sha2-256-cert-v01@openssh.com,ssh-ed25519,ecdsa-sha2-nistp256,ecdsa-sha2-nistp384,ecdsa-sha2-nistp521,sk-ssh-ed25519@openssh.com,sk-ecdsa-sha2-nistp256@openssh.com,webauthn-sk-ecdsa-sha2-nistp256@openssh.com,rsa-sha2-512,rsa-sha2-256 [preauth]
debug2: ciphers ctos: chacha20-poly1305@openssh.com,aes128-gcm@openssh.com,aes256-gcm@openssh.com,aes128-ctr,aes192-ctr,aes256-ctr [preauth]
debug2: ciphers stoc: chacha20-poly1305@openssh.com,aes128-gcm@openssh.com,aes256-gcm@openssh.com,aes128-ctr,aes192-ctr,aes256-ctr [preauth]
debug2: MACs ctos: umac-64-etm@openssh.com,umac-128-etm@openssh.com,hmac-sha2-256-etm@openssh.com,hmac-sha2-512-etm@openssh.com,hmac-sha1-etm@openssh.com,umac-64@openssh.com,umac-128@openssh.com,hmac-sha2-256,hmac-sha2-512,hmac-sha1 [preauth]
debug2: MACs stoc: umac-64-etm@openssh.com,umac-128-etm@openssh.com,hmac-sha2-256-etm@openssh.com,hmac-sha2-512-etm@openssh.com,hmac-sha1-etm@openssh.com,umac-64@openssh.com,umac-128@openssh.com,hmac-sha2-256,hmac-sha2-512,hmac-sha1 [preauth]
debug2: compression ctos: none,zlib@openssh.com [preauth]
debug2: compression stoc: none,zlib@openssh.com [preauth]
debug2: languages ctos:  [preauth]
debug2: languages stoc:  [preauth]
debug2: first_kex_follows 0  [preauth]
debug2: reserved 0  [preauth]
debug3: kex_choose_conf: will use strict KEX ordering [preauth]
debug1: kex: algorithm: mlkem768x25519-sha256 [preauth]
debug1: kex: host key algorithm: ssh-ed25519 [preauth]
debug1: kex: client->server cipher: chacha20-poly1305@openssh.com MAC: <implicit> compression: none [preauth]
debug1: kex: server->client cipher: chacha20-poly1305@openssh.com MAC: <implicit> compression: none [preauth]
debug1: expecting SSH2_MSG_KEX_ECDH_INIT [preauth]
debug3: receive packet: type 30 [preauth]
debug1: SSH2_MSG_KEX_ECDH_INIT received [preauth]
debug3: mm_sshkey_sign: entering [preauth]
debug3: mm_request_send: entering, type 6 [preauth]
debug3: mm_sshkey_sign: waiting for MONITOR_ANS_SIGN [preauth]
debug3: mm_request_receive_expect: entering, type 7 [preauth]
debug3: mm_request_receive: entering [preauth]
debug3: mm_request_receive: entering
debug3: monitor_read: checking request 6
debug3: mm_answer_sign: entering
debug1: mm_answer_sign: hostkey ssh-ed25519 index 0
debug3: mm_answer_sign: ssh-ed25519 KEX signature len=83
debug3: mm_request_send: entering, type 7
debug2: monitor_read: 6 used once, disabling now
debug3: mm_sshkey_sign: ssh-ed25519 signature len=83 [preauth]
debug3: send packet: type 31 [preauth]
debug3: send packet: type 21 [preauth]
debug1: ssh_packet_send2_wrapped: resetting send seqnr 3 [preauth]
debug2: ssh_set_newkeys: mode 1 [preauth]
debug1: rekey out after 134217728 blocks [preauth]
debug1: SSH2_MSG_NEWKEYS sent [preauth]
debug1: Sending SSH2_MSG_EXT_INFO [preauth]
debug3: send packet: type 7 [preauth]
debug1: expecting SSH2_MSG_NEWKEYS [preauth]
debug3: receive packet: type 21 [preauth]
debug1: ssh_packet_read_poll2: resetting read seqnr 3 [preauth]
debug1: SSH2_MSG_NEWKEYS received [preauth]
debug2: ssh_set_newkeys: mode 0 [preauth]
debug1: rekey in after 134217728 blocks [preauth]
debug2: KEX algorithms: mlkem768x25519-sha256,sntrup761x25519-sha512,sntrup761x25519-sha512@openssh.com,curve25519-sha256,curve25519-sha256@libssh.org,ecdh-sha2-nistp256,ecdh-sha2-nistp384,ecdh-sha2-nistp521,ext-info-s,kex-strict-s-v00@openssh.com [preauth]
debug2: host key algorithms: ssh-ed25519 [preauth]
debug2: ciphers ctos: chacha20-poly1305@openssh.com,aes128-gcm@openssh.com,aes256-gcm@openssh.com,aes128-ctr,aes192-ctr,aes256-ctr [preauth]
debug2: ciphers stoc: chacha20-poly1305@openssh.com,aes128-gcm@openssh.com,aes256-gcm@openssh.com,aes128-ctr,aes192-ctr,aes256-ctr [preauth]
debug2: MACs ctos: umac-64-etm@openssh.com,umac-128-etm@openssh.com,hmac-sha2-256-etm@openssh.com,hmac-sha2-512-etm@openssh.com,hmac-sha1-etm@openssh.com,umac-64@openssh.com,umac-128@openssh.com,hmac-sha2-256,hmac-sha2-512,hmac-sha1 [preauth]
debug2: MACs stoc: umac-64-etm@openssh.com,umac-128-etm@openssh.com,hmac-sha2-256-etm@openssh.com,hmac-sha2-512-etm@openssh.com,hmac-sha1-etm@openssh.com,umac-64@openssh.com,umac-128@openssh.com,hmac-sha2-256,hmac-sha2-512,hmac-sha1 [preauth]
debug2: compression ctos: none,zlib@openssh.com [preauth]
debug2: compression stoc: none,zlib@openssh.com [preauth]
debug2: languages ctos:  [preauth]
debug2: languages stoc:  [preauth]
debug2: first_kex_follows 0  [preauth]
debug2: reserved 0  [preauth]
debug1: KEX done [preauth]
debug3: receive packet: type 7 [preauth]
debug1: SSH2_MSG_EXT_INFO received [preauth]
debug3: kex_input_ext_info: extension ext-info-in-auth@openssh.com [preauth]
debug1: kex_ext_info_check_ver: ext-info-in-auth@openssh.com=<0> [preauth]
debug3: receive packet: type 5 [preauth]
debug3: send packet: type 6 [preauth]
debug3: receive packet: type 50 [preauth]
debug1: userauth-request for user charlesabrooker service ssh-connection method none [preauth]
debug1: attempt 0 failures 0 [preauth]
debug3: mm_getpwnamallow: entering [preauth]
debug3: mm_request_send: entering, type 8 [preauth]
debug3: mm_getpwnamallow: waiting for MONITOR_ANS_PWNAM [preauth]
debug3: mm_request_receive_expect: entering, type 9 [preauth]
debug3: mm_request_receive: entering [preauth]
debug3: mm_request_receive: entering
debug3: monitor_read: checking request 8
debug3: mm_answer_pwnamallow: entering
debug2: parse_server_config_depth: config reprocess config len 580
debug3: auth2_setup_methods_lists: checking methods
debug1: authentication methods list 0: publickey
debug3: mm_answer_pwnamallow: sending MONITOR_ANS_PWNAM: 1
debug3: mm_request_send: entering, type 9
debug2: monitor_read: 8 used once, disabling now
debug3: server_process_channel_timeouts: setting 0 timeouts [preauth]
debug3: channel_clear_timeouts: clearing [preauth]
debug2: input_userauth_request: setting up authctxt for charlesabrooker [preauth]
debug3: mm_inform_authserv: entering [preauth]
debug3: mm_request_send: entering, type 4 [preauth]
debug1: kex_server_update_ext_info: Sending SSH2_MSG_EXT_INFO [preauth]
debug3: send packet: type 7 [preauth]
debug3: auth2_setup_methods_lists: checking methods [preauth]
debug1: authentication methods list 0: publickey [preauth]
debug3: authmethod_lookup: method none not allowed by AuthenticationMethods [preauth]
debug3: userauth_finish: failure partial=0 next methods="publickey" [preauth]
debug3: send packet: type 51 [preauth]
debug3: mm_request_receive: entering
debug3: monitor_read: checking request 4
debug3: mm_answer_authserv: service=ssh-connection, style=
debug2: monitor_read: 4 used once, disabling now
debug3: receive packet: type 50 [preauth]
debug1: userauth-request for user charlesabrooker service ssh-connection method publickey [preauth]
debug1: attempt 1 failures 0 [preauth]
debug2: input_userauth_request: try method publickey [preauth]
debug2: userauth_pubkey: valid user charlesabrooker querying public key ssh-ed25519 AAAAC3NzaC1lZDI1NTE5AAAAIC29h5YAq/Tle+j2rirq6Xj2QUBhQHpieTMA6puP9ciD [preauth]
debug1: userauth_pubkey: publickey test pkalg ssh-ed25519 pkblob ED25519 SHA256:7sc69UbnYCiAFxuqzOSgt6nekJytNEARRE5FlH7yor0 [preauth]
debug3: mm_key_allowed: entering [preauth]
debug3: mm_request_send: entering, type 22 [preauth]
debug3: mm_key_allowed: waiting for MONITOR_ANS_KEYALLOWED [preauth]
debug3: mm_request_receive_expect: entering, type 23 [preauth]
debug3: mm_request_receive: entering [preauth]
debug3: mm_request_receive: entering
debug3: monitor_read: checking request 22
debug3: mm_answer_keyallowed: entering
debug1: temporarily_use_uid: 501/20 (e=501/20)
debug1: restore_uid: (unprivileged)
debug1: temporarily_use_uid: 501/20 (e=501/20)
debug1: trying public key file /Users/charlesabrooker/.no-mistakes/worktrees/32d18ed9638d/01M48YDAJ274FP0KSXR35TAEYY/.live-validation/remote/user.pub
debug1: fd 9 clearing O_NONBLOCK
debug1: /Users/charlesabrooker/.no-mistakes/worktrees/32d18ed9638d/01M48YDAJ274FP0KSXR35TAEYY/.live-validation/remote/user.pub:1: matching key found: ED25519 SHA256:7sc69UbnYCiAFxuqzOSgt6nekJytNEARRE5FlH7yor0
debug1: /Users/charlesabrooker/.no-mistakes/worktrees/32d18ed9638d/01M48YDAJ274FP0KSXR35TAEYY/.live-validation/remote/user.pub:1: key options: agent-forwarding port-forwarding pty user-rc x11-forwarding
debug3: /Users/charlesabrooker/.no-mistakes/worktrees/32d18ed9638d/01M48YDAJ274FP0KSXR35TAEYY/.live-validation/remote/user.pub:1: key options: agent-forwarding port-forwarding pty user-rc x11-forwarding
Accepted key ED25519 SHA256:7sc69UbnYCiAFxuqzOSgt6nekJytNEARRE5FlH7yor0 found at /Users/charlesabrooker/.no-mistakes/worktrees/32d18ed9638d/01M48YDAJ274FP0KSXR35TAEYY/.live-validation/remote/user.pub:1
debug2: auth_check_authkeys_file: /Users/charlesabrooker/.no-mistakes/worktrees/32d18ed9638d/01M48YDAJ274FP0KSXR35TAEYY/.live-validation/remote/user.pub: processed 1/1 lines
debug1: restore_uid: (unprivileged)
debug3: mm_answer_keyallowed: publickey authentication test: ED25519 key is allowed
debug3: mm_request_send: entering, type 23
debug3: send packet: type 60 [preauth]
debug2: userauth_pubkey: authenticated 0 pkalg ssh-ed25519 [preauth]
debug3: user_specific_delay: user specific delay 1.237ms [preauth]
debug3: ensure_minimum_time_since: elapsed 0.753ms, delaying 5.484ms (requested 6.237ms) [preauth]
Postponed publickey for charlesabrooker from 127.0.0.1 port 49558 ssh2 [preauth]
debug3: receive packet: type 50 [preauth]
debug1: userauth-request for user charlesabrooker service ssh-connection method publickey-hostbound-v00@openssh.com [preauth]
debug1: attempt 2 failures 0 [preauth]
debug2: input_userauth_request: try method publickey-hostbound-v00@openssh.com [preauth]
debug2: userauth_pubkey: valid user charlesabrooker attempting public key ssh-ed25519 AAAAC3NzaC1lZDI1NTE5AAAAIC29h5YAq/Tle+j2rirq6Xj2QUBhQHpieTMA6puP9ciD [preauth]
debug3: userauth_pubkey: publickey-hostbound-v00@openssh.com have ssh-ed25519 signature for ED25519 SHA256:7sc69UbnYCiAFxuqzOSgt6nekJytNEARRE5FlH7yor0 [preauth]
debug3: mm_key_allowed: entering [preauth]
debug3: mm_request_send: entering, type 22 [preauth]
debug3: mm_key_allowed: waiting for MONITOR_ANS_KEYALLOWED [preauth]
debug3: mm_request_receive_expect: entering, type 23 [preauth]
debug3: mm_request_receive: entering [preauth]
debug3: mm_request_receive: entering
debug3: monitor_read: checking request 22
debug3: mm_answer_keyallowed: entering
debug1: temporarily_use_uid: 501/20 (e=501/20)
debug1: restore_uid: (unprivileged)
debug1: temporarily_use_uid: 501/20 (e=501/20)
debug1: trying public key file /Users/charlesabrooker/.no-mistakes/worktrees/32d18ed9638d/01M48YDAJ274FP0KSXR35TAEYY/.live-validation/remote/user.pub
debug1: fd 9 clearing O_NONBLOCK
debug1: /Users/charlesabrooker/.no-mistakes/worktrees/32d18ed9638d/01M48YDAJ274FP0KSXR35TAEYY/.live-validation/remote/user.pub:1: matching key found: ED25519 SHA256:7sc69UbnYCiAFxuqzOSgt6nekJytNEARRE5FlH7yor0
debug1: /Users/charlesabrooker/.no-mistakes/worktrees/32d18ed9638d/01M48YDAJ274FP0KSXR35TAEYY/.live-validation/remote/user.pub:1: key options: agent-forwarding port-forwarding pty user-rc x11-forwarding
debug3: /Users/charlesabrooker/.no-mistakes/worktrees/32d18ed9638d/01M48YDAJ274FP0KSXR35TAEYY/.live-validation/remote/user.pub:1: key options: agent-forwarding port-forwarding pty user-rc x11-forwarding
Accepted key ED25519 SHA256:7sc69UbnYCiAFxuqzOSgt6nekJytNEARRE5FlH7yor0 found at /Users/charlesabrooker/.no-mistakes/worktrees/32d18ed9638d/01M48YDAJ274FP0KSXR35TAEYY/.live-validation/remote/user.pub:1
debug2: auth_check_authkeys_file: /Users/charlesabrooker/.no-mistakes/worktrees/32d18ed9638d/01M48YDAJ274FP0KSXR35TAEYY/.live-validation/remote/user.pub: processed 1/1 lines
debug1: restore_uid: (unprivileged)
debug3: mm_answer_keyallowed: publickey authentication: ED25519 key is allowed
debug3: mm_request_send: entering, type 23
debug3: mm_sshkey_verify: entering [preauth]
debug3: mm_request_send: entering, type 24 [preauth]
debug3: mm_sshkey_verify: waiting for MONITOR_ANS_KEYVERIFY [preauth]
debug3: mm_request_receive_expect: entering, type 25 [preauth]
debug3: mm_request_receive: entering [preauth]
debug3: mm_request_receive: entering
debug3: monitor_read: checking request 24
debug3: mm_answer_keyverify: publickey ED25519 signature using ssh-ed25519 verified
debug1: auth_activate_options: setting new authentication options
debug3: mm_request_send: entering, type 25
debug3: auth2_update_methods_lists: updating methods list after "publickey"
debug2: authentication methods list 0 complete
Accepted publickey for charlesabrooker from 127.0.0.1 port 49558 ssh2: ED25519 SHA256:7sc69UbnYCiAFxuqzOSgt6nekJytNEARRE5FlH7yor0
debug1: monitor_child_preauth: user charlesabrooker authenticated by privileged process
debug3: mm_get_keystate: Waiting for new keys
debug3: mm_request_receive_expect: entering, type 26
debug3: mm_request_receive: entering
debug3: mm_get_keystate: GOT new keys
debug1: auth_activate_options: setting new authentication options [preauth]
debug2: userauth_pubkey: authenticated 1 pkalg ssh-ed25519 [preauth]
debug3: user_specific_delay: user specific delay 1.237ms [preauth]
debug3: ensure_minimum_time_since: elapsed 3.856ms, delaying 2.381ms (requested 6.237ms) [preauth]
debug3: auth2_update_methods_lists: updating methods list after "publickey" [preauth]
debug2: authentication methods list 0 complete [preauth]
debug3: send packet: type 52 [preauth]
debug3: mm_request_send: entering, type 26 [preauth]
debug3: mm_send_keystate: Finished sending state [preauth]
debug1: monitor_read_log: child log fd closed
debug3: monitor_child_preauth: preauth child 44913 terminated successfully
BSM audit: bsm_audit_session_setup: setaudit_addr failed: Operation not permitted
debug2: server_accept_loop: child 44868 for connection from 127.0.0.1 to 127.0.0.1 auth done
debug1: child_close: enter (forcing)
debug3: BSM audit: typ 0 rc 0 "successful login charlesabrooker"
debug3: BSM audit: writing audit new record
BSM audit: bsm_audit_record failed to write "successful login charlesabrooker" record: Operation not permitted
User child is on pid 45212
debug3: monitor_apply_keystate: packet_set_state
debug2: ssh_set_newkeys: mode 0
debug1: rekey in after 134217728 blocks
debug2: ssh_set_newkeys: mode 1
debug1: rekey out after 134217728 blocks
debug1: ssh_packet_set_postauth: called
debug3: ssh_packet_set_state: done
debug3: notify_hostkeys: key 0: ssh-ed25519 SHA256:WwiWglN1fa9aE2Tl8g9MALW85mRMZENG58raojQZH9g
debug3: notify_hostkeys: sent 1 hostkeys
debug3: send packet: type 80
debug1: active: key options: agent-forwarding port-forwarding pty user-rc x11-forwarding
debug3: sending debug message: /Users/charlesabrooker/.no-mistakes/worktrees/32d18ed9638d/01M48YDAJ274FP0KSXR35TAEYY/.live-validation/remote/user.pub:1: key options: agent-forwarding port-forwarding pty user-rc x11-forwarding
debug3: send packet: type 4
debug3: sending debug message: /Users/charlesabrooker/.no-mistakes/worktrees/32d18ed9638d/01M48YDAJ274FP0KSXR35TAEYY/.live-validation/remote/user.pub:1: key options: agent-forwarding port-forwarding pty user-rc x11-forwarding
debug3: send packet: type 4
debug1: Entering interactive session for SSH2.
debug1: server_init_dispatch
debug3: receive packet: type 90
debug1: server_input_channel_open: ctype session rchan 0 win 2097152 max 32768
debug1: input_session_request
debug1: channel 0: new session [server-session] (inactive timeout: 0)
debug2: session_new: allocate (allocated 0 max 10)
debug3: session_unused: session id 0 unused
debug1: session_new: session 0
debug1: session_open: channel 0
debug1: session_open: session 0: link with channel 0
debug1: server_input_channel_open: confirm session
debug3: send packet: type 91
debug3: receive packet: type 80
debug1: server_input_global_request: rtype no-more-sessions@openssh.com want_reply 0
debug2: process_output: session QoS is now interactive
debug3: set_sock_tos: set socket 8 IP_TOS 0xb8
debug3: receive packet: type 98
debug1: server_input_channel_req: channel 0 request env reply 0
debug1: session_by_channel: session 0 channel 0
debug1: session_input_channel_req: session 0 req env
debug2: Ignoring env request LANG: disallowed name
debug3: receive packet: type 98
debug1: server_input_channel_req: channel 0 request exec reply 1
debug1: session_by_channel: session 0 channel 0
debug1: session_input_channel_req: session 0 req exec
debug2: channel_set_xtype: labeled channel 0 as session:command (inactive timeout 0)
Starting session: command for charlesabrooker from 127.0.0.1 port 49558 id 0
debug3: mm_audit_run_command: entering command /usr/bin/env FM_REMOTE_JOB_PLATFORM_OVERRIDE=Linux FM_REMOTE_JOB_STATE_ROOT=/Users/charlesabrooker/.no-mistakes/worktrees/32d18ed9638d/01M48YDAJ274FP0KSXR35TAEYY/.live-validation/remote/jobs /Users/charlesabrooker/.no-mistakes/worktrees/32d18ed9638d/01M48YDAJ274FP0KSXR35TAEYY/.live-validation/remote/checkout/bin/fm-remote-entrypoint.sh 1 L1VzZXJzL2NoYXJsZXNhYnJvb2tlci8ubm8tbWlzdGFrZXMvd29ya3RyZWVzLzMyZDE4ZWQ5NjM4ZC8wMU00OFlEQUoyNzRGUDBLU1hSMzVUQUVZWS8ubGl2ZS12YWxpZGF0aW9uL3JlbW90ZS9jaGVja291dA== L1VzZXJzL2NoYXJsZXNhYnJvb2tlci8ubm8tbWlzdGFrZXMvd29ya3RyZWVzLzMyZDE4ZWQ5NjM4ZC8wMU00OFlEQUoyNzRGUDBLU1hSMzVUQUVZWS8ubGl2ZS12YWxpZGF0aW9uL3JlbW90ZS9tYXRl Zm0tcmVtb3RlLWRlbHRhLXJlYWQuc2gAc3RhdGUvcGFyZW50LXJlcGxpZXMuc3RhdHVzADk1ADI3MDdhZTQ2YWRiMzYzZGJkN2ExMGEyOWQ1NzJkMjhkZjIxMTdkNzliNDhlYThkMzk3ZDM5MWJjMGYyMDAzZjYAMgA=
debug3: mm_request_send: entering, type 113
debug3: mm_request_receive: entering
debug3: monitor_read: checking request 113
debug3: mm_answer_audit_command: entering
debug2: fd 15 setting O_NONBLOCK
debug2: fd 14 setting O_NONBLOCK
debug2: fd 17 setting O_NONBLOCK
debug3: send packet: type 99
debug2: process_output: session QoS is now non-interactive
debug3: set_sock_tos: set socket 8 IP_TOS 0x00
debug3: receive packet: type 96
debug2: channel 0: rcvd eof
debug2: channel 0: output open -> drain
debug2: channel 0: obuf empty
debug2: chan_shutdown_write: channel 0: (i0 o1 sock -1 wfd 14 efd 17 [read])
debug2: channel 0: output drain -> closed
debug2: channel 0: read 34 from efd 17
debug2: channel 0: rwin 2097152 elen 34 euse 1
debug2: channel 0: sent ext data 34
debug2: channel 0: read failed rfd 15 maxlen 32768: Broken pipe
debug2: channel 0: read failed
debug2: chan_shutdown_read: channel 0: (i0 o3 sock -1 wfd 15 efd 17 [read])
debug2: channel 0: input open -> drain
debug2: channel 0: read 0 from efd 17
debug2: channel 0: closing read-efd 17
debug2: channel 0: ibuf empty
debug2: channel 0: send eof
debug3: send packet: type 96
debug2: channel 0: input drain -> closed
debug1: Received SIGCHLD.
debug1: session_by_pid: pid 45223
debug2: channel 0: request exit-status confirm 0
debug3: send packet: type 98
debug1: session_exit_message: session 0 channel 0 pid 45223 exit 75
debug1: session_exit_message: release channel 0
debug2: channel 0: send_close2
debug2: channel 0: send close for remote id 0
debug3: send packet: type 97
debug3: channel 0: will not send data after close
debug3: receive packet: type 97
debug2: channel 0: rcvd close
debug3: receive packet: type 1
Received disconnect from 127.0.0.1 port 49558:11: disconnected by user
Disconnected from user charlesabrooker 127.0.0.1 port 49558
debug1: do_cleanup
debug3: mm_request_receive: entering
debug3: mm_request_receive: monitor fd closed
debug1: mm_reap: child exited with status 255
debug1: do_cleanup
debug3: BSM audit: typ 0 rc 0 "sshd logout charlesabrooker"
debug3: BSM audit: writing audit new record
BSM audit: bsm_audit_record failed to write "sshd logout charlesabrooker" record: Operation not permitted
debug1: fd 7 clearing O_NONBLOCK
debug2: fd 8 setting O_NONBLOCK
debug1: Forked child 74983.
debug1: rexec start in 7 out 7 newsock 7 config_s 8/9
debug1: sshd-session version OpenSSH_10.3, LibreSSL 3.3.6
debug1: network sockets: 8, 8
debug2: fd 8 setting TCP_NODELAY
debug3: set_sock_tos: set socket 8 IP_TOS 0xb8
debug3: server_process_channel_timeouts: setting 0 timeouts
debug3: channel_clear_timeouts: clearing
debug3: BSM audit: connection from 127.0.0.1 port 49585
debug3: BSM audit: iptype 4 machine ID 0100007f 00000000 00000000 00000000
Connection from 127.0.0.1 port 49585 on 127.0.0.1 port 65101
debug2: fd 8 setting O_NONBLOCK
debug2: Network child is on pid 75148
debug3: preauth child monitor started
debug2: server_accept_loop: child 74983 for connection from 127.0.0.1 to 127.0.0.1 received config
debug3: mm_request_receive: entering
debug3: monitor_read: checking request 51
debug1: mm_answer_state: config len 580
debug3: mm_request_send: entering, type 52
debug3: mm_answer_state: done
debug2: monitor_read: 51 used once, disabling now
debug1: sshd-auth version OpenSSH_10.3, LibreSSL 3.3.6 [preauth]
debug3: server_process_channel_timeouts: setting 0 timeouts [preauth]
debug3: channel_clear_timeouts: clearing [preauth]
debug3: fd 5 is O_NONBLOCK [preauth]
debug3: ssh_sandbox_init: preparing Darwin sandbox [preauth]
debug3: ssh_sandbox_child: starting Darwin sandbox [preauth]
debug1: list_hostkey_types: ssh-ed25519 [preauth]
debug1: Local version string SSH-2.0-OpenSSH_10.3 [preauth]
debug1: Remote protocol version 2.0, remote software version OpenSSH_10.3 [preauth]
debug1: compat_banner: match: OpenSSH_10.3 pat OpenSSH* compat 0x04000000 [preauth]
debug3: mm_sshkey_setcompat: entering [preauth]
debug3: mm_request_send: entering, type 18 [preauth]
debug3: send packet: type 20 [preauth]
debug1: SSH2_MSG_KEXINIT sent [preauth]
debug3: mm_request_receive: entering
debug3: monitor_read: checking request 18
debug3: mm_answer_setcompat: entering
debug2: monitor_read: 18 used once, disabling now
debug3: receive packet: type 20 [preauth]
debug1: SSH2_MSG_KEXINIT received [preauth]
debug2: local server KEXINIT proposal [preauth]
debug2: KEX algorithms: mlkem768x25519-sha256,sntrup761x25519-sha512,sntrup761x25519-sha512@openssh.com,curve25519-sha256,curve25519-sha256@libssh.org,ecdh-sha2-nistp256,ecdh-sha2-nistp384,ecdh-sha2-nistp521,ext-info-s,kex-strict-s-v00@openssh.com [preauth]
debug2: host key algorithms: ssh-ed25519 [preauth]
debug2: ciphers ctos: chacha20-poly1305@openssh.com,aes128-gcm@openssh.com,aes256-gcm@openssh.com,aes128-ctr,aes192-ctr,aes256-ctr [preauth]
debug2: ciphers stoc: chacha20-poly1305@openssh.com,aes128-gcm@openssh.com,aes256-gcm@openssh.com,aes128-ctr,aes192-ctr,aes256-ctr [preauth]
debug2: MACs ctos: umac-64-etm@openssh.com,umac-128-etm@openssh.com,hmac-sha2-256-etm@openssh.com,hmac-sha2-512-etm@openssh.com,hmac-sha1-etm@openssh.com,umac-64@openssh.com,umac-128@openssh.com,hmac-sha2-256,hmac-sha2-512,hmac-sha1 [preauth]
debug2: MACs stoc: umac-64-etm@openssh.com,umac-128-etm@openssh.com,hmac-sha2-256-etm@openssh.com,hmac-sha2-512-etm@openssh.com,hmac-sha1-etm@openssh.com,umac-64@openssh.com,umac-128@openssh.com,hmac-sha2-256,hmac-sha2-512,hmac-sha1 [preauth]
debug2: compression ctos: none,zlib@openssh.com [preauth]
debug2: compression stoc: none,zlib@openssh.com [preauth]
debug2: languages ctos:  [preauth]
debug2: languages stoc:  [preauth]
debug2: first_kex_follows 0  [preauth]
debug2: reserved 0  [preauth]
debug2: peer client KEXINIT proposal [preauth]
debug2: KEX algorithms: mlkem768x25519-sha256,sntrup761x25519-sha512,sntrup761x25519-sha512@openssh.com,curve25519-sha256,curve25519-sha256@libssh.org,ecdh-sha2-nistp256,ecdh-sha2-nistp384,ecdh-sha2-nistp521,diffie-hellman-group-exchange-sha256,diffie-hellman-group16-sha512,diffie-hellman-group18-sha512,diffie-hellman-group14-sha256,ext-info-c,kex-strict-c-v00@openssh.com [preauth]
debug2: host key algorithms: ssh-ed25519-cert-v01@openssh.com,ecdsa-sha2-nistp256-cert-v01@openssh.com,ecdsa-sha2-nistp384-cert-v01@openssh.com,ecdsa-sha2-nistp521-cert-v01@openssh.com,sk-ssh-ed25519-cert-v01@openssh.com,sk-ecdsa-sha2-nistp256-cert-v01@openssh.com,webauthn-sk-ecdsa-sha2-nistp256-cert-v01@openssh.com,rsa-sha2-512-cert-v01@openssh.com,rsa-sha2-256-cert-v01@openssh.com,ssh-ed25519,ecdsa-sha2-nistp256,ecdsa-sha2-nistp384,ecdsa-sha2-nistp521,sk-ssh-ed25519@openssh.com,sk-ecdsa-sha2-nistp256@openssh.com,webauthn-sk-ecdsa-sha2-nistp256@openssh.com,rsa-sha2-512,rsa-sha2-256 [preauth]
debug2: ciphers ctos: chacha20-poly1305@openssh.com,aes128-gcm@openssh.com,aes256-gcm@openssh.com,aes128-ctr,aes192-ctr,aes256-ctr [preauth]
debug2: ciphers stoc: chacha20-poly1305@openssh.com,aes128-gcm@openssh.com,aes256-gcm@openssh.com,aes128-ctr,aes192-ctr,aes256-ctr [preauth]
debug2: MACs ctos: umac-64-etm@openssh.com,umac-128-etm@openssh.com,hmac-sha2-256-etm@openssh.com,hmac-sha2-512-etm@openssh.com,hmac-sha1-etm@openssh.com,umac-64@openssh.com,umac-128@openssh.com,hmac-sha2-256,hmac-sha2-512,hmac-sha1 [preauth]
debug2: MACs stoc: umac-64-etm@openssh.com,umac-128-etm@openssh.com,hmac-sha2-256-etm@openssh.com,hmac-sha2-512-etm@openssh.com,hmac-sha1-etm@openssh.com,umac-64@openssh.com,umac-128@openssh.com,hmac-sha2-256,hmac-sha2-512,hmac-sha1 [preauth]
debug2: compression ctos: none,zlib@openssh.com [preauth]
debug2: compression stoc: none,zlib@openssh.com [preauth]
debug2: languages ctos:  [preauth]
debug2: languages stoc:  [preauth]
debug2: first_kex_follows 0  [preauth]
debug2: reserved 0  [preauth]
debug3: kex_choose_conf: will use strict KEX ordering [preauth]
debug1: kex: algorithm: mlkem768x25519-sha256 [preauth]
debug1: kex: host key algorithm: ssh-ed25519 [preauth]
debug1: kex: client->server cipher: chacha20-poly1305@openssh.com MAC: <implicit> compression: none [preauth]
debug1: kex: server->client cipher: chacha20-poly1305@openssh.com MAC: <implicit> compression: none [preauth]
debug1: expecting SSH2_MSG_KEX_ECDH_INIT [preauth]
debug3: receive packet: type 30 [preauth]
debug1: SSH2_MSG_KEX_ECDH_INIT received [preauth]
debug3: mm_sshkey_sign: entering [preauth]
debug3: mm_request_send: entering, type 6 [preauth]
debug3: mm_sshkey_sign: waiting for MONITOR_ANS_SIGN [preauth]
debug3: mm_request_receive_expect: entering, type 7 [preauth]
debug3: mm_request_receive: entering [preauth]
debug3: mm_request_receive: entering
debug3: monitor_read: checking request 6
debug3: mm_answer_sign: entering
debug1: mm_answer_sign: hostkey ssh-ed25519 index 0
debug3: mm_answer_sign: ssh-ed25519 KEX signature len=83
debug3: mm_request_send: entering, type 7
debug2: monitor_read: 6 used once, disabling now
debug3: mm_sshkey_sign: ssh-ed25519 signature len=83 [preauth]
debug3: send packet: type 31 [preauth]
debug3: send packet: type 21 [preauth]
debug1: ssh_packet_send2_wrapped: resetting send seqnr 3 [preauth]
debug2: ssh_set_newkeys: mode 1 [preauth]
debug1: rekey out after 134217728 blocks [preauth]
debug1: SSH2_MSG_NEWKEYS sent [preauth]
debug1: Sending SSH2_MSG_EXT_INFO [preauth]
debug3: send packet: type 7 [preauth]
debug1: expecting SSH2_MSG_NEWKEYS [preauth]
debug3: receive packet: type 21 [preauth]
debug1: ssh_packet_read_poll2: resetting read seqnr 3 [preauth]
debug1: SSH2_MSG_NEWKEYS received [preauth]
debug2: ssh_set_newkeys: mode 0 [preauth]
debug1: rekey in after 134217728 blocks [preauth]
debug2: KEX algorithms: mlkem768x25519-sha256,sntrup761x25519-sha512,sntrup761x25519-sha512@openssh.com,curve25519-sha256,curve25519-sha256@libssh.org,ecdh-sha2-nistp256,ecdh-sha2-nistp384,ecdh-sha2-nistp521,ext-info-s,kex-strict-s-v00@openssh.com [preauth]
debug2: host key algorithms: ssh-ed25519 [preauth]
debug2: ciphers ctos: chacha20-poly1305@openssh.com,aes128-gcm@openssh.com,aes256-gcm@openssh.com,aes128-ctr,aes192-ctr,aes256-ctr [preauth]
debug2: ciphers stoc: chacha20-poly1305@openssh.com,aes128-gcm@openssh.com,aes256-gcm@openssh.com,aes128-ctr,aes192-ctr,aes256-ctr [preauth]
debug2: MACs ctos: umac-64-etm@openssh.com,umac-128-etm@openssh.com,hmac-sha2-256-etm@openssh.com,hmac-sha2-512-etm@openssh.com,hmac-sha1-etm@openssh.com,umac-64@openssh.com,umac-128@openssh.com,hmac-sha2-256,hmac-sha2-512,hmac-sha1 [preauth]
debug2: MACs stoc: umac-64-etm@openssh.com,umac-128-etm@openssh.com,hmac-sha2-256-etm@openssh.com,hmac-sha2-512-etm@openssh.com,hmac-sha1-etm@openssh.com,umac-64@openssh.com,umac-128@openssh.com,hmac-sha2-256,hmac-sha2-512,hmac-sha1 [preauth]
debug2: compression ctos: none,zlib@openssh.com [preauth]
debug2: compression stoc: none,zlib@openssh.com [preauth]
debug2: languages ctos:  [preauth]
debug2: languages stoc:  [preauth]
debug2: first_kex_follows 0  [preauth]
debug2: reserved 0  [preauth]
debug1: KEX done [preauth]
debug3: receive packet: type 7 [preauth]
debug1: SSH2_MSG_EXT_INFO received [preauth]
debug3: kex_input_ext_info: extension ext-info-in-auth@openssh.com [preauth]
debug1: kex_ext_info_check_ver: ext-info-in-auth@openssh.com=<0> [preauth]
debug3: receive packet: type 5 [preauth]
debug3: send packet: type 6 [preauth]
debug3: receive packet: type 50 [preauth]
debug1: userauth-request for user charlesabrooker service ssh-connection method none [preauth]
debug1: attempt 0 failures 0 [preauth]
debug3: mm_getpwnamallow: entering [preauth]
debug3: mm_request_send: entering, type 8 [preauth]
debug3: mm_getpwnamallow: waiting for MONITOR_ANS_PWNAM [preauth]
debug3: mm_request_receive_expect: entering, type 9 [preauth]
debug3: mm_request_receive: entering [preauth]
debug3: mm_request_receive: entering
debug3: monitor_read: checking request 8
debug3: mm_answer_pwnamallow: entering
debug2: parse_server_config_depth: config reprocess config len 580
debug3: auth2_setup_methods_lists: checking methods
debug1: authentication methods list 0: publickey
debug3: mm_answer_pwnamallow: sending MONITOR_ANS_PWNAM: 1
debug3: mm_request_send: entering, type 9
debug2: monitor_read: 8 used once, disabling now
debug3: server_process_channel_timeouts: setting 0 timeouts [preauth]
debug3: channel_clear_timeouts: clearing [preauth]
debug2: input_userauth_request: setting up authctxt for charlesabrooker [preauth]
debug3: mm_inform_authserv: entering [preauth]
debug3: mm_request_send: entering, type 4 [preauth]
debug1: kex_server_update_ext_info: Sending SSH2_MSG_EXT_INFO [preauth]
debug3: send packet: type 7 [preauth]
debug3: auth2_setup_methods_lists: checking methods [preauth]
debug1: authentication methods list 0: publickey [preauth]
debug3: authmethod_lookup: method none not allowed by AuthenticationMethods [preauth]
debug3: userauth_finish: failure partial=0 next methods="publickey" [preauth]
debug3: send packet: type 51 [preauth]
debug3: mm_request_receive: entering
debug3: monitor_read: checking request 4
debug3: mm_answer_authserv: service=ssh-connection, style=
debug2: monitor_read: 4 used once, disabling now
debug3: receive packet: type 50 [preauth]
debug1: userauth-request for user charlesabrooker service ssh-connection method publickey [preauth]
debug1: attempt 1 failures 0 [preauth]
debug2: input_userauth_request: try method publickey [preauth]
debug2: userauth_pubkey: valid user charlesabrooker querying public key ssh-ed25519 AAAAC3NzaC1lZDI1NTE5AAAAIC29h5YAq/Tle+j2rirq6Xj2QUBhQHpieTMA6puP9ciD [preauth]
debug1: userauth_pubkey: publickey test pkalg ssh-ed25519 pkblob ED25519 SHA256:7sc69UbnYCiAFxuqzOSgt6nekJytNEARRE5FlH7yor0 [preauth]
debug3: mm_key_allowed: entering [preauth]
debug3: mm_request_send: entering, type 22 [preauth]
debug3: mm_key_allowed: waiting for MONITOR_ANS_KEYALLOWED [preauth]
debug3: mm_request_receive_expect: entering, type 23 [preauth]
debug3: mm_request_receive: entering [preauth]
debug3: mm_request_receive: entering
debug3: monitor_read: checking request 22
debug3: mm_answer_keyallowed: entering
debug1: temporarily_use_uid: 501/20 (e=501/20)
debug1: restore_uid: (unprivileged)
debug1: temporarily_use_uid: 501/20 (e=501/20)
debug1: trying public key file /Users/charlesabrooker/.no-mistakes/worktrees/32d18ed9638d/01M48YDAJ274FP0KSXR35TAEYY/.live-validation/remote/user.pub
debug1: fd 9 clearing O_NONBLOCK
debug1: /Users/charlesabrooker/.no-mistakes/worktrees/32d18ed9638d/01M48YDAJ274FP0KSXR35TAEYY/.live-validation/remote/user.pub:1: matching key found: ED25519 SHA256:7sc69UbnYCiAFxuqzOSgt6nekJytNEARRE5FlH7yor0
debug1: /Users/charlesabrooker/.no-mistakes/worktrees/32d18ed9638d/01M48YDAJ274FP0KSXR35TAEYY/.live-validation/remote/user.pub:1: key options: agent-forwarding port-forwarding pty user-rc x11-forwarding
debug3: /Users/charlesabrooker/.no-mistakes/worktrees/32d18ed9638d/01M48YDAJ274FP0KSXR35TAEYY/.live-validation/remote/user.pub:1: key options: agent-forwarding port-forwarding pty user-rc x11-forwarding
Accepted key ED25519 SHA256:7sc69UbnYCiAFxuqzOSgt6nekJytNEARRE5FlH7yor0 found at /Users/charlesabrooker/.no-mistakes/worktrees/32d18ed9638d/01M48YDAJ274FP0KSXR35TAEYY/.live-validation/remote/user.pub:1
debug2: auth_check_authkeys_file: /Users/charlesabrooker/.no-mistakes/worktrees/32d18ed9638d/01M48YDAJ274FP0KSXR35TAEYY/.live-validation/remote/user.pub: processed 1/1 lines
debug1: restore_uid: (unprivileged)
debug3: mm_answer_keyallowed: publickey authentication test: ED25519 key is allowed
debug3: mm_request_send: entering, type 23
debug3: send packet: type 60 [preauth]
debug2: userauth_pubkey: authenticated 0 pkalg ssh-ed25519 [preauth]
debug3: user_specific_delay: user specific delay 1.237ms [preauth]
debug3: ensure_minimum_time_since: elapsed 0.360ms, delaying 5.877ms (requested 6.237ms) [preauth]
Postponed publickey for charlesabrooker from 127.0.0.1 port 49585 ssh2 [preauth]
debug3: receive packet: type 50 [preauth]
debug1: userauth-request for user charlesabrooker service ssh-connection method publickey-hostbound-v00@openssh.com [preauth]
debug1: attempt 2 failures 0 [preauth]
debug2: input_userauth_request: try method publickey-hostbound-v00@openssh.com [preauth]
debug2: userauth_pubkey: valid user charlesabrooker attempting public key ssh-ed25519 AAAAC3NzaC1lZDI1NTE5AAAAIC29h5YAq/Tle+j2rirq6Xj2QUBhQHpieTMA6puP9ciD [preauth]
debug3: userauth_pubkey: publickey-hostbound-v00@openssh.com have ssh-ed25519 signature for ED25519 SHA256:7sc69UbnYCiAFxuqzOSgt6nekJytNEARRE5FlH7yor0 [preauth]
debug3: mm_key_allowed: entering [preauth]
debug3: mm_request_send: entering, type 22 [preauth]
debug3: mm_key_allowed: waiting for MONITOR_ANS_KEYALLOWED [preauth]
debug3: mm_request_receive_expect: entering, type 23 [preauth]
debug3: mm_request_receive: entering [preauth]
debug3: mm_request_receive: entering
debug3: monitor_read: checking request 22
debug3: mm_answer_keyallowed: entering
debug1: temporarily_use_uid: 501/20 (e=501/20)
debug1: restore_uid: (unprivileged)
debug1: temporarily_use_uid: 501/20 (e=501/20)
debug1: trying public key file /Users/charlesabrooker/.no-mistakes/worktrees/32d18ed9638d/01M48YDAJ274FP0KSXR35TAEYY/.live-validation/remote/user.pub
debug1: fd 9 clearing O_NONBLOCK
debug1: /Users/charlesabrooker/.no-mistakes/worktrees/32d18ed9638d/01M48YDAJ274FP0KSXR35TAEYY/.live-validation/remote/user.pub:1: matching key found: ED25519 SHA256:7sc69UbnYCiAFxuqzOSgt6nekJytNEARRE5FlH7yor0
debug1: /Users/charlesabrooker/.no-mistakes/worktrees/32d18ed9638d/01M48YDAJ274FP0KSXR35TAEYY/.live-validation/remote/user.pub:1: key options: agent-forwarding port-forwarding pty user-rc x11-forwarding
debug3: /Users/charlesabrooker/.no-mistakes/worktrees/32d18ed9638d/01M48YDAJ274FP0KSXR35TAEYY/.live-validation/remote/user.pub:1: key options: agent-forwarding port-forwarding pty user-rc x11-forwarding
Accepted key ED25519 SHA256:7sc69UbnYCiAFxuqzOSgt6nekJytNEARRE5FlH7yor0 found at /Users/charlesabrooker/.no-mistakes/worktrees/32d18ed9638d/01M48YDAJ274FP0KSXR35TAEYY/.live-validation/remote/user.pub:1
debug2: auth_check_authkeys_file: /Users/charlesabrooker/.no-mistakes/worktrees/32d18ed9638d/01M48YDAJ274FP0KSXR35TAEYY/.live-validation/remote/user.pub: processed 1/1 lines
debug1: restore_uid: (unprivileged)
debug3: mm_answer_keyallowed: publickey authentication: ED25519 key is allowed
debug3: mm_request_send: entering, type 23
debug3: mm_sshkey_verify: entering [preauth]
debug3: mm_request_send: entering, type 24 [preauth]
debug3: mm_sshkey_verify: waiting for MONITOR_ANS_KEYVERIFY [preauth]
debug3: mm_request_receive_expect: entering, type 25 [preauth]
debug3: mm_request_receive: entering [preauth]
debug3: mm_request_receive: entering
debug3: monitor_read: checking request 24
debug3: mm_answer_keyverify: publickey ED25519 signature using ssh-ed25519 verified
debug1: auth_activate_options: setting new authentication options
debug3: mm_request_send: entering, type 25
debug3: auth2_update_methods_lists: updating methods list after "publickey"
debug2: authentication methods list 0 complete
Accepted publickey for charlesabrooker from 127.0.0.1 port 49585 ssh2: ED25519 SHA256:7sc69UbnYCiAFxuqzOSgt6nekJytNEARRE5FlH7yor0
debug1: monitor_child_preauth: user charlesabrooker authenticated by privileged process
debug3: mm_get_keystate: Waiting for new keys
debug3: mm_request_receive_expect: entering, type 26
debug3: mm_request_receive: entering
debug3: mm_get_keystate: GOT new keys
debug1: auth_activate_options: setting new authentication options [preauth]
debug2: userauth_pubkey: authenticated 1 pkalg ssh-ed25519 [preauth]
debug3: user_specific_delay: user specific delay 1.237ms [preauth]
debug3: ensure_minimum_time_since: elapsed 2.252ms, delaying 3.985ms (requested 6.237ms) [preauth]
debug3: auth2_update_methods_lists: updating methods list after "publickey" [preauth]
debug2: authentication methods list 0 complete [preauth]
debug3: send packet: type 52 [preauth]
debug3: mm_request_send: entering, type 26 [preauth]
debug3: mm_send_keystate: Finished sending state [preauth]
debug1: monitor_read_log: child log fd closed
debug3: monitor_child_preauth: preauth child 75148 terminated successfully
debug2: server_accept_loop: child 74983 for connection from 127.0.0.1 to 127.0.0.1 auth done
debug1: child_close: enter (forcing)
BSM audit: bsm_audit_session_setup: setaudit_addr failed: Operation not permitted
debug3: BSM audit: typ 0 rc 0 "successful login charlesabrooker"
debug3: BSM audit: writing audit new record
BSM audit: bsm_audit_record failed to write "successful login charlesabrooker" record: Operation not permitted
debug3: monitor_apply_keystate: packet_set_state
debug2: ssh_set_newkeys: mode 0
debug1: rekey in after 134217728 blocks
debug2: ssh_set_newkeys: mode 1
debug1: rekey out after 134217728 blocks
debug1: ssh_packet_set_postauth: called
debug3: ssh_packet_set_state: done
debug3: notify_hostkeys: key 0: ssh-ed25519 SHA256:WwiWglN1fa9aE2Tl8g9MALW85mRMZENG58raojQZH9g
debug3: notify_hostkeys: sent 1 hostkeys
debug3: send packet: type 80
debug1: active: key options: agent-forwarding port-forwarding pty user-rc x11-forwarding
debug3: sending debug message: /Users/charlesabrooker/.no-mistakes/worktrees/32d18ed9638d/01M48YDAJ274FP0KSXR35TAEYY/.live-validation/remote/user.pub:1: key options: agent-forwarding port-forwarding pty user-rc x11-forwarding
debug3: send packet: type 4
debug3: sending debug message: /Users/charlesabrooker/.no-mistakes/worktrees/32d18ed9638d/01M48YDAJ274FP0KSXR35TAEYY/.live-validation/remote/user.pub:1: key options: agent-forwarding port-forwarding pty user-rc x11-forwarding
debug3: send packet: type 4
debug1: Entering interactive session for SSH2.
debug1: server_init_dispatch
debug3: receive packet: type 90
debug1: server_input_channel_open: ctype session rchan 0 win 2097152 max 32768
debug1: input_session_request
debug1: channel 0: new session [server-session] (inactive timeout: 0)
debug2: session_new: allocate (allocated 0 max 10)
debug3: session_unused: session id 0 unused
debug1: session_new: session 0
debug1: session_open: channel 0
debug1: session_open: session 0: link with channel 0
debug1: server_input_channel_open: confirm session
debug3: send packet: type 91
debug3: receive packet: type 80
debug1: server_input_global_request: rtype no-more-sessions@openssh.com want_reply 0
debug2: process_output: session QoS is now interactive
debug3: set_sock_tos: set socket 8 IP_TOS 0xb8
User child is on pid 75567
debug3: receive packet: type 98
debug1: server_input_channel_req: channel 0 request env reply 0
debug1: session_by_channel: session 0 channel 0
debug1: session_input_channel_req: session 0 req env
debug2: Ignoring env request LANG: disallowed name
debug3: receive packet: type 98
debug1: server_input_channel_req: channel 0 request exec reply 1
debug1: session_by_channel: session 0 channel 0
debug1: session_input_channel_req: session 0 req exec
debug2: channel_set_xtype: labeled channel 0 as session:command (inactive timeout 0)
Starting session: command for charlesabrooker from 127.0.0.1 port 49585 id 0
debug3: mm_audit_run_command: entering command /usr/bin/env FM_REMOTE_JOB_PLATFORM_OVERRIDE=Linux FM_REMOTE_JOB_STATE_ROOT=/Users/charlesabrooker/.no-mistakes/worktrees/32d18ed9638d/01M48YDAJ274FP0KSXR35TAEYY/.live-validation/remote/jobs /Users/charlesabrooker/.no-mistakes/worktrees/32d18ed9638d/01M48YDAJ274FP0KSXR35TAEYY/.live-validation/remote/checkout/bin/fm-remote-entrypoint.sh 1 L1VzZXJzL2NoYXJsZXNhYnJvb2tlci8ubm8tbWlzdGFrZXMvd29ya3RyZWVzLzMyZDE4ZWQ5NjM4ZC8wMU00OFlEQUoyNzRGUDBLU1hSMzVUQUVZWS8ubGl2ZS12YWxpZGF0aW9uL3JlbW90ZS9jaGVja291dA== L1VzZXJzL2NoYXJsZXNhYnJvb2tlci8ubm8tbWlzdGFrZXMvd29ya3RyZWVzLzMyZDE4ZWQ5NjM4ZC8wMU00OFlEQUoyNzRGUDBLU1hSMzVUQUVZWS8ubGl2ZS12YWxpZGF0aW9uL3JlbW90ZS9tYXRl Zm0tcmVtb3RlLWRlbHRhLXJlYWQuc2gAc3RhdGUvcGFyZW50LXJlcGxpZXMuc3RhdHVzADk1ADI3MDdhZTQ2YWRiMzYzZGJkN2ExMGEyOWQ1NzJkMjhkZjIxMTdkNzliNDhlYThkMzk3ZDM5MWJjMGYyMDAzZjYAMgA=
debug3: mm_request_send: entering, type 113
debug3: mm_request_receive: entering
debug3: monitor_read: checking request 113
debug3: mm_answer_audit_command: entering
debug2: fd 15 setting O_NONBLOCK
debug2: fd 14 setting O_NONBLOCK
debug2: fd 17 setting O_NONBLOCK
debug3: send packet: type 99
debug2: process_output: session QoS is now non-interactive
debug3: set_sock_tos: set socket 8 IP_TOS 0x00
debug3: receive packet: type 96
debug2: channel 0: rcvd eof
debug2: channel 0: output open -> drain
debug2: channel 0: obuf empty
debug2: chan_shutdown_write: channel 0: (i0 o1 sock -1 wfd 14 efd 17 [read])
debug2: channel 0: output drain -> closed
debug2: channel 0: read 34 from efd 17
debug2: channel 0: rwin 2097152 elen 34 euse 1
debug2: channel 0: sent ext data 34
debug2: channel 0: read failed rfd 15 maxlen 32768: Broken pipe
debug2: channel 0: read failed
debug2: chan_shutdown_read: channel 0: (i0 o3 sock -1 wfd 15 efd 17 [read])
debug2: channel 0: input open -> drain
debug2: channel 0: read 0 from efd 17
debug2: channel 0: closing read-efd 17
debug2: channel 0: ibuf empty
debug2: channel 0: send eof
debug3: send packet: type 96
debug2: channel 0: input drain -> closed
debug1: Received SIGCHLD.
debug1: session_by_pid: pid 75576
debug2: channel 0: request exit-status confirm 0
debug3: send packet: type 98
debug1: session_exit_message: session 0 channel 0 pid 75576 exit 75
debug1: session_exit_message: release channel 0
debug2: channel 0: send_close2
debug2: channel 0: send close for remote id 0
debug3: send packet: type 97
debug3: channel 0: will not send data after close
debug3: receive packet: type 97
debug2: channel 0: rcvd close
debug3: receive packet: type 1
Received disconnect from 127.0.0.1 port 49585:11: disconnected by user
Disconnected from user charlesabrooker 127.0.0.1 port 49585
debug1: do_cleanup
debug3: mm_request_receive: entering
debug3: mm_request_receive: monitor fd closed
debug1: mm_reap: child exited with status 255
debug1: do_cleanup
debug3: BSM audit: typ 0 rc 0 "sshd logout charlesabrooker"
debug3: BSM audit: writing audit new record
BSM audit: bsm_audit_record failed to write "sshd logout charlesabrooker" record: Operation not permitted
debug1: fd 7 clearing O_NONBLOCK
debug2: fd 8 setting O_NONBLOCK
debug1: rexec start in 7 out 7 newsock 7 config_s 8/9
debug1: Forked child 97285.
debug1: sshd-session version OpenSSH_10.3, LibreSSL 3.3.6
debug1: network sockets: 8, 8
debug2: server_accept_loop: child 97285 for connection from 127.0.0.1 to 127.0.0.1 received config
debug2: fd 8 setting TCP_NODELAY
debug3: set_sock_tos: set socket 8 IP_TOS 0xb8
debug3: server_process_channel_timeouts: setting 0 timeouts
debug3: channel_clear_timeouts: clearing
debug3: BSM audit: connection from 127.0.0.1 port 49652
debug3: BSM audit: iptype 4 machine ID 0100007f 00000000 00000000 00000000
Connection from 127.0.0.1 port 49652 on 127.0.0.1 port 65101
debug2: fd 8 setting O_NONBLOCK
debug2: Network child is on pid 97316
debug3: preauth child monitor started
debug3: mm_request_receive: entering
debug3: monitor_read: checking request 51
debug1: mm_answer_state: config len 580
debug3: mm_request_send: entering, type 52
debug3: mm_answer_state: done
debug2: monitor_read: 51 used once, disabling now
debug1: sshd-auth version OpenSSH_10.3, LibreSSL 3.3.6 [preauth]
debug3: server_process_channel_timeouts: setting 0 timeouts [preauth]
debug3: channel_clear_timeouts: clearing [preauth]
debug3: fd 5 is O_NONBLOCK [preauth]
debug3: ssh_sandbox_init: preparing Darwin sandbox [preauth]
debug3: ssh_sandbox_child: starting Darwin sandbox [preauth]
debug1: list_hostkey_types: ssh-ed25519 [preauth]
debug1: Local version string SSH-2.0-OpenSSH_10.3 [preauth]
debug1: Remote protocol version 2.0, remote software version OpenSSH_10.3 [preauth]
debug1: compat_banner: match: OpenSSH_10.3 pat OpenSSH* compat 0x04000000 [preauth]
debug3: mm_sshkey_setcompat: entering [preauth]
debug3: mm_request_send: entering, type 18 [preauth]
debug3: send packet: type 20 [preauth]
debug1: SSH2_MSG_KEXINIT sent [preauth]
debug3: mm_request_receive: entering
debug3: monitor_read: checking request 18
debug3: mm_answer_setcompat: entering
debug2: monitor_read: 18 used once, disabling now
debug3: receive packet: type 20 [preauth]
debug1: SSH2_MSG_KEXINIT received [preauth]
debug2: local server KEXINIT proposal [preauth]
debug2: KEX algorithms: mlkem768x25519-sha256,sntrup761x25519-sha512,sntrup761x25519-sha512@openssh.com,curve25519-sha256,curve25519-sha256@libssh.org,ecdh-sha2-nistp256,ecdh-sha2-nistp384,ecdh-sha2-nistp521,ext-info-s,kex-strict-s-v00@openssh.com [preauth]
debug2: host key algorithms: ssh-ed25519 [preauth]
debug2: ciphers ctos: chacha20-poly1305@openssh.com,aes128-gcm@openssh.com,aes256-gcm@openssh.com,aes128-ctr,aes192-ctr,aes256-ctr [preauth]
debug2: ciphers stoc: chacha20-poly1305@openssh.com,aes128-gcm@openssh.com,aes256-gcm@openssh.com,aes128-ctr,aes192-ctr,aes256-ctr [preauth]
debug2: MACs ctos: umac-64-etm@openssh.com,umac-128-etm@openssh.com,hmac-sha2-256-etm@openssh.com,hmac-sha2-512-etm@openssh.com,hmac-sha1-etm@openssh.com,umac-64@openssh.com,umac-128@openssh.com,hmac-sha2-256,hmac-sha2-512,hmac-sha1 [preauth]
debug2: MACs stoc: umac-64-etm@openssh.com,umac-128-etm@openssh.com,hmac-sha2-256-etm@openssh.com,hmac-sha2-512-etm@openssh.com,hmac-sha1-etm@openssh.com,umac-64@openssh.com,umac-128@openssh.com,hmac-sha2-256,hmac-sha2-512,hmac-sha1 [preauth]
debug2: compression ctos: none,zlib@openssh.com [preauth]
debug2: compression stoc: none,zlib@openssh.com [preauth]
debug2: languages ctos:  [preauth]
debug2: languages stoc:  [preauth]
debug2: first_kex_follows 0  [preauth]
debug2: reserved 0  [preauth]
debug2: peer client KEXINIT proposal [preauth]
debug2: KEX algorithms: mlkem768x25519-sha256,sntrup761x25519-sha512,sntrup761x25519-sha512@openssh.com,curve25519-sha256,curve25519-sha256@libssh.org,ecdh-sha2-nistp256,ecdh-sha2-nistp384,ecdh-sha2-nistp521,diffie-hellman-group-exchange-sha256,diffie-hellman-group16-sha512,diffie-hellman-group18-sha512,diffie-hellman-group14-sha256,ext-info-c,kex-strict-c-v00@openssh.com [preauth]
debug2: host key algorithms: ssh-ed25519-cert-v01@openssh.com,ecdsa-sha2-nistp256-cert-v01@openssh.com,ecdsa-sha2-nistp384-cert-v01@openssh.com,ecdsa-sha2-nistp521-cert-v01@openssh.com,sk-ssh-ed25519-cert-v01@openssh.com,sk-ecdsa-sha2-nistp256-cert-v01@openssh.com,webauthn-sk-ecdsa-sha2-nistp256-cert-v01@openssh.com,rsa-sha2-512-cert-v01@openssh.com,rsa-sha2-256-cert-v01@openssh.com,ssh-ed25519,ecdsa-sha2-nistp256,ecdsa-sha2-nistp384,ecdsa-sha2-nistp521,sk-ssh-ed25519@openssh.com,sk-ecdsa-sha2-nistp256@openssh.com,webauthn-sk-ecdsa-sha2-nistp256@openssh.com,rsa-sha2-512,rsa-sha2-256 [preauth]
debug2: ciphers ctos: chacha20-poly1305@openssh.com,aes128-gcm@openssh.com,aes256-gcm@openssh.com,aes128-ctr,aes192-ctr,aes256-ctr [preauth]
debug2: ciphers stoc: chacha20-poly1305@openssh.com,aes128-gcm@openssh.com,aes256-gcm@openssh.com,aes128-ctr,aes192-ctr,aes256-ctr [preauth]
debug2: MACs ctos: umac-64-etm@openssh.com,umac-128-etm@openssh.com,hmac-sha2-256-etm@openssh.com,hmac-sha2-512-etm@openssh.com,hmac-sha1-etm@openssh.com,umac-64@openssh.com,umac-128@openssh.com,hmac-sha2-256,hmac-sha2-512,hmac-sha1 [preauth]
debug2: MACs stoc: umac-64-etm@openssh.com,umac-128-etm@openssh.com,hmac-sha2-256-etm@openssh.com,hmac-sha2-512-etm@openssh.com,hmac-sha1-etm@openssh.com,umac-64@openssh.com,umac-128@openssh.com,hmac-sha2-256,hmac-sha2-512,hmac-sha1 [preauth]
debug2: compression ctos: none,zlib@openssh.com [preauth]
debug2: compression stoc: none,zlib@openssh.com [preauth]
debug2: languages ctos:  [preauth]
debug2: languages stoc:  [preauth]
debug2: first_kex_follows 0  [preauth]
debug2: reserved 0  [preauth]
debug3: kex_choose_conf: will use strict KEX ordering [preauth]
debug1: kex: algorithm: mlkem768x25519-sha256 [preauth]
debug1: kex: host key algorithm: ssh-ed25519 [preauth]
debug1: kex: client->server cipher: chacha20-poly1305@openssh.com MAC: <implicit> compression: none [preauth]
debug1: kex: server->client cipher: chacha20-poly1305@openssh.com MAC: <implicit> compression: none [preauth]
debug1: expecting SSH2_MSG_KEX_ECDH_INIT [preauth]
debug3: receive packet: type 30 [preauth]
debug1: SSH2_MSG_KEX_ECDH_INIT received [preauth]
debug3: mm_sshkey_sign: entering [preauth]
debug3: mm_request_send: entering, type 6 [preauth]
debug3: mm_sshkey_sign: waiting for MONITOR_ANS_SIGN [preauth]
debug3: mm_request_receive_expect: entering, type 7 [preauth]
debug3: mm_request_receive: entering [preauth]
debug3: mm_request_receive: entering
debug3: monitor_read: checking request 6
debug3: mm_answer_sign: entering
debug1: mm_answer_sign: hostkey ssh-ed25519 index 0
debug3: mm_answer_sign: ssh-ed25519 KEX signature len=83
debug3: mm_request_send: entering, type 7
debug2: monitor_read: 6 used once, disabling now
debug3: mm_sshkey_sign: ssh-ed25519 signature len=83 [preauth]
debug3: send packet: type 31 [preauth]
debug3: send packet: type 21 [preauth]
debug1: ssh_packet_send2_wrapped: resetting send seqnr 3 [preauth]
debug2: ssh_set_newkeys: mode 1 [preauth]
debug1: rekey out after 134217728 blocks [preauth]
debug1: SSH2_MSG_NEWKEYS sent [preauth]
debug1: Sending SSH2_MSG_EXT_INFO [preauth]
debug3: send packet: type 7 [preauth]
debug1: expecting SSH2_MSG_NEWKEYS [preauth]
debug3: receive packet: type 21 [preauth]
debug1: ssh_packet_read_poll2: resetting read seqnr 3 [preauth]
debug1: SSH2_MSG_NEWKEYS received [preauth]
debug2: ssh_set_newkeys: mode 0 [preauth]
debug1: rekey in after 134217728 blocks [preauth]
debug2: KEX algorithms: mlkem768x25519-sha256,sntrup761x25519-sha512,sntrup761x25519-sha512@openssh.com,curve25519-sha256,curve25519-sha256@libssh.org,ecdh-sha2-nistp256,ecdh-sha2-nistp384,ecdh-sha2-nistp521,ext-info-s,kex-strict-s-v00@openssh.com [preauth]
debug2: host key algorithms: ssh-ed25519 [preauth]
debug2: ciphers ctos: chacha20-poly1305@openssh.com,aes128-gcm@openssh.com,aes256-gcm@openssh.com,aes128-ctr,aes192-ctr,aes256-ctr [preauth]
debug2: ciphers stoc: chacha20-poly1305@openssh.com,aes128-gcm@openssh.com,aes256-gcm@openssh.com,aes128-ctr,aes192-ctr,aes256-ctr [preauth]
debug2: MACs ctos: umac-64-etm@openssh.com,umac-128-etm@openssh.com,hmac-sha2-256-etm@openssh.com,hmac-sha2-512-etm@openssh.com,hmac-sha1-etm@openssh.com,umac-64@openssh.com,umac-128@openssh.com,hmac-sha2-256,hmac-sha2-512,hmac-sha1 [preauth]
debug2: MACs stoc: umac-64-etm@openssh.com,umac-128-etm@openssh.com,hmac-sha2-256-etm@openssh.com,hmac-sha2-512-etm@openssh.com,hmac-sha1-etm@openssh.com,umac-64@openssh.com,umac-128@openssh.com,hmac-sha2-256,hmac-sha2-512,hmac-sha1 [preauth]
debug2: compression ctos: none,zlib@openssh.com [preauth]
debug2: compression stoc: none,zlib@openssh.com [preauth]
debug2: languages ctos:  [preauth]
debug2: languages stoc:  [preauth]
debug2: first_kex_follows 0  [preauth]
debug2: reserved 0  [preauth]
debug1: KEX done [preauth]
debug3: receive packet: type 7 [preauth]
debug1: SSH2_MSG_EXT_INFO received [preauth]
debug3: kex_input_ext_info: extension ext-info-in-auth@openssh.com [preauth]
debug1: kex_ext_info_check_ver: ext-info-in-auth@openssh.com=<0> [preauth]
debug3: receive packet: type 5 [preauth]
debug3: send packet: type 6 [preauth]
debug3: receive packet: type 50 [preauth]
debug1: userauth-request for user charlesabrooker service ssh-connection method none [preauth]
debug1: attempt 0 failures 0 [preauth]
debug3: mm_getpwnamallow: entering [preauth]
debug3: mm_request_send: entering, type 8 [preauth]
debug3: mm_getpwnamallow: waiting for MONITOR_ANS_PWNAM [preauth]
debug3: mm_request_receive_expect: entering, type 9 [preauth]
debug3: mm_request_receive: entering [preauth]
debug3: mm_request_receive: entering
debug3: monitor_read: checking request 8
debug3: mm_answer_pwnamallow: entering
debug2: parse_server_config_depth: config reprocess config len 580
debug3: auth2_setup_methods_lists: checking methods
debug1: authentication methods list 0: publickey
debug3: mm_answer_pwnamallow: sending MONITOR_ANS_PWNAM: 1
debug3: mm_request_send: entering, type 9
debug2: monitor_read: 8 used once, disabling now
debug3: server_process_channel_timeouts: setting 0 timeouts [preauth]
debug3: channel_clear_timeouts: clearing [preauth]
debug2: input_userauth_request: setting up authctxt for charlesabrooker [preauth]
debug3: mm_inform_authserv: entering [preauth]
debug3: mm_request_send: entering, type 4 [preauth]
debug1: kex_server_update_ext_info: Sending SSH2_MSG_EXT_INFO [preauth]
debug3: send packet: type 7 [preauth]
debug3: auth2_setup_methods_lists: checking methods [preauth]
debug1: authentication methods list 0: publickey [preauth]
debug3: authmethod_lookup: method none not allowed by AuthenticationMethods [preauth]
debug3: userauth_finish: failure partial=0 next methods="publickey" [preauth]
debug3: send packet: type 51 [preauth]
debug3: mm_request_receive: entering
debug3: monitor_read: checking request 4
debug3: mm_answer_authserv: service=ssh-connection, style=
debug2: monitor_read: 4 used once, disabling now
debug3: receive packet: type 50 [preauth]
debug1: userauth-request for user charlesabrooker service ssh-connection method publickey [preauth]
debug1: attempt 1 failures 0 [preauth]
debug2: input_userauth_request: try method publickey [preauth]
debug2: userauth_pubkey: valid user charlesabrooker querying public key ssh-ed25519 AAAAC3NzaC1lZDI1NTE5AAAAIC29h5YAq/Tle+j2rirq6Xj2QUBhQHpieTMA6puP9ciD [preauth]
debug1: userauth_pubkey: publickey test pkalg ssh-ed25519 pkblob ED25519 SHA256:7sc69UbnYCiAFxuqzOSgt6nekJytNEARRE5FlH7yor0 [preauth]
debug3: mm_key_allowed: entering [preauth]
debug3: mm_request_send: entering, type 22 [preauth]
debug3: mm_key_allowed: waiting for MONITOR_ANS_KEYALLOWED [preauth]
debug3: mm_request_receive_expect: entering, type 23 [preauth]
debug3: mm_request_receive: entering [preauth]
debug3: mm_request_receive: entering
debug3: monitor_read: checking request 22
debug3: mm_answer_keyallowed: entering
debug1: temporarily_use_uid: 501/20 (e=501/20)
debug1: restore_uid: (unprivileged)
debug1: temporarily_use_uid: 501/20 (e=501/20)
debug1: trying public key file /Users/charlesabrooker/.no-mistakes/worktrees/32d18ed9638d/01M48YDAJ274FP0KSXR35TAEYY/.live-validation/remote/user.pub
debug1: fd 9 clearing O_NONBLOCK
debug1: /Users/charlesabrooker/.no-mistakes/worktrees/32d18ed9638d/01M48YDAJ274FP0KSXR35TAEYY/.live-validation/remote/user.pub:1: matching key found: ED25519 SHA256:7sc69UbnYCiAFxuqzOSgt6nekJytNEARRE5FlH7yor0
debug1: /Users/charlesabrooker/.no-mistakes/worktrees/32d18ed9638d/01M48YDAJ274FP0KSXR35TAEYY/.live-validation/remote/user.pub:1: key options: agent-forwarding port-forwarding pty user-rc x11-forwarding
debug3: /Users/charlesabrooker/.no-mistakes/worktrees/32d18ed9638d/01M48YDAJ274FP0KSXR35TAEYY/.live-validation/remote/user.pub:1: key options: agent-forwarding port-forwarding pty user-rc x11-forwarding
Accepted key ED25519 SHA256:7sc69UbnYCiAFxuqzOSgt6nekJytNEARRE5FlH7yor0 found at /Users/charlesabrooker/.no-mistakes/worktrees/32d18ed9638d/01M48YDAJ274FP0KSXR35TAEYY/.live-validation/remote/user.pub:1
debug2: auth_check_authkeys_file: /Users/charlesabrooker/.no-mistakes/worktrees/32d18ed9638d/01M48YDAJ274FP0KSXR35TAEYY/.live-validation/remote/user.pub: processed 1/1 lines
debug1: restore_uid: (unprivileged)
debug3: mm_answer_keyallowed: publickey authentication test: ED25519 key is allowed
debug3: mm_request_send: entering, type 23
debug3: send packet: type 60 [preauth]
debug2: userauth_pubkey: authenticated 0 pkalg ssh-ed25519 [preauth]
debug3: user_specific_delay: user specific delay 1.237ms [preauth]
debug3: ensure_minimum_time_since: elapsed 0.461ms, delaying 5.776ms (requested 6.237ms) [preauth]
Postponed publickey for charlesabrooker from 127.0.0.1 port 49652 ssh2 [preauth]
debug3: receive packet: type 50 [preauth]
debug1: userauth-request for user charlesabrooker service ssh-connection method publickey-hostbound-v00@openssh.com [preauth]
debug1: attempt 2 failures 0 [preauth]
debug2: input_userauth_request: try method publickey-hostbound-v00@openssh.com [preauth]
debug2: userauth_pubkey: valid user charlesabrooker attempting public key ssh-ed25519 AAAAC3NzaC1lZDI1NTE5AAAAIC29h5YAq/Tle+j2rirq6Xj2QUBhQHpieTMA6puP9ciD [preauth]
debug3: userauth_pubkey: publickey-hostbound-v00@openssh.com have ssh-ed25519 signature for ED25519 SHA256:7sc69UbnYCiAFxuqzOSgt6nekJytNEARRE5FlH7yor0 [preauth]
debug3: mm_key_allowed: entering [preauth]
debug3: mm_request_send: entering, type 22 [preauth]
debug3: mm_key_allowed: waiting for MONITOR_ANS_KEYALLOWED [preauth]
debug3: mm_request_receive_expect: entering, type 23 [preauth]
debug3: mm_request_receive: entering [preauth]
debug3: mm_request_receive: entering
debug3: monitor_read: checking request 22
debug3: mm_answer_keyallowed: entering
debug1: temporarily_use_uid: 501/20 (e=501/20)
debug1: restore_uid: (unprivileged)
debug1: temporarily_use_uid: 501/20 (e=501/20)
debug1: trying public key file /Users/charlesabrooker/.no-mistakes/worktrees/32d18ed9638d/01M48YDAJ274FP0KSXR35TAEYY/.live-validation/remote/user.pub
debug1: fd 9 clearing O_NONBLOCK
debug1: /Users/charlesabrooker/.no-mistakes/worktrees/32d18ed9638d/01M48YDAJ274FP0KSXR35TAEYY/.live-validation/remote/user.pub:1: matching key found: ED25519 SHA256:7sc69UbnYCiAFxuqzOSgt6nekJytNEARRE5FlH7yor0
debug1: /Users/charlesabrooker/.no-mistakes/worktrees/32d18ed9638d/01M48YDAJ274FP0KSXR35TAEYY/.live-validation/remote/user.pub:1: key options: agent-forwarding port-forwarding pty user-rc x11-forwarding
debug3: /Users/charlesabrooker/.no-mistakes/worktrees/32d18ed9638d/01M48YDAJ274FP0KSXR35TAEYY/.live-validation/remote/user.pub:1: key options: agent-forwarding port-forwarding pty user-rc x11-forwarding
Accepted key ED25519 SHA256:7sc69UbnYCiAFxuqzOSgt6nekJytNEARRE5FlH7yor0 found at /Users/charlesabrooker/.no-mistakes/worktrees/32d18ed9638d/01M48YDAJ274FP0KSXR35TAEYY/.live-validation/remote/user.pub:1
debug2: auth_check_authkeys_file: /Users/charlesabrooker/.no-mistakes/worktrees/32d18ed9638d/01M48YDAJ274FP0KSXR35TAEYY/.live-validation/remote/user.pub: processed 1/1 lines
debug1: restore_uid: (unprivileged)
debug3: mm_answer_keyallowed: publickey authentication: ED25519 key is allowed
debug3: mm_request_send: entering, type 23
debug3: mm_sshkey_verify: entering [preauth]
debug3: mm_request_send: entering, type 24 [preauth]
debug3: mm_sshkey_verify: waiting for MONITOR_ANS_KEYVERIFY [preauth]
debug3: mm_request_receive_expect: entering, type 25 [preauth]
debug3: mm_request_receive: entering [preauth]
debug3: mm_request_receive: entering
debug3: monitor_read: checking request 24
debug3: mm_answer_keyverify: publickey ED25519 signature using ssh-ed25519 verified
debug1: auth_activate_options: setting new authentication options
debug3: mm_request_send: entering, type 25
debug3: auth2_update_methods_lists: updating methods list after "publickey"
debug2: authentication methods list 0 complete
Accepted publickey for charlesabrooker from 127.0.0.1 port 49652 ssh2: ED25519 SHA256:7sc69UbnYCiAFxuqzOSgt6nekJytNEARRE5FlH7yor0
debug1: monitor_child_preauth: user charlesabrooker authenticated by privileged process
debug3: mm_get_keystate: Waiting for new keys
debug3: mm_request_receive_expect: entering, type 26
debug3: mm_request_receive: entering
debug3: mm_get_keystate: GOT new keys
debug1: auth_activate_options: setting new authentication options [preauth]
debug2: userauth_pubkey: authenticated 1 pkalg ssh-ed25519 [preauth]
debug3: user_specific_delay: user specific delay 1.237ms [preauth]
debug3: ensure_minimum_time_since: elapsed 2.409ms, delaying 3.828ms (requested 6.237ms) [preauth]
debug3: auth2_update_methods_lists: updating methods list after "publickey" [preauth]
debug2: authentication methods list 0 complete [preauth]
debug3: send packet: type 52 [preauth]
debug3: mm_request_send: entering, type 26 [preauth]
debug3: mm_send_keystate: Finished sending state [preauth]
debug1: monitor_read_log: child log fd closed
debug3: monitor_child_preauth: preauth child 97316 terminated successfully
debug2: server_accept_loop: child 97285 for connection from 127.0.0.1 to 127.0.0.1 auth done
debug1: child_close: enter (forcing)
BSM audit: bsm_audit_session_setup: setaudit_addr failed: Operation not permitted
debug3: BSM audit: typ 0 rc 0 "successful login charlesabrooker"
debug3: BSM audit: writing audit new record
BSM audit: bsm_audit_record failed to write "successful login charlesabrooker" record: Operation not permitted
User child is on pid 97509
debug3: monitor_apply_keystate: packet_set_state
debug2: ssh_set_newkeys: mode 0
debug1: rekey in after 134217728 blocks
debug2: ssh_set_newkeys: mode 1
debug1: rekey out after 134217728 blocks
debug1: ssh_packet_set_postauth: called
debug3: ssh_packet_set_state: done
debug3: notify_hostkeys: key 0: ssh-ed25519 SHA256:WwiWglN1fa9aE2Tl8g9MALW85mRMZENG58raojQZH9g
debug3: notify_hostkeys: sent 1 hostkeys
debug3: send packet: type 80
debug1: active: key options: agent-forwarding port-forwarding pty user-rc x11-forwarding
debug3: sending debug message: /Users/charlesabrooker/.no-mistakes/worktrees/32d18ed9638d/01M48YDAJ274FP0KSXR35TAEYY/.live-validation/remote/user.pub:1: key options: agent-forwarding port-forwarding pty user-rc x11-forwarding
debug3: send packet: type 4
debug3: sending debug message: /Users/charlesabrooker/.no-mistakes/worktrees/32d18ed9638d/01M48YDAJ274FP0KSXR35TAEYY/.live-validation/remote/user.pub:1: key options: agent-forwarding port-forwarding pty user-rc x11-forwarding
debug3: send packet: type 4
debug1: Entering interactive session for SSH2.
debug1: server_init_dispatch
debug3: receive packet: type 90
debug1: server_input_channel_open: ctype session rchan 0 win 2097152 max 32768
debug1: input_session_request
debug1: channel 0: new session [server-session] (inactive timeout: 0)
debug2: session_new: allocate (allocated 0 max 10)
debug3: session_unused: session id 0 unused
debug1: session_new: session 0
debug1: session_open: channel 0
debug1: session_open: session 0: link with channel 0
debug1: server_input_channel_open: confirm session
debug3: send packet: type 91
debug3: receive packet: type 80
debug1: server_input_global_request: rtype no-more-sessions@openssh.com want_reply 0
debug2: process_output: session QoS is now interactive
debug3: set_sock_tos: set socket 8 IP_TOS 0xb8
debug3: receive packet: type 98
debug1: server_input_channel_req: channel 0 request env reply 0
debug1: session_by_channel: session 0 channel 0
debug1: session_input_channel_req: session 0 req env
debug2: Ignoring env request LANG: disallowed name
debug3: receive packet: type 98
debug1: server_input_channel_req: channel 0 request exec reply 1
debug1: session_by_channel: session 0 channel 0
debug1: session_input_channel_req: session 0 req exec
debug2: channel_set_xtype: labeled channel 0 as session:command (inactive timeout 0)
Starting session: command for charlesabrooker from 127.0.0.1 port 49652 id 0
debug3: mm_audit_run_command: entering command /usr/bin/env FM_REMOTE_JOB_PLATFORM_OVERRIDE=Linux FM_REMOTE_JOB_STATE_ROOT=/Users/charlesabrooker/.no-mistakes/worktrees/32d18ed9638d/01M48YDAJ274FP0KSXR35TAEYY/.live-validation/remote/jobs /Users/charlesabrooker/.no-mistakes/worktrees/32d18ed9638d/01M48YDAJ274FP0KSXR35TAEYY/.live-validation/remote/checkout/bin/fm-remote-entrypoint.sh 1 L1VzZXJzL2NoYXJsZXNhYnJvb2tlci8ubm8tbWlzdGFrZXMvd29ya3RyZWVzLzMyZDE4ZWQ5NjM4ZC8wMU00OFlEQUoyNzRGUDBLU1hSMzVUQUVZWS8ubGl2ZS12YWxpZGF0aW9uL3JlbW90ZS9jaGVja291dA== L1VzZXJzL2NoYXJsZXNhYnJvb2tlci8ubm8tbWlzdGFrZXMvd29ya3RyZWVzLzMyZDE4ZWQ5NjM4ZC8wMU00OFlEQUoyNzRGUDBLU1hSMzVUQUVZWS8ubGl2ZS12YWxpZGF0aW9uL3JlbW90ZS9tYXRl Zm0tcmVtb3RlLWRlbHRhLXJlYWQuc2gAc3RhdGUvcGFyZW50LXJlcGxpZXMuc3RhdHVzADk1ADI3MDdhZTQ2YWRiMzYzZGJkN2ExMGEyOWQ1NzJkMjhkZjIxMTdkNzliNDhlYThkMzk3ZDM5MWJjMGYyMDAzZjYAMgA=
debug3: mm_request_send: entering, type 113
debug3: mm_request_receive: entering
debug3: monitor_read: checking request 113
debug3: mm_answer_audit_command: entering
debug2: fd 15 setting O_NONBLOCK
debug2: fd 14 setting O_NONBLOCK
debug2: fd 17 setting O_NONBLOCK
debug3: send packet: type 99
debug2: process_output: session QoS is now non-interactive
debug3: set_sock_tos: set socket 8 IP_TOS 0x00
debug3: receive packet: type 96
debug2: channel 0: rcvd eof
debug2: channel 0: output open -> drain
debug2: channel 0: obuf empty
debug2: chan_shutdown_write: channel 0: (i0 o1 sock -1 wfd 14 efd 17 [read])
debug2: channel 0: output drain -> closed
debug2: channel 0: read 34 from efd 17
debug2: channel 0: rwin 2097152 elen 34 euse 1
debug2: channel 0: sent ext data 34
debug2: channel 0: read failed rfd 15 maxlen 32768: Broken pipe
debug2: channel 0: read failed
debug2: chan_shutdown_read: channel 0: (i0 o3 sock -1 wfd 15 efd 17 [read])
debug2: channel 0: input open -> drain
debug2: channel 0: read 0 from efd 17
debug2: channel 0: closing read-efd 17
debug2: channel 0: ibuf empty
debug2: channel 0: send eof
debug3: send packet: type 96
debug2: channel 0: input drain -> closed
debug1: Received SIGCHLD.
debug1: session_by_pid: pid 97515
debug2: channel 0: request exit-status confirm 0
debug3: send packet: type 98
debug1: session_exit_message: session 0 channel 0 pid 97515 exit 75
debug1: session_exit_message: release channel 0
debug2: channel 0: send_close2
debug2: channel 0: send close for remote id 0
debug3: send packet: type 97
debug3: channel 0: will not send data after close
debug3: receive packet: type 97
debug2: channel 0: rcvd close
debug3: receive packet: type 1
Received disconnect from 127.0.0.1 port 49652:11: disconnected by user
Disconnected from user charlesabrooker 127.0.0.1 port 49652
debug1: do_cleanup
debug3: mm_request_receive: entering
debug3: mm_request_receive: monitor fd closed
debug1: mm_reap: child exited with status 255
debug1: do_cleanup
debug3: BSM audit: typ 0 rc 0 "sshd logout charlesabrooker"
debug3: BSM audit: writing audit new record
BSM audit: bsm_audit_record failed to write "sshd logout charlesabrooker" record: Operation not permitted
debug1: fd 7 clearing O_NONBLOCK
debug2: fd 8 setting O_NONBLOCK
debug1: rexec start in 7 out 7 newsock 7 config_s 8/9
debug1: Forked child 46943.
debug1: sshd-session version OpenSSH_10.3, LibreSSL 3.3.6
debug1: network sockets: 8, 8
debug2: fd 8 setting TCP_NODELAY
debug3: set_sock_tos: set socket 8 IP_TOS 0xb8
debug3: server_process_channel_timeouts: setting 0 timeouts
debug3: channel_clear_timeouts: clearing
debug3: BSM audit: connection from 127.0.0.1 port 49690
debug3: BSM audit: iptype 4 machine ID 0100007f 00000000 00000000 00000000
Connection from 127.0.0.1 port 49690 on 127.0.0.1 port 65101
debug2: fd 8 setting O_NONBLOCK
debug2: server_accept_loop: child 46943 for connection from 127.0.0.1 to 127.0.0.1 received config
debug2: Network child is on pid 47038
debug3: preauth child monitor started
debug3: mm_request_receive: entering
debug3: monitor_read: checking request 51
debug1: mm_answer_state: config len 580
debug3: mm_request_send: entering, type 52
debug3: mm_answer_state: done
debug2: monitor_read: 51 used once, disabling now
debug1: sshd-auth version OpenSSH_10.3, LibreSSL 3.3.6 [preauth]
debug3: server_process_channel_timeouts: setting 0 timeouts [preauth]
debug3: channel_clear_timeouts: clearing [preauth]
debug3: fd 5 is O_NONBLOCK [preauth]
debug3: ssh_sandbox_init: preparing Darwin sandbox [preauth]
debug3: ssh_sandbox_child: starting Darwin sandbox [preauth]
debug1: list_hostkey_types: ssh-ed25519 [preauth]
debug1: Local version string SSH-2.0-OpenSSH_10.3 [preauth]
debug1: Remote protocol version 2.0, remote software version OpenSSH_10.3 [preauth]
debug1: compat_banner: match: OpenSSH_10.3 pat OpenSSH* compat 0x04000000 [preauth]
debug3: mm_sshkey_setcompat: entering [preauth]
debug3: mm_request_send: entering, type 18 [preauth]
debug3: send packet: type 20 [preauth]
debug1: SSH2_MSG_KEXINIT sent [preauth]
debug3: mm_request_receive: entering
debug3: monitor_read: checking request 18
debug3: mm_answer_setcompat: entering
debug2: monitor_read: 18 used once, disabling now
debug3: receive packet: type 20 [preauth]
debug1: SSH2_MSG_KEXINIT received [preauth]
debug2: local server KEXINIT proposal [preauth]
debug2: KEX algorithms: mlkem768x25519-sha256,sntrup761x25519-sha512,sntrup761x25519-sha512@openssh.com,curve25519-sha256,curve25519-sha256@libssh.org,ecdh-sha2-nistp256,ecdh-sha2-nistp384,ecdh-sha2-nistp521,ext-info-s,kex-strict-s-v00@openssh.com [preauth]
debug2: host key algorithms: ssh-ed25519 [preauth]
debug2: ciphers ctos: chacha20-poly1305@openssh.com,aes128-gcm@openssh.com,aes256-gcm@openssh.com,aes128-ctr,aes192-ctr,aes256-ctr [preauth]
debug2: ciphers stoc: chacha20-poly1305@openssh.com,aes128-gcm@openssh.com,aes256-gcm@openssh.com,aes128-ctr,aes192-ctr,aes256-ctr [preauth]
debug2: MACs ctos: umac-64-etm@openssh.com,umac-128-etm@openssh.com,hmac-sha2-256-etm@openssh.com,hmac-sha2-512-etm@openssh.com,hmac-sha1-etm@openssh.com,umac-64@openssh.com,umac-128@openssh.com,hmac-sha2-256,hmac-sha2-512,hmac-sha1 [preauth]
debug2: MACs stoc: umac-64-etm@openssh.com,umac-128-etm@openssh.com,hmac-sha2-256-etm@openssh.com,hmac-sha2-512-etm@openssh.com,hmac-sha1-etm@openssh.com,umac-64@openssh.com,umac-128@openssh.com,hmac-sha2-256,hmac-sha2-512,hmac-sha1 [preauth]
debug2: compression ctos: none,zlib@openssh.com [preauth]
debug2: compression stoc: none,zlib@openssh.com [preauth]
debug2: languages ctos:  [preauth]
debug2: languages stoc:  [preauth]
debug2: first_kex_follows 0  [preauth]
debug2: reserved 0  [preauth]
debug2: peer client KEXINIT proposal [preauth]
debug2: KEX algorithms: mlkem768x25519-sha256,sntrup761x25519-sha512,sntrup761x25519-sha512@openssh.com,curve25519-sha256,curve25519-sha256@libssh.org,ecdh-sha2-nistp256,ecdh-sha2-nistp384,ecdh-sha2-nistp521,diffie-hellman-group-exchange-sha256,diffie-hellman-group16-sha512,diffie-hellman-group18-sha512,diffie-hellman-group14-sha256,ext-info-c,kex-strict-c-v00@openssh.com [preauth]
debug2: host key algorithms: ssh-ed25519-cert-v01@openssh.com,ecdsa-sha2-nistp256-cert-v01@openssh.com,ecdsa-sha2-nistp384-cert-v01@openssh.com,ecdsa-sha2-nistp521-cert-v01@openssh.com,sk-ssh-ed25519-cert-v01@openssh.com,sk-ecdsa-sha2-nistp256-cert-v01@openssh.com,webauthn-sk-ecdsa-sha2-nistp256-cert-v01@openssh.com,rsa-sha2-512-cert-v01@openssh.com,rsa-sha2-256-cert-v01@openssh.com,ssh-ed25519,ecdsa-sha2-nistp256,ecdsa-sha2-nistp384,ecdsa-sha2-nistp521,sk-ssh-ed25519@openssh.com,sk-ecdsa-sha2-nistp256@openssh.com,webauthn-sk-ecdsa-sha2-nistp256@openssh.com,rsa-sha2-512,rsa-sha2-256 [preauth]
debug2: ciphers ctos: chacha20-poly1305@openssh.com,aes128-gcm@openssh.com,aes256-gcm@openssh.com,aes128-ctr,aes192-ctr,aes256-ctr [preauth]
debug2: ciphers stoc: chacha20-poly1305@openssh.com,aes128-gcm@openssh.com,aes256-gcm@openssh.com,aes128-ctr,aes192-ctr,aes256-ctr [preauth]
debug2: MACs ctos: umac-64-etm@openssh.com,umac-128-etm@openssh.com,hmac-sha2-256-etm@openssh.com,hmac-sha2-512-etm@openssh.com,hmac-sha1-etm@openssh.com,umac-64@openssh.com,umac-128@openssh.com,hmac-sha2-256,hmac-sha2-512,hmac-sha1 [preauth]
debug2: MACs stoc: umac-64-etm@openssh.com,umac-128-etm@openssh.com,hmac-sha2-256-etm@openssh.com,hmac-sha2-512-etm@openssh.com,hmac-sha1-etm@openssh.com,umac-64@openssh.com,umac-128@openssh.com,hmac-sha2-256,hmac-sha2-512,hmac-sha1 [preauth]
debug2: compression ctos: none,zlib@openssh.com [preauth]
debug2: compression stoc: none,zlib@openssh.com [preauth]
debug2: languages ctos:  [preauth]
debug2: languages stoc:  [preauth]
debug2: first_kex_follows 0  [preauth]
debug2: reserved 0  [preauth]
debug3: kex_choose_conf: will use strict KEX ordering [preauth]
debug1: kex: algorithm: mlkem768x25519-sha256 [preauth]
debug1: kex: host key algorithm: ssh-ed25519 [preauth]
debug1: kex: client->server cipher: chacha20-poly1305@openssh.com MAC: <implicit> compression: none [preauth]
debug1: kex: server->client cipher: chacha20-poly1305@openssh.com MAC: <implicit> compression: none [preauth]
debug1: expecting SSH2_MSG_KEX_ECDH_INIT [preauth]
debug3: receive packet: type 30 [preauth]
debug1: SSH2_MSG_KEX_ECDH_INIT received [preauth]
debug3: mm_sshkey_sign: entering [preauth]
debug3: mm_request_send: entering, type 6 [preauth]
debug3: mm_sshkey_sign: waiting for MONITOR_ANS_SIGN [preauth]
debug3: mm_request_receive_expect: entering, type 7 [preauth]
debug3: mm_request_receive: entering [preauth]
debug3: mm_request_receive: entering
debug3: monitor_read: checking request 6
debug3: mm_answer_sign: entering
debug1: mm_answer_sign: hostkey ssh-ed25519 index 0
debug3: mm_answer_sign: ssh-ed25519 KEX signature len=83
debug3: mm_request_send: entering, type 7
debug2: monitor_read: 6 used once, disabling now
debug3: mm_sshkey_sign: ssh-ed25519 signature len=83 [preauth]
debug3: send packet: type 31 [preauth]
debug3: send packet: type 21 [preauth]
debug1: ssh_packet_send2_wrapped: resetting send seqnr 3 [preauth]
debug2: ssh_set_newkeys: mode 1 [preauth]
debug1: rekey out after 134217728 blocks [preauth]
debug1: SSH2_MSG_NEWKEYS sent [preauth]
debug1: Sending SSH2_MSG_EXT_INFO [preauth]
debug3: send packet: type 7 [preauth]
debug1: expecting SSH2_MSG_NEWKEYS [preauth]
debug3: receive packet: type 21 [preauth]
debug1: ssh_packet_read_poll2: resetting read seqnr 3 [preauth]
debug1: SSH2_MSG_NEWKEYS received [preauth]
debug2: ssh_set_newkeys: mode 0 [preauth]
debug1: rekey in after 134217728 blocks [preauth]
debug2: KEX algorithms: mlkem768x25519-sha256,sntrup761x25519-sha512,sntrup761x25519-sha512@openssh.com,curve25519-sha256,curve25519-sha256@libssh.org,ecdh-sha2-nistp256,ecdh-sha2-nistp384,ecdh-sha2-nistp521,ext-info-s,kex-strict-s-v00@openssh.com [preauth]
debug2: host key algorithms: ssh-ed25519 [preauth]
debug2: ciphers ctos: chacha20-poly1305@openssh.com,aes128-gcm@openssh.com,aes256-gcm@openssh.com,aes128-ctr,aes192-ctr,aes256-ctr [preauth]
debug2: ciphers stoc: chacha20-poly1305@openssh.com,aes128-gcm@openssh.com,aes256-gcm@openssh.com,aes128-ctr,aes192-ctr,aes256-ctr [preauth]
debug2: MACs ctos: umac-64-etm@openssh.com,umac-128-etm@openssh.com,hmac-sha2-256-etm@openssh.com,hmac-sha2-512-etm@openssh.com,hmac-sha1-etm@openssh.com,umac-64@openssh.com,umac-128@openssh.com,hmac-sha2-256,hmac-sha2-512,hmac-sha1 [preauth]
debug2: MACs stoc: umac-64-etm@openssh.com,umac-128-etm@openssh.com,hmac-sha2-256-etm@openssh.com,hmac-sha2-512-etm@openssh.com,hmac-sha1-etm@openssh.com,umac-64@openssh.com,umac-128@openssh.com,hmac-sha2-256,hmac-sha2-512,hmac-sha1 [preauth]
debug2: compression ctos: none,zlib@openssh.com [preauth]
debug2: compression stoc: none,zlib@openssh.com [preauth]
debug2: languages ctos:  [preauth]
debug2: languages stoc:  [preauth]
debug2: first_kex_follows 0  [preauth]
debug2: reserved 0  [preauth]
debug1: KEX done [preauth]
debug3: receive packet: type 7 [preauth]
debug1: SSH2_MSG_EXT_INFO received [preauth]
debug3: kex_input_ext_info: extension ext-info-in-auth@openssh.com [preauth]
debug1: kex_ext_info_check_ver: ext-info-in-auth@openssh.com=<0> [preauth]
debug3: receive packet: type 5 [preauth]
debug3: send packet: type 6 [preauth]
debug3: receive packet: type 50 [preauth]
debug1: userauth-request for user charlesabrooker service ssh-connection method none [preauth]
debug1: attempt 0 failures 0 [preauth]
debug3: mm_getpwnamallow: entering [preauth]
debug3: mm_request_send: entering, type 8 [preauth]
debug3: mm_getpwnamallow: waiting for MONITOR_ANS_PWNAM [preauth]
debug3: mm_request_receive_expect: entering, type 9 [preauth]
debug3: mm_request_receive: entering [preauth]
debug3: mm_request_receive: entering
debug3: monitor_read: checking request 8
debug3: mm_answer_pwnamallow: entering
debug2: parse_server_config_depth: config reprocess config len 580
debug3: auth2_setup_methods_lists: checking methods
debug1: authentication methods list 0: publickey
debug3: mm_answer_pwnamallow: sending MONITOR_ANS_PWNAM: 1
debug3: mm_request_send: entering, type 9
debug2: monitor_read: 8 used once, disabling now
debug3: server_process_channel_timeouts: setting 0 timeouts [preauth]
debug3: channel_clear_timeouts: clearing [preauth]
debug2: input_userauth_request: setting up authctxt for charlesabrooker [preauth]
debug3: mm_inform_authserv: entering [preauth]
debug3: mm_request_send: entering, type 4 [preauth]
debug1: kex_server_update_ext_info: Sending SSH2_MSG_EXT_INFO [preauth]
debug3: send packet: type 7 [preauth]
debug3: auth2_setup_methods_lists: checking methods [preauth]
debug1: authentication methods list 0: publickey [preauth]
debug3: authmethod_lookup: method none not allowed by AuthenticationMethods [preauth]
debug3: userauth_finish: failure partial=0 next methods="publickey" [preauth]
debug3: send packet: type 51 [preauth]
debug3: mm_request_receive: entering
debug3: monitor_read: checking request 4
debug3: mm_answer_authserv: service=ssh-connection, style=
debug2: monitor_read: 4 used once, disabling now
debug3: receive packet: type 50 [preauth]
debug1: userauth-request for user charlesabrooker service ssh-connection method publickey [preauth]
debug1: attempt 1 failures 0 [preauth]
debug2: input_userauth_request: try method publickey [preauth]
debug2: userauth_pubkey: valid user charlesabrooker querying public key ssh-ed25519 AAAAC3NzaC1lZDI1NTE5AAAAIC29h5YAq/Tle+j2rirq6Xj2QUBhQHpieTMA6puP9ciD [preauth]
debug1: userauth_pubkey: publickey test pkalg ssh-ed25519 pkblob ED25519 SHA256:7sc69UbnYCiAFxuqzOSgt6nekJytNEARRE5FlH7yor0 [preauth]
debug3: mm_key_allowed: entering [preauth]
debug3: mm_request_send: entering, type 22 [preauth]
debug3: mm_key_allowed: waiting for MONITOR_ANS_KEYALLOWED [preauth]
debug3: mm_request_receive_expect: entering, type 23 [preauth]
debug3: mm_request_receive: entering [preauth]
debug3: mm_request_receive: entering
debug3: monitor_read: checking request 22
debug3: mm_answer_keyallowed: entering
debug1: temporarily_use_uid: 501/20 (e=501/20)
debug1: restore_uid: (unprivileged)
debug1: temporarily_use_uid: 501/20 (e=501/20)
debug1: trying public key file /Users/charlesabrooker/.no-mistakes/worktrees/32d18ed9638d/01M48YDAJ274FP0KSXR35TAEYY/.live-validation/remote/user.pub
debug1: fd 9 clearing O_NONBLOCK
debug1: /Users/charlesabrooker/.no-mistakes/worktrees/32d18ed9638d/01M48YDAJ274FP0KSXR35TAEYY/.live-validation/remote/user.pub:1: matching key found: ED25519 SHA256:7sc69UbnYCiAFxuqzOSgt6nekJytNEARRE5FlH7yor0
debug1: /Users/charlesabrooker/.no-mistakes/worktrees/32d18ed9638d/01M48YDAJ274FP0KSXR35TAEYY/.live-validation/remote/user.pub:1: key options: agent-forwarding port-forwarding pty user-rc x11-forwarding
debug3: /Users/charlesabrooker/.no-mistakes/worktrees/32d18ed9638d/01M48YDAJ274FP0KSXR35TAEYY/.live-validation/remote/user.pub:1: key options: agent-forwarding port-forwarding pty user-rc x11-forwarding
Accepted key ED25519 SHA256:7sc69UbnYCiAFxuqzOSgt6nekJytNEARRE5FlH7yor0 found at /Users/charlesabrooker/.no-mistakes/worktrees/32d18ed9638d/01M48YDAJ274FP0KSXR35TAEYY/.live-validation/remote/user.pub:1
debug2: auth_check_authkeys_file: /Users/charlesabrooker/.no-mistakes/worktrees/32d18ed9638d/01M48YDAJ274FP0KSXR35TAEYY/.live-validation/remote/user.pub: processed 1/1 lines
debug1: restore_uid: (unprivileged)
debug3: mm_answer_keyallowed: publickey authentication test: ED25519 key is allowed
debug3: mm_request_send: entering, type 23
debug3: send packet: type 60 [preauth]
debug2: userauth_pubkey: authenticated 0 pkalg ssh-ed25519 [preauth]
debug3: user_specific_delay: user specific delay 1.237ms [preauth]
debug3: ensure_minimum_time_since: elapsed 0.454ms, delaying 5.783ms (requested 6.237ms) [preauth]
Postponed publickey for charlesabrooker from 127.0.0.1 port 49690 ssh2 [preauth]
debug3: receive packet: type 50 [preauth]
debug1: userauth-request for user charlesabrooker service ssh-connection method publickey-hostbound-v00@openssh.com [preauth]
debug1: attempt 2 failures 0 [preauth]
debug2: input_userauth_request: try method publickey-hostbound-v00@openssh.com [preauth]
debug2: userauth_pubkey: valid user charlesabrooker attempting public key ssh-ed25519 AAAAC3NzaC1lZDI1NTE5AAAAIC29h5YAq/Tle+j2rirq6Xj2QUBhQHpieTMA6puP9ciD [preauth]
debug3: userauth_pubkey: publickey-hostbound-v00@openssh.com have ssh-ed25519 signature for ED25519 SHA256:7sc69UbnYCiAFxuqzOSgt6nekJytNEARRE5FlH7yor0 [preauth]
debug3: mm_key_allowed: entering [preauth]
debug3: mm_request_send: entering, type 22 [preauth]
debug3: mm_key_allowed: waiting for MONITOR_ANS_KEYALLOWED [preauth]
debug3: mm_request_receive_expect: entering, type 23 [preauth]
debug3: mm_request_receive: entering [preauth]
debug3: mm_request_receive: entering
debug3: monitor_read: checking request 22
debug3: mm_answer_keyallowed: entering
debug1: temporarily_use_uid: 501/20 (e=501/20)
debug1: restore_uid: (unprivileged)
debug1: temporarily_use_uid: 501/20 (e=501/20)
debug1: trying public key file /Users/charlesabrooker/.no-mistakes/worktrees/32d18ed9638d/01M48YDAJ274FP0KSXR35TAEYY/.live-validation/remote/user.pub
debug1: fd 9 clearing O_NONBLOCK
debug1: /Users/charlesabrooker/.no-mistakes/worktrees/32d18ed9638d/01M48YDAJ274FP0KSXR35TAEYY/.live-validation/remote/user.pub:1: matching key found: ED25519 SHA256:7sc69UbnYCiAFxuqzOSgt6nekJytNEARRE5FlH7yor0
debug1: /Users/charlesabrooker/.no-mistakes/worktrees/32d18ed9638d/01M48YDAJ274FP0KSXR35TAEYY/.live-validation/remote/user.pub:1: key options: agent-forwarding port-forwarding pty user-rc x11-forwarding
debug3: /Users/charlesabrooker/.no-mistakes/worktrees/32d18ed9638d/01M48YDAJ274FP0KSXR35TAEYY/.live-validation/remote/user.pub:1: key options: agent-forwarding port-forwarding pty user-rc x11-forwarding
Accepted key ED25519 SHA256:7sc69UbnYCiAFxuqzOSgt6nekJytNEARRE5FlH7yor0 found at /Users/charlesabrooker/.no-mistakes/worktrees/32d18ed9638d/01M48YDAJ274FP0KSXR35TAEYY/.live-validation/remote/user.pub:1
debug2: auth_check_authkeys_file: /Users/charlesabrooker/.no-mistakes/worktrees/32d18ed9638d/01M48YDAJ274FP0KSXR35TAEYY/.live-validation/remote/user.pub: processed 1/1 lines
debug1: restore_uid: (unprivileged)
debug3: mm_answer_keyallowed: publickey authentication: ED25519 key is allowed
debug3: mm_request_send: entering, type 23
debug3: mm_sshkey_verify: entering [preauth]
debug3: mm_request_send: entering, type 24 [preauth]
debug3: mm_sshkey_verify: waiting for MONITOR_ANS_KEYVERIFY [preauth]
debug3: mm_request_receive_expect: entering, type 25 [preauth]
debug3: mm_request_receive: entering [preauth]
debug3: mm_request_receive: entering
debug3: monitor_read: checking request 24
debug3: mm_answer_keyverify: publickey ED25519 signature using ssh-ed25519 verified
debug1: auth_activate_options: setting new authentication options
debug3: mm_request_send: entering, type 25
debug3: auth2_update_methods_lists: updating methods list after "publickey"
debug2: authentication methods list 0 complete
Accepted publickey for charlesabrooker from 127.0.0.1 port 49690 ssh2: ED25519 SHA256:7sc69UbnYCiAFxuqzOSgt6nekJytNEARRE5FlH7yor0
debug1: monitor_child_preauth: user charlesabrooker authenticated by privileged process
debug3: mm_get_keystate: Waiting for new keys
debug3: mm_request_receive_expect: entering, type 26
debug3: mm_request_receive: entering
debug3: mm_get_keystate: GOT new keys
debug1: auth_activate_options: setting new authentication options [preauth]
debug2: userauth_pubkey: authenticated 1 pkalg ssh-ed25519 [preauth]
debug3: user_specific_delay: user specific delay 1.237ms [preauth]
debug3: ensure_minimum_time_since: elapsed 3.899ms, delaying 2.338ms (requested 6.237ms) [preauth]
debug3: auth2_update_methods_lists: updating methods list after "publickey" [preauth]
debug2: authentication methods list 0 complete [preauth]
debug3: send packet: type 52 [preauth]
debug3: mm_request_send: entering, type 26 [preauth]
debug3: mm_send_keystate: Finished sending state [preauth]
debug1: monitor_read_log: child log fd closed
debug3: monitor_child_preauth: preauth child 47038 terminated successfully
debug2: server_accept_loop: child 46943 for connection from 127.0.0.1 to 127.0.0.1 auth done
debug1: child_close: enter (forcing)
BSM audit: bsm_audit_session_setup: setaudit_addr failed: Operation not permitted
debug3: BSM audit: typ 0 rc 0 "successful login charlesabrooker"
debug3: BSM audit: writing audit new record
BSM audit: bsm_audit_record failed to write "successful login charlesabrooker" record: Operation not permitted
User child is on pid 47538
debug3: monitor_apply_keystate: packet_set_state
debug2: ssh_set_newkeys: mode 0
debug1: rekey in after 134217728 blocks
debug2: ssh_set_newkeys: mode 1
debug1: rekey out after 134217728 blocks
debug1: ssh_packet_set_postauth: called
debug3: ssh_packet_set_state: done
debug3: notify_hostkeys: key 0: ssh-ed25519 SHA256:WwiWglN1fa9aE2Tl8g9MALW85mRMZENG58raojQZH9g
debug3: notify_hostkeys: sent 1 hostkeys
debug3: send packet: type 80
debug1: active: key options: agent-forwarding port-forwarding pty user-rc x11-forwarding
debug3: sending debug message: /Users/charlesabrooker/.no-mistakes/worktrees/32d18ed9638d/01M48YDAJ274FP0KSXR35TAEYY/.live-validation/remote/user.pub:1: key options: agent-forwarding port-forwarding pty user-rc x11-forwarding
debug3: send packet: type 4
debug3: sending debug message: /Users/charlesabrooker/.no-mistakes/worktrees/32d18ed9638d/01M48YDAJ274FP0KSXR35TAEYY/.live-validation/remote/user.pub:1: key options: agent-forwarding port-forwarding pty user-rc x11-forwarding
debug3: send packet: type 4
debug1: Entering interactive session for SSH2.
debug1: server_init_dispatch
debug3: receive packet: type 90
debug1: server_input_channel_open: ctype session rchan 0 win 2097152 max 32768
debug1: input_session_request
debug1: channel 0: new session [server-session] (inactive timeout: 0)
debug2: session_new: allocate (allocated 0 max 10)
debug3: session_unused: session id 0 unused
debug1: session_new: session 0
debug1: session_open: channel 0
debug1: session_open: session 0: link with channel 0
debug1: server_input_channel_open: confirm session
debug3: send packet: type 91
debug3: receive packet: type 80
debug1: server_input_global_request: rtype no-more-sessions@openssh.com want_reply 0
debug2: process_output: session QoS is now interactive
debug3: set_sock_tos: set socket 8 IP_TOS 0xb8
debug3: receive packet: type 98
debug1: server_input_channel_req: channel 0 request env reply 0
debug1: session_by_channel: session 0 channel 0
debug1: session_input_channel_req: session 0 req env
debug2: Ignoring env request LANG: disallowed name
debug3: receive packet: type 98
debug1: server_input_channel_req: channel 0 request exec reply 1
debug1: session_by_channel: session 0 channel 0
debug1: session_input_channel_req: session 0 req exec
debug2: channel_set_xtype: labeled channel 0 as session:command (inactive timeout 0)
Starting session: command for charlesabrooker from 127.0.0.1 port 49690 id 0
debug3: mm_audit_run_command: entering command /usr/bin/env FM_REMOTE_JOB_PLATFORM_OVERRIDE=Linux FM_REMOTE_JOB_STATE_ROOT=/Users/charlesabrooker/.no-mistakes/worktrees/32d18ed9638d/01M48YDAJ274FP0KSXR35TAEYY/.live-validation/remote/jobs /Users/charlesabrooker/.no-mistakes/worktrees/32d18ed9638d/01M48YDAJ274FP0KSXR35TAEYY/.live-validation/remote/checkout/bin/fm-remote-entrypoint.sh 1 L1VzZXJzL2NoYXJsZXNhYnJvb2tlci8ubm8tbWlzdGFrZXMvd29ya3RyZWVzLzMyZDE4ZWQ5NjM4ZC8wMU00OFlEQUoyNzRGUDBLU1hSMzVUQUVZWS8ubGl2ZS12YWxpZGF0aW9uL3JlbW90ZS9jaGVja291dA== L1VzZXJzL2NoYXJsZXNhYnJvb2tlci8ubm8tbWlzdGFrZXMvd29ya3RyZWVzLzMyZDE4ZWQ5NjM4ZC8wMU00OFlEQUoyNzRGUDBLU1hSMzVUQUVZWS8ubGl2ZS12YWxpZGF0aW9uL3JlbW90ZS9tYXRl Zm0tcmVtb3RlLWRlbHRhLXJlYWQuc2gAc3RhdGUvcGFyZW50LXJlcGxpZXMuc3RhdHVzADk1ADI3MDdhZTQ2YWRiMzYzZGJkN2ExMGEyOWQ1NzJkMjhkZjIxMTdkNzliNDhlYThkMzk3ZDM5MWJjMGYyMDAzZjYAMgA=
debug3: mm_request_send: entering, type 113
debug3: mm_request_receive: entering
debug3: monitor_read: checking request 113
debug3: mm_answer_audit_command: entering
debug2: fd 15 setting O_NONBLOCK
debug2: fd 14 setting O_NONBLOCK
debug2: fd 17 setting O_NONBLOCK
debug3: send packet: type 99
debug2: process_output: session QoS is now non-interactive
debug3: set_sock_tos: set socket 8 IP_TOS 0x00
debug3: receive packet: type 96
debug2: channel 0: rcvd eof
debug2: channel 0: output open -> drain
debug2: channel 0: obuf empty
debug2: chan_shutdown_write: channel 0: (i0 o1 sock -1 wfd 14 efd 17 [read])
debug2: channel 0: output drain -> closed
debug2: channel 0: read 34 from efd 17
debug2: channel 0: rwin 2097152 elen 34 euse 1
debug2: channel 0: sent ext data 34
debug2: channel 0: read failed rfd 15 maxlen 32768: Broken pipe
debug2: channel 0: read failed
debug2: chan_shutdown_read: channel 0: (i0 o3 sock -1 wfd 15 efd 17 [read])
debug2: channel 0: input open -> drain
debug2: channel 0: read 0 from efd 17
debug2: channel 0: closing read-efd 17
debug2: channel 0: ibuf empty
debug2: channel 0: send eof
debug3: send packet: type 96
debug2: channel 0: input drain -> closed
debug1: Received SIGCHLD.
debug1: session_by_pid: pid 47558
debug2: channel 0: request exit-status confirm 0
debug3: send packet: type 98
debug1: session_exit_message: session 0 channel 0 pid 47558 exit 75
debug1: session_exit_message: release channel 0
debug2: channel 0: send_close2
debug2: channel 0: send close for remote id 0
debug3: send packet: type 97
debug3: channel 0: will not send data after close
debug3: receive packet: type 97
debug2: channel 0: rcvd close
debug3: receive packet: type 1
Received disconnect from 127.0.0.1 port 49690:11: disconnected by user
Disconnected from user charlesabrooker 127.0.0.1 port 49690
debug1: do_cleanup
debug3: mm_request_receive: entering
debug3: mm_request_receive: monitor fd closed
debug1: mm_reap: child exited with status 255
debug1: do_cleanup
debug3: BSM audit: typ 0 rc 0 "sshd logout charlesabrooker"
debug3: BSM audit: writing audit new record
BSM audit: bsm_audit_record failed to write "sshd logout charlesabrooker" record: Operation not permitted
debug1: fd 7 clearing O_NONBLOCK
debug2: fd 8 setting O_NONBLOCK
debug1: Forked child 92212.
debug1: rexec start in 7 out 7 newsock 7 config_s 8/9
debug1: sshd-session version OpenSSH_10.3, LibreSSL 3.3.6
debug1: network sockets: 8, 8
debug2: fd 8 setting TCP_NODELAY
debug3: set_sock_tos: set socket 8 IP_TOS 0xb8
debug3: server_process_channel_timeouts: setting 0 timeouts
debug3: channel_clear_timeouts: clearing
debug3: BSM audit: connection from 127.0.0.1 port 49745
debug3: BSM audit: iptype 4 machine ID 0100007f 00000000 00000000 00000000
Connection from 127.0.0.1 port 49745 on 127.0.0.1 port 65101
debug2: fd 8 setting O_NONBLOCK
debug2: Network child is on pid 92400
debug3: preauth child monitor started
debug2: server_accept_loop: child 92212 for connection from 127.0.0.1 to 127.0.0.1 received config
debug3: mm_request_receive: entering
debug3: monitor_read: checking request 51
debug1: mm_answer_state: config len 580
debug3: mm_request_send: entering, type 52
debug3: mm_answer_state: done
debug2: monitor_read: 51 used once, disabling now
debug1: sshd-auth version OpenSSH_10.3, LibreSSL 3.3.6 [preauth]
debug3: server_process_channel_timeouts: setting 0 timeouts [preauth]
debug3: channel_clear_timeouts: clearing [preauth]
debug3: fd 5 is O_NONBLOCK [preauth]
debug3: ssh_sandbox_init: preparing Darwin sandbox [preauth]
debug3: ssh_sandbox_child: starting Darwin sandbox [preauth]
debug1: list_hostkey_types: ssh-ed25519 [preauth]
debug1: Local version string SSH-2.0-OpenSSH_10.3 [preauth]
debug1: Remote protocol version 2.0, remote software version OpenSSH_10.3 [preauth]
debug1: compat_banner: match: OpenSSH_10.3 pat OpenSSH* compat 0x04000000 [preauth]
debug3: mm_sshkey_setcompat: entering [preauth]
debug3: mm_request_send: entering, type 18 [preauth]
debug3: send packet: type 20 [preauth]
debug1: SSH2_MSG_KEXINIT sent [preauth]
debug3: mm_request_receive: entering
debug3: monitor_read: checking request 18
debug3: mm_answer_setcompat: entering
debug2: monitor_read: 18 used once, disabling now
debug3: receive packet: type 20 [preauth]
debug1: SSH2_MSG_KEXINIT received [preauth]
debug2: local server KEXINIT proposal [preauth]
debug2: KEX algorithms: mlkem768x25519-sha256,sntrup761x25519-sha512,sntrup761x25519-sha512@openssh.com,curve25519-sha256,curve25519-sha256@libssh.org,ecdh-sha2-nistp256,ecdh-sha2-nistp384,ecdh-sha2-nistp521,ext-info-s,kex-strict-s-v00@openssh.com [preauth]
debug2: host key algorithms: ssh-ed25519 [preauth]
debug2: ciphers ctos: chacha20-poly1305@openssh.com,aes128-gcm@openssh.com,aes256-gcm@openssh.com,aes128-ctr,aes192-ctr,aes256-ctr [preauth]
debug2: ciphers stoc: chacha20-poly1305@openssh.com,aes128-gcm@openssh.com,aes256-gcm@openssh.com,aes128-ctr,aes192-ctr,aes256-ctr [preauth]
debug2: MACs ctos: umac-64-etm@openssh.com,umac-128-etm@openssh.com,hmac-sha2-256-etm@openssh.com,hmac-sha2-512-etm@openssh.com,hmac-sha1-etm@openssh.com,umac-64@openssh.com,umac-128@openssh.com,hmac-sha2-256,hmac-sha2-512,hmac-sha1 [preauth]
debug2: MACs stoc: umac-64-etm@openssh.com,umac-128-etm@openssh.com,hmac-sha2-256-etm@openssh.com,hmac-sha2-512-etm@openssh.com,hmac-sha1-etm@openssh.com,umac-64@openssh.com,umac-128@openssh.com,hmac-sha2-256,hmac-sha2-512,hmac-sha1 [preauth]
debug2: compression ctos: none,zlib@openssh.com [preauth]
debug2: compression stoc: none,zlib@openssh.com [preauth]
debug2: languages ctos:  [preauth]
debug2: languages stoc:  [preauth]
debug2: first_kex_follows 0  [preauth]
debug2: reserved 0  [preauth]
debug2: peer client KEXINIT proposal [preauth]
debug2: KEX algorithms: mlkem768x25519-sha256,sntrup761x25519-sha512,sntrup761x25519-sha512@openssh.com,curve25519-sha256,curve25519-sha256@libssh.org,ecdh-sha2-nistp256,ecdh-sha2-nistp384,ecdh-sha2-nistp521,diffie-hellman-group-exchange-sha256,diffie-hellman-group16-sha512,diffie-hellman-group18-sha512,diffie-hellman-group14-sha256,ext-info-c,kex-strict-c-v00@openssh.com [preauth]
debug2: host key algorithms: ssh-ed25519-cert-v01@openssh.com,ecdsa-sha2-nistp256-cert-v01@openssh.com,ecdsa-sha2-nistp384-cert-v01@openssh.com,ecdsa-sha2-nistp521-cert-v01@openssh.com,sk-ssh-ed25519-cert-v01@openssh.com,sk-ecdsa-sha2-nistp256-cert-v01@openssh.com,webauthn-sk-ecdsa-sha2-nistp256-cert-v01@openssh.com,rsa-sha2-512-cert-v01@openssh.com,rsa-sha2-256-cert-v01@openssh.com,ssh-ed25519,ecdsa-sha2-nistp256,ecdsa-sha2-nistp384,ecdsa-sha2-nistp521,sk-ssh-ed25519@openssh.com,sk-ecdsa-sha2-nistp256@openssh.com,webauthn-sk-ecdsa-sha2-nistp256@openssh.com,rsa-sha2-512,rsa-sha2-256 [preauth]
debug2: ciphers ctos: chacha20-poly1305@openssh.com,aes128-gcm@openssh.com,aes256-gcm@openssh.com,aes128-ctr,aes192-ctr,aes256-ctr [preauth]
debug2: ciphers stoc: chacha20-poly1305@openssh.com,aes128-gcm@openssh.com,aes256-gcm@openssh.com,aes128-ctr,aes192-ctr,aes256-ctr [preauth]
debug2: MACs ctos: umac-64-etm@openssh.com,umac-128-etm@openssh.com,hmac-sha2-256-etm@openssh.com,hmac-sha2-512-etm@openssh.com,hmac-sha1-etm@openssh.com,umac-64@openssh.com,umac-128@openssh.com,hmac-sha2-256,hmac-sha2-512,hmac-sha1 [preauth]
debug2: MACs stoc: umac-64-etm@openssh.com,umac-128-etm@openssh.com,hmac-sha2-256-etm@openssh.com,hmac-sha2-512-etm@openssh.com,hmac-sha1-etm@openssh.com,umac-64@openssh.com,umac-128@openssh.com,hmac-sha2-256,hmac-sha2-512,hmac-sha1 [preauth]
debug2: compression ctos: none,zlib@openssh.com [preauth]
debug2: compression stoc: none,zlib@openssh.com [preauth]
debug2: languages ctos:  [preauth]
debug2: languages stoc:  [preauth]
debug2: first_kex_follows 0  [preauth]
debug2: reserved 0  [preauth]
debug3: kex_choose_conf: will use strict KEX ordering [preauth]
debug1: kex: algorithm: mlkem768x25519-sha256 [preauth]
debug1: kex: host key algorithm: ssh-ed25519 [preauth]
debug1: kex: client->server cipher: chacha20-poly1305@openssh.com MAC: <implicit> compression: none [preauth]
debug1: kex: server->client cipher: chacha20-poly1305@openssh.com MAC: <implicit> compression: none [preauth]
debug1: expecting SSH2_MSG_KEX_ECDH_INIT [preauth]
debug3: receive packet: type 30 [preauth]
debug1: SSH2_MSG_KEX_ECDH_INIT received [preauth]
debug3: mm_sshkey_sign: entering [preauth]
debug3: mm_request_send: entering, type 6 [preauth]
debug3: mm_sshkey_sign: waiting for MONITOR_ANS_SIGN [preauth]
debug3: mm_request_receive_expect: entering, type 7 [preauth]
debug3: mm_request_receive: entering [preauth]
debug3: mm_request_receive: entering
debug3: monitor_read: checking request 6
debug3: mm_answer_sign: entering
debug1: mm_answer_sign: hostkey ssh-ed25519 index 0
debug3: mm_answer_sign: ssh-ed25519 KEX signature len=83
debug3: mm_request_send: entering, type 7
debug2: monitor_read: 6 used once, disabling now
debug3: mm_sshkey_sign: ssh-ed25519 signature len=83 [preauth]
debug3: send packet: type 31 [preauth]
debug3: send packet: type 21 [preauth]
debug1: ssh_packet_send2_wrapped: resetting send seqnr 3 [preauth]
debug2: ssh_set_newkeys: mode 1 [preauth]
debug1: rekey out after 134217728 blocks [preauth]
debug1: SSH2_MSG_NEWKEYS sent [preauth]
debug1: Sending SSH2_MSG_EXT_INFO [preauth]
debug3: send packet: type 7 [preauth]
debug1: expecting SSH2_MSG_NEWKEYS [preauth]
debug3: receive packet: type 21 [preauth]
debug1: ssh_packet_read_poll2: resetting read seqnr 3 [preauth]
debug1: SSH2_MSG_NEWKEYS received [preauth]
debug2: ssh_set_newkeys: mode 0 [preauth]
debug1: rekey in after 134217728 blocks [preauth]
debug2: KEX algorithms: mlkem768x25519-sha256,sntrup761x25519-sha512,sntrup761x25519-sha512@openssh.com,curve25519-sha256,curve25519-sha256@libssh.org,ecdh-sha2-nistp256,ecdh-sha2-nistp384,ecdh-sha2-nistp521,ext-info-s,kex-strict-s-v00@openssh.com [preauth]
debug2: host key algorithms: ssh-ed25519 [preauth]
debug2: ciphers ctos: chacha20-poly1305@openssh.com,aes128-gcm@openssh.com,aes256-gcm@openssh.com,aes128-ctr,aes192-ctr,aes256-ctr [preauth]
debug2: ciphers stoc: chacha20-poly1305@openssh.com,aes128-gcm@openssh.com,aes256-gcm@openssh.com,aes128-ctr,aes192-ctr,aes256-ctr [preauth]
debug2: MACs ctos: umac-64-etm@openssh.com,umac-128-etm@openssh.com,hmac-sha2-256-etm@openssh.com,hmac-sha2-512-etm@openssh.com,hmac-sha1-etm@openssh.com,umac-64@openssh.com,umac-128@openssh.com,hmac-sha2-256,hmac-sha2-512,hmac-sha1 [preauth]
debug2: MACs stoc: umac-64-etm@openssh.com,umac-128-etm@openssh.com,hmac-sha2-256-etm@openssh.com,hmac-sha2-512-etm@openssh.com,hmac-sha1-etm@openssh.com,umac-64@openssh.com,umac-128@openssh.com,hmac-sha2-256,hmac-sha2-512,hmac-sha1 [preauth]
debug2: compression ctos: none,zlib@openssh.com [preauth]
debug2: compression stoc: none,zlib@openssh.com [preauth]
debug2: languages ctos:  [preauth]
debug2: languages stoc:  [preauth]
debug2: first_kex_follows 0  [preauth]
debug2: reserved 0  [preauth]
debug1: KEX done [preauth]
debug3: receive packet: type 7 [preauth]
debug1: SSH2_MSG_EXT_INFO received [preauth]
debug3: kex_input_ext_info: extension ext-info-in-auth@openssh.com [preauth]
debug1: kex_ext_info_check_ver: ext-info-in-auth@openssh.com=<0> [preauth]
debug3: receive packet: type 5 [preauth]
debug3: send packet: type 6 [preauth]
debug3: receive packet: type 50 [preauth]
debug1: userauth-request for user charlesabrooker service ssh-connection method none [preauth]
debug1: attempt 0 failures 0 [preauth]
debug3: mm_getpwnamallow: entering [preauth]
debug3: mm_request_send: entering, type 8 [preauth]
debug3: mm_getpwnamallow: waiting for MONITOR_ANS_PWNAM [preauth]
debug3: mm_request_receive_expect: entering, type 9 [preauth]
debug3: mm_request_receive: entering [preauth]
debug3: mm_request_receive: entering
debug3: monitor_read: checking request 8
debug3: mm_answer_pwnamallow: entering
debug2: parse_server_config_depth: config reprocess config len 580
debug3: auth2_setup_methods_lists: checking methods
debug1: authentication methods list 0: publickey
debug3: mm_answer_pwnamallow: sending MONITOR_ANS_PWNAM: 1
debug3: mm_request_send: entering, type 9
debug2: monitor_read: 8 used once, disabling now
debug3: server_process_channel_timeouts: setting 0 timeouts [preauth]
debug3: channel_clear_timeouts: clearing [preauth]
debug2: input_userauth_request: setting up authctxt for charlesabrooker [preauth]
debug3: mm_inform_authserv: entering [preauth]
debug3: mm_request_send: entering, type 4 [preauth]
debug1: kex_server_update_ext_info: Sending SSH2_MSG_EXT_INFO [preauth]
debug3: send packet: type 7 [preauth]
debug3: auth2_setup_methods_lists: checking methods [preauth]
debug1: authentication methods list 0: publickey [preauth]
debug3: authmethod_lookup: method none not allowed by AuthenticationMethods [preauth]
debug3: userauth_finish: failure partial=0 next methods="publickey" [preauth]
debug3: send packet: type 51 [preauth]
debug3: mm_request_receive: entering
debug3: monitor_read: checking request 4
debug3: mm_answer_authserv: service=ssh-connection, style=
debug2: monitor_read: 4 used once, disabling now
debug3: receive packet: type 50 [preauth]
debug1: userauth-request for user charlesabrooker service ssh-connection method publickey [preauth]
debug1: attempt 1 failures 0 [preauth]
debug2: input_userauth_request: try method publickey [preauth]
debug2: userauth_pubkey: valid user charlesabrooker querying public key ssh-ed25519 AAAAC3NzaC1lZDI1NTE5AAAAIC29h5YAq/Tle+j2rirq6Xj2QUBhQHpieTMA6puP9ciD [preauth]
debug1: userauth_pubkey: publickey test pkalg ssh-ed25519 pkblob ED25519 SHA256:7sc69UbnYCiAFxuqzOSgt6nekJytNEARRE5FlH7yor0 [preauth]
debug3: mm_key_allowed: entering [preauth]
debug3: mm_request_send: entering, type 22 [preauth]
debug3: mm_key_allowed: waiting for MONITOR_ANS_KEYALLOWED [preauth]
debug3: mm_request_receive_expect: entering, type 23 [preauth]
debug3: mm_request_receive: entering [preauth]
debug3: mm_request_receive: entering
debug3: monitor_read: checking request 22
debug3: mm_answer_keyallowed: entering
debug1: temporarily_use_uid: 501/20 (e=501/20)
debug1: restore_uid: (unprivileged)
debug1: temporarily_use_uid: 501/20 (e=501/20)
debug1: trying public key file /Users/charlesabrooker/.no-mistakes/worktrees/32d18ed9638d/01M48YDAJ274FP0KSXR35TAEYY/.live-validation/remote/user.pub
debug1: fd 9 clearing O_NONBLOCK
debug1: /Users/charlesabrooker/.no-mistakes/worktrees/32d18ed9638d/01M48YDAJ274FP0KSXR35TAEYY/.live-validation/remote/user.pub:1: matching key found: ED25519 SHA256:7sc69UbnYCiAFxuqzOSgt6nekJytNEARRE5FlH7yor0
debug1: /Users/charlesabrooker/.no-mistakes/worktrees/32d18ed9638d/01M48YDAJ274FP0KSXR35TAEYY/.live-validation/remote/user.pub:1: key options: agent-forwarding port-forwarding pty user-rc x11-forwarding
debug3: /Users/charlesabrooker/.no-mistakes/worktrees/32d18ed9638d/01M48YDAJ274FP0KSXR35TAEYY/.live-validation/remote/user.pub:1: key options: agent-forwarding port-forwarding pty user-rc x11-forwarding
Accepted key ED25519 SHA256:7sc69UbnYCiAFxuqzOSgt6nekJytNEARRE5FlH7yor0 found at /Users/charlesabrooker/.no-mistakes/worktrees/32d18ed9638d/01M48YDAJ274FP0KSXR35TAEYY/.live-validation/remote/user.pub:1
debug2: auth_check_authkeys_file: /Users/charlesabrooker/.no-mistakes/worktrees/32d18ed9638d/01M48YDAJ274FP0KSXR35TAEYY/.live-validation/remote/user.pub: processed 1/1 lines
debug1: restore_uid: (unprivileged)
debug3: mm_answer_keyallowed: publickey authentication test: ED25519 key is allowed
debug3: mm_request_send: entering, type 23
debug3: send packet: type 60 [preauth]
debug2: userauth_pubkey: authenticated 0 pkalg ssh-ed25519 [preauth]
debug3: user_specific_delay: user specific delay 1.237ms [preauth]
debug3: ensure_minimum_time_since: elapsed 1.209ms, delaying 5.028ms (requested 6.237ms) [preauth]
Postponed publickey for charlesabrooker from 127.0.0.1 port 49745 ssh2 [preauth]
debug3: receive packet: type 50 [preauth]
debug1: userauth-request for user charlesabrooker service ssh-connection method publickey-hostbound-v00@openssh.com [preauth]
debug1: attempt 2 failures 0 [preauth]
debug2: input_userauth_request: try method publickey-hostbound-v00@openssh.com [preauth]
debug2: userauth_pubkey: valid user charlesabrooker attempting public key ssh-ed25519 AAAAC3NzaC1lZDI1NTE5AAAAIC29h5YAq/Tle+j2rirq6Xj2QUBhQHpieTMA6puP9ciD [preauth]
debug3: userauth_pubkey: publickey-hostbound-v00@openssh.com have ssh-ed25519 signature for ED25519 SHA256:7sc69UbnYCiAFxuqzOSgt6nekJytNEARRE5FlH7yor0 [preauth]
debug3: mm_key_allowed: entering [preauth]
debug3: mm_request_send: entering, type 22 [preauth]
debug3: mm_key_allowed: waiting for MONITOR_ANS_KEYALLOWED [preauth]
debug3: mm_request_receive_expect: entering, type 23 [preauth]
debug3: mm_request_receive: entering [preauth]
debug3: mm_request_receive: entering
debug3: monitor_read: checking request 22
debug3: mm_answer_keyallowed: entering
debug1: temporarily_use_uid: 501/20 (e=501/20)
debug1: restore_uid: (unprivileged)
debug1: temporarily_use_uid: 501/20 (e=501/20)
debug1: trying public key file /Users/charlesabrooker/.no-mistakes/worktrees/32d18ed9638d/01M48YDAJ274FP0KSXR35TAEYY/.live-validation/remote/user.pub
debug1: fd 9 clearing O_NONBLOCK
debug1: /Users/charlesabrooker/.no-mistakes/worktrees/32d18ed9638d/01M48YDAJ274FP0KSXR35TAEYY/.live-validation/remote/user.pub:1: matching key found: ED25519 SHA256:7sc69UbnYCiAFxuqzOSgt6nekJytNEARRE5FlH7yor0
debug1: /Users/charlesabrooker/.no-mistakes/worktrees/32d18ed9638d/01M48YDAJ274FP0KSXR35TAEYY/.live-validation/remote/user.pub:1: key options: agent-forwarding port-forwarding pty user-rc x11-forwarding
debug3: /Users/charlesabrooker/.no-mistakes/worktrees/32d18ed9638d/01M48YDAJ274FP0KSXR35TAEYY/.live-validation/remote/user.pub:1: key options: agent-forwarding port-forwarding pty user-rc x11-forwarding
Accepted key ED25519 SHA256:7sc69UbnYCiAFxuqzOSgt6nekJytNEARRE5FlH7yor0 found at /Users/charlesabrooker/.no-mistakes/worktrees/32d18ed9638d/01M48YDAJ274FP0KSXR35TAEYY/.live-validation/remote/user.pub:1
debug2: auth_check_authkeys_file: /Users/charlesabrooker/.no-mistakes/worktrees/32d18ed9638d/01M48YDAJ274FP0KSXR35TAEYY/.live-validation/remote/user.pub: processed 1/1 lines
debug1: restore_uid: (unprivileged)
debug3: mm_answer_keyallowed: publickey authentication: ED25519 key is allowed
debug3: mm_request_send: entering, type 23
debug3: mm_sshkey_verify: entering [preauth]
debug3: mm_request_send: entering, type 24 [preauth]
debug3: mm_sshkey_verify: waiting for MONITOR_ANS_KEYVERIFY [preauth]
debug3: mm_request_receive_expect: entering, type 25 [preauth]
debug3: mm_request_receive: entering [preauth]
debug3: mm_request_receive: entering
debug3: monitor_read: checking request 24
debug3: mm_answer_keyverify: publickey ED25519 signature using ssh-ed25519 verified
debug1: auth_activate_options: setting new authentication options
debug3: mm_request_send: entering, type 25
debug3: auth2_update_methods_lists: updating methods list after "publickey"
debug2: authentication methods list 0 complete
Accepted publickey for charlesabrooker from 127.0.0.1 port 49745 ssh2: ED25519 SHA256:7sc69UbnYCiAFxuqzOSgt6nekJytNEARRE5FlH7yor0
debug1: monitor_child_preauth: user charlesabrooker authenticated by privileged process
debug3: mm_get_keystate: Waiting for new keys
debug3: mm_request_receive_expect: entering, type 26
debug3: mm_request_receive: entering
debug3: mm_get_keystate: GOT new keys
debug1: auth_activate_options: setting new authentication options [preauth]
debug2: userauth_pubkey: authenticated 1 pkalg ssh-ed25519 [preauth]
debug3: user_specific_delay: user specific delay 1.237ms [preauth]
debug3: ensure_minimum_time_since: elapsed 6.234ms, delaying 0.003ms (requested 6.237ms) [preauth]
debug3: auth2_update_methods_lists: updating methods list after "publickey" [preauth]
debug2: authentication methods list 0 complete [preauth]
debug3: send packet: type 52 [preauth]
debug3: mm_request_send: entering, type 26 [preauth]
debug3: mm_send_keystate: Finished sending state [preauth]
debug1: monitor_read_log: child log fd closed
debug3: monitor_child_preauth: preauth child 92400 terminated successfully
debug2: server_accept_loop: child 92212 for connection from 127.0.0.1 to 127.0.0.1 auth done
debug1: child_close: enter (forcing)
BSM audit: bsm_audit_session_setup: setaudit_addr failed: Operation not permitted
debug3: BSM audit: typ 0 rc 0 "successful login charlesabrooker"
debug3: BSM audit: writing audit new record
BSM audit: bsm_audit_record failed to write "successful login charlesabrooker" record: Operation not permitted
User child is on pid 92816
debug3: monitor_apply_keystate: packet_set_state
debug2: ssh_set_newkeys: mode 0
debug1: rekey in after 134217728 blocks
debug2: ssh_set_newkeys: mode 1
debug1: rekey out after 134217728 blocks
debug1: ssh_packet_set_postauth: called
debug3: ssh_packet_set_state: done
debug3: notify_hostkeys: key 0: ssh-ed25519 SHA256:WwiWglN1fa9aE2Tl8g9MALW85mRMZENG58raojQZH9g
debug3: notify_hostkeys: sent 1 hostkeys
debug3: send packet: type 80
debug1: active: key options: agent-forwarding port-forwarding pty user-rc x11-forwarding
debug3: sending debug message: /Users/charlesabrooker/.no-mistakes/worktrees/32d18ed9638d/01M48YDAJ274FP0KSXR35TAEYY/.live-validation/remote/user.pub:1: key options: agent-forwarding port-forwarding pty user-rc x11-forwarding
debug3: send packet: type 4
debug3: sending debug message: /Users/charlesabrooker/.no-mistakes/worktrees/32d18ed9638d/01M48YDAJ274FP0KSXR35TAEYY/.live-validation/remote/user.pub:1: key options: agent-forwarding port-forwarding pty user-rc x11-forwarding
debug3: send packet: type 4
debug1: Entering interactive session for SSH2.
debug1: server_init_dispatch
debug3: receive packet: type 90
debug1: server_input_channel_open: ctype session rchan 0 win 2097152 max 32768
debug1: input_session_request
debug1: channel 0: new session [server-session] (inactive timeout: 0)
debug2: session_new: allocate (allocated 0 max 10)
debug3: session_unused: session id 0 unused
debug1: session_new: session 0
debug1: session_open: channel 0
debug1: session_open: session 0: link with channel 0
debug1: server_input_channel_open: confirm session
debug3: send packet: type 91
debug3: receive packet: type 80
debug1: server_input_global_request: rtype no-more-sessions@openssh.com want_reply 0
debug2: process_output: session QoS is now interactive
debug3: set_sock_tos: set socket 8 IP_TOS 0xb8
debug3: receive packet: type 98
debug1: server_input_channel_req: channel 0 request env reply 0
debug1: session_by_channel: session 0 channel 0
debug1: session_input_channel_req: session 0 req env
debug2: Ignoring env request LANG: disallowed name
debug3: receive packet: type 98
debug1: server_input_channel_req: channel 0 request exec reply 1
debug1: session_by_channel: session 0 channel 0
debug1: session_input_channel_req: session 0 req exec
debug2: channel_set_xtype: labeled channel 0 as session:command (inactive timeout 0)
Starting session: command for charlesabrooker from 127.0.0.1 port 49745 id 0
debug3: mm_audit_run_command: entering command /usr/bin/env FM_REMOTE_JOB_PLATFORM_OVERRIDE=Linux FM_REMOTE_JOB_STATE_ROOT=/Users/charlesabrooker/.no-mistakes/worktrees/32d18ed9638d/01M48YDAJ274FP0KSXR35TAEYY/.live-validation/remote/jobs /Users/charlesabrooker/.no-mistakes/worktrees/32d18ed9638d/01M48YDAJ274FP0KSXR35TAEYY/.live-validation/remote/checkout/bin/fm-remote-entrypoint.sh 1 L1VzZXJzL2NoYXJsZXNhYnJvb2tlci8ubm8tbWlzdGFrZXMvd29ya3RyZWVzLzMyZDE4ZWQ5NjM4ZC8wMU00OFlEQUoyNzRGUDBLU1hSMzVUQUVZWS8ubGl2ZS12YWxpZGF0aW9uL3JlbW90ZS9jaGVja291dA== L1VzZXJzL2NoYXJsZXNhYnJvb2tlci8ubm8tbWlzdGFrZXMvd29ya3RyZWVzLzMyZDE4ZWQ5NjM4ZC8wMU00OFlEQUoyNzRGUDBLU1hSMzVUQUVZWS8ubGl2ZS12YWxpZGF0aW9uL3JlbW90ZS9tYXRl Zm0tcmVtb3RlLWRlbHRhLXJlYWQuc2gAc3RhdGUvcGFyZW50LXJlcGxpZXMuc3RhdHVzADk1ADI3MDdhZTQ2YWRiMzYzZGJkN2ExMGEyOWQ1NzJkMjhkZjIxMTdkNzliNDhlYThkMzk3ZDM5MWJjMGYyMDAzZjYAMgA=
debug3: mm_request_send: entering, type 113
debug3: mm_request_receive: entering
debug3: monitor_read: checking request 113
debug3: mm_answer_audit_command: entering
debug2: fd 15 setting O_NONBLOCK
debug2: fd 14 setting O_NONBLOCK
debug2: fd 17 setting O_NONBLOCK
debug3: send packet: type 99
debug2: process_output: session QoS is now non-interactive
debug3: set_sock_tos: set socket 8 IP_TOS 0x00
debug3: receive packet: type 96
debug2: channel 0: rcvd eof
debug2: channel 0: output open -> drain
debug2: channel 0: obuf empty
debug2: chan_shutdown_write: channel 0: (i0 o1 sock -1 wfd 14 efd 17 [read])
debug2: channel 0: output drain -> closed
debug2: channel 0: read 34 from efd 17
debug2: channel 0: rwin 2097152 elen 34 euse 1
debug2: channel 0: sent ext data 34
debug2: channel 0: read failed rfd 15 maxlen 32768: Broken pipe
debug2: channel 0: read failed
debug2: chan_shutdown_read: channel 0: (i0 o3 sock -1 wfd 15 efd 17 [read])
debug2: channel 0: input open -> drain
debug2: channel 0: read 0 from efd 17
debug2: channel 0: closing read-efd 17
debug2: channel 0: ibuf empty
debug2: channel 0: send eof
debug3: send packet: type 96
debug2: channel 0: input drain -> closed
debug1: Received SIGCHLD.
debug1: session_by_pid: pid 92829
debug2: channel 0: request exit-status confirm 0
debug3: send packet: type 98
debug1: session_exit_message: session 0 channel 0 pid 92829 exit 75
debug1: session_exit_message: release channel 0
debug2: channel 0: send_close2
debug2: channel 0: send close for remote id 0
debug3: send packet: type 97
debug3: channel 0: will not send data after close
debug3: receive packet: type 97
debug2: channel 0: rcvd close
debug3: receive packet: type 1
Received disconnect from 127.0.0.1 port 49745:11: disconnected by user
Disconnected from user charlesabrooker 127.0.0.1 port 49745
debug1: do_cleanup
debug3: mm_request_receive: entering
debug3: mm_request_receive: monitor fd closed
debug1: mm_reap: child exited with status 255
debug1: do_cleanup
debug3: BSM audit: typ 0 rc 0 "sshd logout charlesabrooker"
debug3: BSM audit: writing audit new record
BSM audit: bsm_audit_record failed to write "sshd logout charlesabrooker" record: Operation not permitted
debug1: fd 7 clearing O_NONBLOCK
debug2: fd 8 setting O_NONBLOCK
debug1: Forked child 29948.
debug1: rexec start in 7 out 7 newsock 7 config_s 8/9
debug1: sshd-session version OpenSSH_10.3, LibreSSL 3.3.6
debug1: network sockets: 8, 8
debug2: fd 8 setting TCP_NODELAY
debug3: set_sock_tos: set socket 8 IP_TOS 0xb8
debug3: server_process_channel_timeouts: setting 0 timeouts
debug3: channel_clear_timeouts: clearing
debug3: BSM audit: connection from 127.0.0.1 port 49785
debug3: BSM audit: iptype 4 machine ID 0100007f 00000000 00000000 00000000
Connection from 127.0.0.1 port 49785 on 127.0.0.1 port 65101
debug2: fd 8 setting O_NONBLOCK
debug2: server_accept_loop: child 29948 for connection from 127.0.0.1 to 127.0.0.1 received config
debug2: Network child is on pid 29997
debug3: preauth child monitor started
debug3: mm_request_receive: entering
debug3: monitor_read: checking request 51
debug1: mm_answer_state: config len 580
debug3: mm_request_send: entering, type 52
debug3: mm_answer_state: done
debug2: monitor_read: 51 used once, disabling now
debug1: sshd-auth version OpenSSH_10.3, LibreSSL 3.3.6 [preauth]
debug3: server_process_channel_timeouts: setting 0 timeouts [preauth]
debug3: channel_clear_timeouts: clearing [preauth]
debug3: fd 5 is O_NONBLOCK [preauth]
debug3: ssh_sandbox_init: preparing Darwin sandbox [preauth]
debug3: ssh_sandbox_child: starting Darwin sandbox [preauth]
debug1: list_hostkey_types: ssh-ed25519 [preauth]
debug1: Local version string SSH-2.0-OpenSSH_10.3 [preauth]
debug1: Remote protocol version 2.0, remote software version OpenSSH_10.3 [preauth]
debug1: compat_banner: match: OpenSSH_10.3 pat OpenSSH* compat 0x04000000 [preauth]
debug3: mm_sshkey_setcompat: entering [preauth]
debug3: mm_request_send: entering, type 18 [preauth]
debug3: send packet: type 20 [preauth]
debug1: SSH2_MSG_KEXINIT sent [preauth]
debug3: mm_request_receive: entering
debug3: monitor_read: checking request 18
debug3: mm_answer_setcompat: entering
debug2: monitor_read: 18 used once, disabling now
debug3: receive packet: type 20 [preauth]
debug1: SSH2_MSG_KEXINIT received [preauth]
debug2: local server KEXINIT proposal [preauth]
debug2: KEX algorithms: mlkem768x25519-sha256,sntrup761x25519-sha512,sntrup761x25519-sha512@openssh.com,curve25519-sha256,curve25519-sha256@libssh.org,ecdh-sha2-nistp256,ecdh-sha2-nistp384,ecdh-sha2-nistp521,ext-info-s,kex-strict-s-v00@openssh.com [preauth]
debug2: host key algorithms: ssh-ed25519 [preauth]
debug2: ciphers ctos: chacha20-poly1305@openssh.com,aes128-gcm@openssh.com,aes256-gcm@openssh.com,aes128-ctr,aes192-ctr,aes256-ctr [preauth]
debug2: ciphers stoc: chacha20-poly1305@openssh.com,aes128-gcm@openssh.com,aes256-gcm@openssh.com,aes128-ctr,aes192-ctr,aes256-ctr [preauth]
debug2: MACs ctos: umac-64-etm@openssh.com,umac-128-etm@openssh.com,hmac-sha2-256-etm@openssh.com,hmac-sha2-512-etm@openssh.com,hmac-sha1-etm@openssh.com,umac-64@openssh.com,umac-128@openssh.com,hmac-sha2-256,hmac-sha2-512,hmac-sha1 [preauth]
debug2: MACs stoc: umac-64-etm@openssh.com,umac-128-etm@openssh.com,hmac-sha2-256-etm@openssh.com,hmac-sha2-512-etm@openssh.com,hmac-sha1-etm@openssh.com,umac-64@openssh.com,umac-128@openssh.com,hmac-sha2-256,hmac-sha2-512,hmac-sha1 [preauth]
debug2: compression ctos: none,zlib@openssh.com [preauth]
debug2: compression stoc: none,zlib@openssh.com [preauth]
debug2: languages ctos:  [preauth]
debug2: languages stoc:  [preauth]
debug2: first_kex_follows 0  [preauth]
debug2: reserved 0  [preauth]
debug2: peer client KEXINIT proposal [preauth]
debug2: KEX algorithms: mlkem768x25519-sha256,sntrup761x25519-sha512,sntrup761x25519-sha512@openssh.com,curve25519-sha256,curve25519-sha256@libssh.org,ecdh-sha2-nistp256,ecdh-sha2-nistp384,ecdh-sha2-nistp521,diffie-hellman-group-exchange-sha256,diffie-hellman-group16-sha512,diffie-hellman-group18-sha512,diffie-hellman-group14-sha256,ext-info-c,kex-strict-c-v00@openssh.com [preauth]
debug2: host key algorithms: ssh-ed25519-cert-v01@openssh.com,ecdsa-sha2-nistp256-cert-v01@openssh.com,ecdsa-sha2-nistp384-cert-v01@openssh.com,ecdsa-sha2-nistp521-cert-v01@openssh.com,sk-ssh-ed25519-cert-v01@openssh.com,sk-ecdsa-sha2-nistp256-cert-v01@openssh.com,webauthn-sk-ecdsa-sha2-nistp256-cert-v01@openssh.com,rsa-sha2-512-cert-v01@openssh.com,rsa-sha2-256-cert-v01@openssh.com,ssh-ed25519,ecdsa-sha2-nistp256,ecdsa-sha2-nistp384,ecdsa-sha2-nistp521,sk-ssh-ed25519@openssh.com,sk-ecdsa-sha2-nistp256@openssh.com,webauthn-sk-ecdsa-sha2-nistp256@openssh.com,rsa-sha2-512,rsa-sha2-256 [preauth]
debug2: ciphers ctos: chacha20-poly1305@openssh.com,aes128-gcm@openssh.com,aes256-gcm@openssh.com,aes128-ctr,aes192-ctr,aes256-ctr [preauth]
debug2: ciphers stoc: chacha20-poly1305@openssh.com,aes128-gcm@openssh.com,aes256-gcm@openssh.com,aes128-ctr,aes192-ctr,aes256-ctr [preauth]
debug2: MACs ctos: umac-64-etm@openssh.com,umac-128-etm@openssh.com,hmac-sha2-256-etm@openssh.com,hmac-sha2-512-etm@openssh.com,hmac-sha1-etm@openssh.com,umac-64@openssh.com,umac-128@openssh.com,hmac-sha2-256,hmac-sha2-512,hmac-sha1 [preauth]
debug2: MACs stoc: umac-64-etm@openssh.com,umac-128-etm@openssh.com,hmac-sha2-256-etm@openssh.com,hmac-sha2-512-etm@openssh.com,hmac-sha1-etm@openssh.com,umac-64@openssh.com,umac-128@openssh.com,hmac-sha2-256,hmac-sha2-512,hmac-sha1 [preauth]
debug2: compression ctos: none,zlib@openssh.com [preauth]
debug2: compression stoc: none,zlib@openssh.com [preauth]
debug2: languages ctos:  [preauth]
debug2: languages stoc:  [preauth]
debug2: first_kex_follows 0  [preauth]
debug2: reserved 0  [preauth]
debug3: kex_choose_conf: will use strict KEX ordering [preauth]
debug1: kex: algorithm: mlkem768x25519-sha256 [preauth]
debug1: kex: host key algorithm: ssh-ed25519 [preauth]
debug1: kex: client->server cipher: chacha20-poly1305@openssh.com MAC: <implicit> compression: none [preauth]
debug1: kex: server->client cipher: chacha20-poly1305@openssh.com MAC: <implicit> compression: none [preauth]
debug1: expecting SSH2_MSG_KEX_ECDH_INIT [preauth]
debug3: receive packet: type 30 [preauth]
debug1: SSH2_MSG_KEX_ECDH_INIT received [preauth]
debug3: mm_sshkey_sign: entering [preauth]
debug3: mm_request_send: entering, type 6 [preauth]
debug3: mm_sshkey_sign: waiting for MONITOR_ANS_SIGN [preauth]
debug3: mm_request_receive_expect: entering, type 7 [preauth]
debug3: mm_request_receive: entering [preauth]
debug3: mm_request_receive: entering
debug3: monitor_read: checking request 6
debug3: mm_answer_sign: entering
debug1: mm_answer_sign: hostkey ssh-ed25519 index 0
debug3: mm_answer_sign: ssh-ed25519 KEX signature len=83
debug3: mm_request_send: entering, type 7
debug2: monitor_read: 6 used once, disabling now
debug3: mm_sshkey_sign: ssh-ed25519 signature len=83 [preauth]
debug3: send packet: type 31 [preauth]
debug3: send packet: type 21 [preauth]
debug1: ssh_packet_send2_wrapped: resetting send seqnr 3 [preauth]
debug2: ssh_set_newkeys: mode 1 [preauth]
debug1: rekey out after 134217728 blocks [preauth]
debug1: SSH2_MSG_NEWKEYS sent [preauth]
debug1: Sending SSH2_MSG_EXT_INFO [preauth]
debug3: send packet: type 7 [preauth]
debug1: expecting SSH2_MSG_NEWKEYS [preauth]
debug3: receive packet: type 21 [preauth]
debug1: ssh_packet_read_poll2: resetting read seqnr 3 [preauth]
debug1: SSH2_MSG_NEWKEYS received [preauth]
debug2: ssh_set_newkeys: mode 0 [preauth]
debug1: rekey in after 134217728 blocks [preauth]
debug2: KEX algorithms: mlkem768x25519-sha256,sntrup761x25519-sha512,sntrup761x25519-sha512@openssh.com,curve25519-sha256,curve25519-sha256@libssh.org,ecdh-sha2-nistp256,ecdh-sha2-nistp384,ecdh-sha2-nistp521,ext-info-s,kex-strict-s-v00@openssh.com [preauth]
debug2: host key algorithms: ssh-ed25519 [preauth]
debug2: ciphers ctos: chacha20-poly1305@openssh.com,aes128-gcm@openssh.com,aes256-gcm@openssh.com,aes128-ctr,aes192-ctr,aes256-ctr [preauth]
debug2: ciphers stoc: chacha20-poly1305@openssh.com,aes128-gcm@openssh.com,aes256-gcm@openssh.com,aes128-ctr,aes192-ctr,aes256-ctr [preauth]
debug2: MACs ctos: umac-64-etm@openssh.com,umac-128-etm@openssh.com,hmac-sha2-256-etm@openssh.com,hmac-sha2-512-etm@openssh.com,hmac-sha1-etm@openssh.com,umac-64@openssh.com,umac-128@openssh.com,hmac-sha2-256,hmac-sha2-512,hmac-sha1 [preauth]
debug2: MACs stoc: umac-64-etm@openssh.com,umac-128-etm@openssh.com,hmac-sha2-256-etm@openssh.com,hmac-sha2-512-etm@openssh.com,hmac-sha1-etm@openssh.com,umac-64@openssh.com,umac-128@openssh.com,hmac-sha2-256,hmac-sha2-512,hmac-sha1 [preauth]
debug2: compression ctos: none,zlib@openssh.com [preauth]
debug2: compression stoc: none,zlib@openssh.com [preauth]
debug2: languages ctos:  [preauth]
debug2: languages stoc:  [preauth]
debug2: first_kex_follows 0  [preauth]
debug2: reserved 0  [preauth]
debug1: KEX done [preauth]
debug3: receive packet: type 7 [preauth]
debug1: SSH2_MSG_EXT_INFO received [preauth]
debug3: kex_input_ext_info: extension ext-info-in-auth@openssh.com [preauth]
debug1: kex_ext_info_check_ver: ext-info-in-auth@openssh.com=<0> [preauth]
debug3: receive packet: type 5 [preauth]
debug3: send packet: type 6 [preauth]
debug3: receive packet: type 50 [preauth]
debug1: userauth-request for user charlesabrooker service ssh-connection method none [preauth]
debug1: attempt 0 failures 0 [preauth]
debug3: mm_getpwnamallow: entering [preauth]
debug3: mm_request_send: entering, type 8 [preauth]
debug3: mm_getpwnamallow: waiting for MONITOR_ANS_PWNAM [preauth]
debug3: mm_request_receive_expect: entering, type 9 [preauth]
debug3: mm_request_receive: entering [preauth]
debug3: mm_request_receive: entering
debug3: monitor_read: checking request 8
debug3: mm_answer_pwnamallow: entering
debug2: parse_server_config_depth: config reprocess config len 580
debug3: auth2_setup_methods_lists: checking methods
debug1: authentication methods list 0: publickey
debug3: mm_answer_pwnamallow: sending MONITOR_ANS_PWNAM: 1
debug3: mm_request_send: entering, type 9
debug2: monitor_read: 8 used once, disabling now
debug3: server_process_channel_timeouts: setting 0 timeouts [preauth]
debug3: channel_clear_timeouts: clearing [preauth]
debug2: input_userauth_request: setting up authctxt for charlesabrooker [preauth]
debug3: mm_inform_authserv: entering [preauth]
debug3: mm_request_send: entering, type 4 [preauth]
debug1: kex_server_update_ext_info: Sending SSH2_MSG_EXT_INFO [preauth]
debug3: send packet: type 7 [preauth]
debug3: auth2_setup_methods_lists: checking methods [preauth]
debug1: authentication methods list 0: publickey [preauth]
debug3: authmethod_lookup: method none not allowed by AuthenticationMethods [preauth]
debug3: userauth_finish: failure partial=0 next methods="publickey" [preauth]
debug3: send packet: type 51 [preauth]
debug3: mm_request_receive: entering
debug3: monitor_read: checking request 4
debug3: mm_answer_authserv: service=ssh-connection, style=
debug2: monitor_read: 4 used once, disabling now
debug3: receive packet: type 50 [preauth]
debug1: userauth-request for user charlesabrooker service ssh-connection method publickey [preauth]
debug1: attempt 1 failures 0 [preauth]
debug2: input_userauth_request: try method publickey [preauth]
debug2: userauth_pubkey: valid user charlesabrooker querying public key ssh-ed25519 AAAAC3NzaC1lZDI1NTE5AAAAIC29h5YAq/Tle+j2rirq6Xj2QUBhQHpieTMA6puP9ciD [preauth]
debug1: userauth_pubkey: publickey test pkalg ssh-ed25519 pkblob ED25519 SHA256:7sc69UbnYCiAFxuqzOSgt6nekJytNEARRE5FlH7yor0 [preauth]
debug3: mm_key_allowed: entering [preauth]
debug3: mm_request_send: entering, type 22 [preauth]
debug3: mm_key_allowed: waiting for MONITOR_ANS_KEYALLOWED [preauth]
debug3: mm_request_receive_expect: entering, type 23 [preauth]
debug3: mm_request_receive: entering [preauth]
debug3: mm_request_receive: entering
debug3: monitor_read: checking request 22
debug3: mm_answer_keyallowed: entering
debug1: temporarily_use_uid: 501/20 (e=501/20)
debug1: restore_uid: (unprivileged)
debug1: temporarily_use_uid: 501/20 (e=501/20)
debug1: trying public key file /Users/charlesabrooker/.no-mistakes/worktrees/32d18ed9638d/01M48YDAJ274FP0KSXR35TAEYY/.live-validation/remote/user.pub
debug1: fd 9 clearing O_NONBLOCK
debug1: /Users/charlesabrooker/.no-mistakes/worktrees/32d18ed9638d/01M48YDAJ274FP0KSXR35TAEYY/.live-validation/remote/user.pub:1: matching key found: ED25519 SHA256:7sc69UbnYCiAFxuqzOSgt6nekJytNEARRE5FlH7yor0
debug1: /Users/charlesabrooker/.no-mistakes/worktrees/32d18ed9638d/01M48YDAJ274FP0KSXR35TAEYY/.live-validation/remote/user.pub:1: key options: agent-forwarding port-forwarding pty user-rc x11-forwarding
debug3: /Users/charlesabrooker/.no-mistakes/worktrees/32d18ed9638d/01M48YDAJ274FP0KSXR35TAEYY/.live-validation/remote/user.pub:1: key options: agent-forwarding port-forwarding pty user-rc x11-forwarding
Accepted key ED25519 SHA256:7sc69UbnYCiAFxuqzOSgt6nekJytNEARRE5FlH7yor0 found at /Users/charlesabrooker/.no-mistakes/worktrees/32d18ed9638d/01M48YDAJ274FP0KSXR35TAEYY/.live-validation/remote/user.pub:1
debug2: auth_check_authkeys_file: /Users/charlesabrooker/.no-mistakes/worktrees/32d18ed9638d/01M48YDAJ274FP0KSXR35TAEYY/.live-validation/remote/user.pub: processed 1/1 lines
debug1: restore_uid: (unprivileged)
debug3: mm_answer_keyallowed: publickey authentication test: ED25519 key is allowed
debug3: mm_request_send: entering, type 23
debug3: send packet: type 60 [preauth]
debug2: userauth_pubkey: authenticated 0 pkalg ssh-ed25519 [preauth]
debug3: user_specific_delay: user specific delay 1.237ms [preauth]
debug3: ensure_minimum_time_since: elapsed 0.833ms, delaying 5.404ms (requested 6.237ms) [preauth]
Postponed publickey for charlesabrooker from 127.0.0.1 port 49785 ssh2 [preauth]
debug3: receive packet: type 50 [preauth]
debug1: userauth-request for user charlesabrooker service ssh-connection method publickey-hostbound-v00@openssh.com [preauth]
debug1: attempt 2 failures 0 [preauth]
debug2: input_userauth_request: try method publickey-hostbound-v00@openssh.com [preauth]
debug2: userauth_pubkey: valid user charlesabrooker attempting public key ssh-ed25519 AAAAC3NzaC1lZDI1NTE5AAAAIC29h5YAq/Tle+j2rirq6Xj2QUBhQHpieTMA6puP9ciD [preauth]
debug3: userauth_pubkey: publickey-hostbound-v00@openssh.com have ssh-ed25519 signature for ED25519 SHA256:7sc69UbnYCiAFxuqzOSgt6nekJytNEARRE5FlH7yor0 [preauth]
debug3: mm_key_allowed: entering [preauth]
debug3: mm_request_send: entering, type 22 [preauth]
debug3: mm_key_allowed: waiting for MONITOR_ANS_KEYALLOWED [preauth]
debug3: mm_request_receive_expect: entering, type 23 [preauth]
debug3: mm_request_receive: entering [preauth]
debug3: mm_request_receive: entering
debug3: monitor_read: checking request 22
debug3: mm_answer_keyallowed: entering
debug1: temporarily_use_uid: 501/20 (e=501/20)
debug1: restore_uid: (unprivileged)
debug1: temporarily_use_uid: 501/20 (e=501/20)
debug1: trying public key file /Users/charlesabrooker/.no-mistakes/worktrees/32d18ed9638d/01M48YDAJ274FP0KSXR35TAEYY/.live-validation/remote/user.pub
debug1: fd 9 clearing O_NONBLOCK
debug1: /Users/charlesabrooker/.no-mistakes/worktrees/32d18ed9638d/01M48YDAJ274FP0KSXR35TAEYY/.live-validation/remote/user.pub:1: matching key found: ED25519 SHA256:7sc69UbnYCiAFxuqzOSgt6nekJytNEARRE5FlH7yor0
debug1: /Users/charlesabrooker/.no-mistakes/worktrees/32d18ed9638d/01M48YDAJ274FP0KSXR35TAEYY/.live-validation/remote/user.pub:1: key options: agent-forwarding port-forwarding pty user-rc x11-forwarding
debug3: /Users/charlesabrooker/.no-mistakes/worktrees/32d18ed9638d/01M48YDAJ274FP0KSXR35TAEYY/.live-validation/remote/user.pub:1: key options: agent-forwarding port-forwarding pty user-rc x11-forwarding
Accepted key ED25519 SHA256:7sc69UbnYCiAFxuqzOSgt6nekJytNEARRE5FlH7yor0 found at /Users/charlesabrooker/.no-mistakes/worktrees/32d18ed9638d/01M48YDAJ274FP0KSXR35TAEYY/.live-validation/remote/user.pub:1
debug2: auth_check_authkeys_file: /Users/charlesabrooker/.no-mistakes/worktrees/32d18ed9638d/01M48YDAJ274FP0KSXR35TAEYY/.live-validation/remote/user.pub: processed 1/1 lines
debug1: restore_uid: (unprivileged)
debug3: mm_answer_keyallowed: publickey authentication: ED25519 key is allowed
debug3: mm_request_send: entering, type 23
debug3: mm_sshkey_verify: entering [preauth]
debug3: mm_request_send: entering, type 24 [preauth]
debug3: mm_sshkey_verify: waiting for MONITOR_ANS_KEYVERIFY [preauth]
debug3: mm_request_receive_expect: entering, type 25 [preauth]
debug3: mm_request_receive: entering [preauth]
debug3: mm_request_receive: entering
debug3: monitor_read: checking request 24
debug3: mm_answer_keyverify: publickey ED25519 signature using ssh-ed25519 verified
debug1: auth_activate_options: setting new authentication options
debug3: mm_request_send: entering, type 25
debug3: auth2_update_methods_lists: updating methods list after "publickey"
debug2: authentication methods list 0 complete
Accepted publickey for charlesabrooker from 127.0.0.1 port 49785 ssh2: ED25519 SHA256:7sc69UbnYCiAFxuqzOSgt6nekJytNEARRE5FlH7yor0
debug1: monitor_child_preauth: user charlesabrooker authenticated by privileged process
debug3: mm_get_keystate: Waiting for new keys
debug3: mm_request_receive_expect: entering, type 26
debug3: mm_request_receive: entering
debug3: mm_get_keystate: GOT new keys
debug1: auth_activate_options: setting new authentication options [preauth]
debug2: userauth_pubkey: authenticated 1 pkalg ssh-ed25519 [preauth]
debug3: user_specific_delay: user specific delay 1.237ms [preauth]
debug3: ensure_minimum_time_since: elapsed 7.421ms, delaying 5.053ms (requested 6.237ms) [preauth]
debug3: auth2_update_methods_lists: updating methods list after "publickey" [preauth]
debug2: authentication methods list 0 complete [preauth]
debug3: send packet: type 52 [preauth]
debug3: mm_request_send: entering, type 26 [preauth]
debug3: mm_send_keystate: Finished sending state [preauth]
debug1: monitor_read_log: child log fd closed
debug3: monitor_child_preauth: preauth child 29997 terminated successfully
debug2: server_accept_loop: child 29948 for connection from 127.0.0.1 to 127.0.0.1 auth done
debug1: child_close: enter (forcing)
BSM audit: bsm_audit_session_setup: setaudit_addr failed: Operation not permitted
debug3: BSM audit: typ 0 rc 0 "successful login charlesabrooker"
debug3: BSM audit: writing audit new record
BSM audit: bsm_audit_record failed to write "successful login charlesabrooker" record: Operation not permitted
User child is on pid 30540
debug3: monitor_apply_keystate: packet_set_state
debug2: ssh_set_newkeys: mode 0
debug1: rekey in after 134217728 blocks
debug2: ssh_set_newkeys: mode 1
debug1: rekey out after 134217728 blocks
debug1: ssh_packet_set_postauth: called
debug3: ssh_packet_set_state: done
debug3: notify_hostkeys: key 0: ssh-ed25519 SHA256:WwiWglN1fa9aE2Tl8g9MALW85mRMZENG58raojQZH9g
debug3: notify_hostkeys: sent 1 hostkeys
debug3: send packet: type 80
debug1: active: key options: agent-forwarding port-forwarding pty user-rc x11-forwarding
debug3: sending debug message: /Users/charlesabrooker/.no-mistakes/worktrees/32d18ed9638d/01M48YDAJ274FP0KSXR35TAEYY/.live-validation/remote/user.pub:1: key options: agent-forwarding port-forwarding pty user-rc x11-forwarding
debug3: send packet: type 4
debug3: sending debug message: /Users/charlesabrooker/.no-mistakes/worktrees/32d18ed9638d/01M48YDAJ274FP0KSXR35TAEYY/.live-validation/remote/user.pub:1: key options: agent-forwarding port-forwarding pty user-rc x11-forwarding
debug3: send packet: type 4
debug1: Entering interactive session for SSH2.
debug1: server_init_dispatch
debug3: receive packet: type 90
debug1: server_input_channel_open: ctype session rchan 0 win 2097152 max 32768
debug1: input_session_request
debug1: channel 0: new session [server-session] (inactive timeout: 0)
debug2: session_new: allocate (allocated 0 max 10)
debug3: session_unused: session id 0 unused
debug1: session_new: session 0
debug1: session_open: channel 0
debug1: session_open: session 0: link with channel 0
debug1: server_input_channel_open: confirm session
debug3: send packet: type 91
debug3: receive packet: type 80
debug1: server_input_global_request: rtype no-more-sessions@openssh.com want_reply 0
debug2: process_output: session QoS is now interactive
debug3: set_sock_tos: set socket 8 IP_TOS 0xb8
debug3: receive packet: type 98
debug1: server_input_channel_req: channel 0 request env reply 0
debug1: session_by_channel: session 0 channel 0
debug1: session_input_channel_req: session 0 req env
debug2: Ignoring env request LANG: disallowed name
debug3: receive packet: type 98
debug1: server_input_channel_req: channel 0 request exec reply 1
debug1: session_by_channel: session 0 channel 0
debug1: session_input_channel_req: session 0 req exec
debug2: channel_set_xtype: labeled channel 0 as session:command (inactive timeout 0)
Starting session: command for charlesabrooker from 127.0.0.1 port 49785 id 0
debug3: mm_audit_run_command: entering command /usr/bin/env FM_REMOTE_JOB_PLATFORM_OVERRIDE=Linux FM_REMOTE_JOB_STATE_ROOT=/Users/charlesabrooker/.no-mistakes/worktrees/32d18ed9638d/01M48YDAJ274FP0KSXR35TAEYY/.live-validation/remote/jobs /Users/charlesabrooker/.no-mistakes/worktrees/32d18ed9638d/01M48YDAJ274FP0KSXR35TAEYY/.live-validation/remote/checkout/bin/fm-remote-entrypoint.sh 1 L1VzZXJzL2NoYXJsZXNhYnJvb2tlci8ubm8tbWlzdGFrZXMvd29ya3RyZWVzLzMyZDE4ZWQ5NjM4ZC8wMU00OFlEQUoyNzRGUDBLU1hSMzVUQUVZWS8ubGl2ZS12YWxpZGF0aW9uL3JlbW90ZS9jaGVja291dA== L1VzZXJzL2NoYXJsZXNhYnJvb2tlci8ubm8tbWlzdGFrZXMvd29ya3RyZWVzLzMyZDE4ZWQ5NjM4ZC8wMU00OFlEQUoyNzRGUDBLU1hSMzVUQUVZWS8ubGl2ZS12YWxpZGF0aW9uL3JlbW90ZS9tYXRl Zm0tcmVtb3RlLWRlbHRhLXJlYWQuc2gAc3RhdGUvcGFyZW50LXJlcGxpZXMuc3RhdHVzADk1ADI3MDdhZTQ2YWRiMzYzZGJkN2ExMGEyOWQ1NzJkMjhkZjIxMTdkNzliNDhlYThkMzk3ZDM5MWJjMGYyMDAzZjYAMgA=
debug3: mm_request_send: entering, type 113
debug3: mm_request_receive: entering
debug3: monitor_read: checking request 113
debug3: mm_answer_audit_command: entering
debug2: fd 15 setting O_NONBLOCK
debug2: fd 14 setting O_NONBLOCK
debug2: fd 17 setting O_NONBLOCK
debug3: send packet: type 99
debug2: process_output: session QoS is now non-interactive
debug3: set_sock_tos: set socket 8 IP_TOS 0x00
debug3: receive packet: type 96
debug2: channel 0: rcvd eof
debug2: channel 0: output open -> drain
debug2: channel 0: obuf empty
debug2: chan_shutdown_write: channel 0: (i0 o1 sock -1 wfd 14 efd 17 [read])
debug2: channel 0: output drain -> closed
debug2: channel 0: read 34 from efd 17
debug2: channel 0: rwin 2097152 elen 34 euse 1
debug2: channel 0: sent ext data 34
debug2: channel 0: read failed rfd 15 maxlen 32768: Broken pipe
debug2: channel 0: read failed
debug2: chan_shutdown_read: channel 0: (i0 o3 sock -1 wfd 15 efd 17 [read])
debug2: channel 0: input open -> drain
debug2: channel 0: read 0 from efd 17
debug2: channel 0: closing read-efd 17
debug2: channel 0: ibuf empty
debug2: channel 0: send eof
debug3: send packet: type 96
debug2: channel 0: input drain -> closed
debug1: Received SIGCHLD.
debug1: session_by_pid: pid 30708
debug2: channel 0: request exit-status confirm 0
debug3: send packet: type 98
debug1: session_exit_message: session 0 channel 0 pid 30708 exit 75
debug1: session_exit_message: release channel 0
debug2: channel 0: send_close2
debug2: channel 0: send close for remote id 0
debug3: send packet: type 97
debug3: channel 0: will not send data after close
debug3: receive packet: type 97
debug2: channel 0: rcvd close
debug3: receive packet: type 1
Received disconnect from 127.0.0.1 port 49785:11: disconnected by user
Disconnected from user charlesabrooker 127.0.0.1 port 49785
debug1: do_cleanup
debug3: mm_request_receive: entering
debug3: mm_request_receive: monitor fd closed
debug1: mm_reap: child exited with status 255
debug1: do_cleanup
debug3: BSM audit: typ 0 rc 0 "sshd logout charlesabrooker"
debug3: BSM audit: writing audit new record
BSM audit: bsm_audit_record failed to write "sshd logout charlesabrooker" record: Operation not permitted
debug1: fd 7 clearing O_NONBLOCK
debug2: fd 8 setting O_NONBLOCK
debug1: Forked child 70412.
debug1: rexec start in 7 out 7 newsock 7 config_s 8/9
debug1: sshd-session version OpenSSH_10.3, LibreSSL 3.3.6
debug1: network sockets: 8, 8
debug2: server_accept_loop: child 70412 for connection from 127.0.0.1 to 127.0.0.1 received config
debug2: fd 8 setting TCP_NODELAY
debug3: set_sock_tos: set socket 8 IP_TOS 0xb8
debug3: server_process_channel_timeouts: setting 0 timeouts
debug3: channel_clear_timeouts: clearing
debug3: BSM audit: connection from 127.0.0.1 port 49837
debug3: BSM audit: iptype 4 machine ID 0100007f 00000000 00000000 00000000
Connection from 127.0.0.1 port 49837 on 127.0.0.1 port 65101
debug2: fd 8 setting O_NONBLOCK
debug2: Network child is on pid 70479
debug3: preauth child monitor started
debug3: mm_request_receive: entering
debug3: monitor_read: checking request 51
debug1: mm_answer_state: config len 580
debug3: mm_request_send: entering, type 52
debug3: mm_answer_state: done
debug2: monitor_read: 51 used once, disabling now
debug1: sshd-auth version OpenSSH_10.3, LibreSSL 3.3.6 [preauth]
debug3: server_process_channel_timeouts: setting 0 timeouts [preauth]
debug3: channel_clear_timeouts: clearing [preauth]
debug3: fd 5 is O_NONBLOCK [preauth]
debug3: ssh_sandbox_init: preparing Darwin sandbox [preauth]
debug3: ssh_sandbox_child: starting Darwin sandbox [preauth]
debug1: list_hostkey_types: ssh-ed25519 [preauth]
debug1: Local version string SSH-2.0-OpenSSH_10.3 [preauth]
debug1: Remote protocol version 2.0, remote software version OpenSSH_10.3 [preauth]
debug1: compat_banner: match: OpenSSH_10.3 pat OpenSSH* compat 0x04000000 [preauth]
debug3: mm_sshkey_setcompat: entering [preauth]
debug3: mm_request_send: entering, type 18 [preauth]
debug3: send packet: type 20 [preauth]
debug1: SSH2_MSG_KEXINIT sent [preauth]
debug3: mm_request_receive: entering
debug3: monitor_read: checking request 18
debug3: mm_answer_setcompat: entering
debug2: monitor_read: 18 used once, disabling now
debug3: receive packet: type 20 [preauth]
debug1: SSH2_MSG_KEXINIT received [preauth]
debug2: local server KEXINIT proposal [preauth]
debug2: KEX algorithms: mlkem768x25519-sha256,sntrup761x25519-sha512,sntrup761x25519-sha512@openssh.com,curve25519-sha256,curve25519-sha256@libssh.org,ecdh-sha2-nistp256,ecdh-sha2-nistp384,ecdh-sha2-nistp521,ext-info-s,kex-strict-s-v00@openssh.com [preauth]
debug2: host key algorithms: ssh-ed25519 [preauth]
debug2: ciphers ctos: chacha20-poly1305@openssh.com,aes128-gcm@openssh.com,aes256-gcm@openssh.com,aes128-ctr,aes192-ctr,aes256-ctr [preauth]
debug2: ciphers stoc: chacha20-poly1305@openssh.com,aes128-gcm@openssh.com,aes256-gcm@openssh.com,aes128-ctr,aes192-ctr,aes256-ctr [preauth]
debug2: MACs ctos: umac-64-etm@openssh.com,umac-128-etm@openssh.com,hmac-sha2-256-etm@openssh.com,hmac-sha2-512-etm@openssh.com,hmac-sha1-etm@openssh.com,umac-64@openssh.com,umac-128@openssh.com,hmac-sha2-256,hmac-sha2-512,hmac-sha1 [preauth]
debug2: MACs stoc: umac-64-etm@openssh.com,umac-128-etm@openssh.com,hmac-sha2-256-etm@openssh.com,hmac-sha2-512-etm@openssh.com,hmac-sha1-etm@openssh.com,umac-64@openssh.com,umac-128@openssh.com,hmac-sha2-256,hmac-sha2-512,hmac-sha1 [preauth]
debug2: compression ctos: none,zlib@openssh.com [preauth]
debug2: compression stoc: none,zlib@openssh.com [preauth]
debug2: languages ctos:  [preauth]
debug2: languages stoc:  [preauth]
debug2: first_kex_follows 0  [preauth]
debug2: reserved 0  [preauth]
debug2: peer client KEXINIT proposal [preauth]
debug2: KEX algorithms: mlkem768x25519-sha256,sntrup761x25519-sha512,sntrup761x25519-sha512@openssh.com,curve25519-sha256,curve25519-sha256@libssh.org,ecdh-sha2-nistp256,ecdh-sha2-nistp384,ecdh-sha2-nistp521,diffie-hellman-group-exchange-sha256,diffie-hellman-group16-sha512,diffie-hellman-group18-sha512,diffie-hellman-group14-sha256,ext-info-c,kex-strict-c-v00@openssh.com [preauth]
debug2: host key algorithms: ssh-ed25519-cert-v01@openssh.com,ecdsa-sha2-nistp256-cert-v01@openssh.com,ecdsa-sha2-nistp384-cert-v01@openssh.com,ecdsa-sha2-nistp521-cert-v01@openssh.com,sk-ssh-ed25519-cert-v01@openssh.com,sk-ecdsa-sha2-nistp256-cert-v01@openssh.com,webauthn-sk-ecdsa-sha2-nistp256-cert-v01@openssh.com,rsa-sha2-512-cert-v01@openssh.com,rsa-sha2-256-cert-v01@openssh.com,ssh-ed25519,ecdsa-sha2-nistp256,ecdsa-sha2-nistp384,ecdsa-sha2-nistp521,sk-ssh-ed25519@openssh.com,sk-ecdsa-sha2-nistp256@openssh.com,webauthn-sk-ecdsa-sha2-nistp256@openssh.com,rsa-sha2-512,rsa-sha2-256 [preauth]
debug2: ciphers ctos: chacha20-poly1305@openssh.com,aes128-gcm@openssh.com,aes256-gcm@openssh.com,aes128-ctr,aes192-ctr,aes256-ctr [preauth]
debug2: ciphers stoc: chacha20-poly1305@openssh.com,aes128-gcm@openssh.com,aes256-gcm@openssh.com,aes128-ctr,aes192-ctr,aes256-ctr [preauth]
debug2: MACs ctos: umac-64-etm@openssh.com,umac-128-etm@openssh.com,hmac-sha2-256-etm@openssh.com,hmac-sha2-512-etm@openssh.com,hmac-sha1-etm@openssh.com,umac-64@openssh.com,umac-128@openssh.com,hmac-sha2-256,hmac-sha2-512,hmac-sha1 [preauth]
debug2: MACs stoc: umac-64-etm@openssh.com,umac-128-etm@openssh.com,hmac-sha2-256-etm@openssh.com,hmac-sha2-512-etm@openssh.com,hmac-sha1-etm@openssh.com,umac-64@openssh.com,umac-128@openssh.com,hmac-sha2-256,hmac-sha2-512,hmac-sha1 [preauth]
debug2: compression ctos: none,zlib@openssh.com [preauth]
debug2: compression stoc: none,zlib@openssh.com [preauth]
debug2: languages ctos:  [preauth]
debug2: languages stoc:  [preauth]
debug2: first_kex_follows 0  [preauth]
debug2: reserved 0  [preauth]
debug3: kex_choose_conf: will use strict KEX ordering [preauth]
debug1: kex: algorithm: mlkem768x25519-sha256 [preauth]
debug1: kex: host key algorithm: ssh-ed25519 [preauth]
debug1: kex: client->server cipher: chacha20-poly1305@openssh.com MAC: <implicit> compression: none [preauth]
debug1: kex: server->client cipher: chacha20-poly1305@openssh.com MAC: <implicit> compression: none [preauth]
debug1: expecting SSH2_MSG_KEX_ECDH_INIT [preauth]
debug3: receive packet: type 30 [preauth]
debug1: SSH2_MSG_KEX_ECDH_INIT received [preauth]
debug3: mm_sshkey_sign: entering [preauth]
debug3: mm_request_send: entering, type 6 [preauth]
debug3: mm_sshkey_sign: waiting for MONITOR_ANS_SIGN [preauth]
debug3: mm_request_receive_expect: entering, type 7 [preauth]
debug3: mm_request_receive: entering [preauth]
debug3: mm_request_receive: entering
debug3: monitor_read: checking request 6
debug3: mm_answer_sign: entering
debug1: mm_answer_sign: hostkey ssh-ed25519 index 0
debug3: mm_answer_sign: ssh-ed25519 KEX signature len=83
debug3: mm_request_send: entering, type 7
debug2: monitor_read: 6 used once, disabling now
debug3: mm_sshkey_sign: ssh-ed25519 signature len=83 [preauth]
debug3: send packet: type 31 [preauth]
debug3: send packet: type 21 [preauth]
debug1: ssh_packet_send2_wrapped: resetting send seqnr 3 [preauth]
debug2: ssh_set_newkeys: mode 1 [preauth]
debug1: rekey out after 134217728 blocks [preauth]
debug1: SSH2_MSG_NEWKEYS sent [preauth]
debug1: Sending SSH2_MSG_EXT_INFO [preauth]
debug3: send packet: type 7 [preauth]
debug1: expecting SSH2_MSG_NEWKEYS [preauth]
debug3: receive packet: type 21 [preauth]
debug1: ssh_packet_read_poll2: resetting read seqnr 3 [preauth]
debug1: SSH2_MSG_NEWKEYS received [preauth]
debug2: ssh_set_newkeys: mode 0 [preauth]
debug1: rekey in after 134217728 blocks [preauth]
debug2: KEX algorithms: mlkem768x25519-sha256,sntrup761x25519-sha512,sntrup761x25519-sha512@openssh.com,curve25519-sha256,curve25519-sha256@libssh.org,ecdh-sha2-nistp256,ecdh-sha2-nistp384,ecdh-sha2-nistp521,ext-info-s,kex-strict-s-v00@openssh.com [preauth]
debug2: host key algorithms: ssh-ed25519 [preauth]
debug2: ciphers ctos: chacha20-poly1305@openssh.com,aes128-gcm@openssh.com,aes256-gcm@openssh.com,aes128-ctr,aes192-ctr,aes256-ctr [preauth]
debug2: ciphers stoc: chacha20-poly1305@openssh.com,aes128-gcm@openssh.com,aes256-gcm@openssh.com,aes128-ctr,aes192-ctr,aes256-ctr [preauth]
debug2: MACs ctos: umac-64-etm@openssh.com,umac-128-etm@openssh.com,hmac-sha2-256-etm@openssh.com,hmac-sha2-512-etm@openssh.com,hmac-sha1-etm@openssh.com,umac-64@openssh.com,umac-128@openssh.com,hmac-sha2-256,hmac-sha2-512,hmac-sha1 [preauth]
debug2: MACs stoc: umac-64-etm@openssh.com,umac-128-etm@openssh.com,hmac-sha2-256-etm@openssh.com,hmac-sha2-512-etm@openssh.com,hmac-sha1-etm@openssh.com,umac-64@openssh.com,umac-128@openssh.com,hmac-sha2-256,hmac-sha2-512,hmac-sha1 [preauth]
debug2: compression ctos: none,zlib@openssh.com [preauth]
debug2: compression stoc: none,zlib@openssh.com [preauth]
debug2: languages ctos:  [preauth]
debug2: languages stoc:  [preauth]
debug2: first_kex_follows 0  [preauth]
debug2: reserved 0  [preauth]
debug1: KEX done [preauth]
debug3: receive packet: type 7 [preauth]
debug1: SSH2_MSG_EXT_INFO received [preauth]
debug3: kex_input_ext_info: extension ext-info-in-auth@openssh.com [preauth]
debug1: kex_ext_info_check_ver: ext-info-in-auth@openssh.com=<0> [preauth]
debug3: receive packet: type 5 [preauth]
debug3: send packet: type 6 [preauth]
debug3: receive packet: type 50 [preauth]
debug1: userauth-request for user charlesabrooker service ssh-connection method none [preauth]
debug1: attempt 0 failures 0 [preauth]
debug3: mm_getpwnamallow: entering [preauth]
debug3: mm_request_send: entering, type 8 [preauth]
debug3: mm_getpwnamallow: waiting for MONITOR_ANS_PWNAM [preauth]
debug3: mm_request_receive_expect: entering, type 9 [preauth]
debug3: mm_request_receive: entering [preauth]
debug3: mm_request_receive: entering
debug3: monitor_read: checking request 8
debug3: mm_answer_pwnamallow: entering
debug2: parse_server_config_depth: config reprocess config len 580
debug3: auth2_setup_methods_lists: checking methods
debug1: authentication methods list 0: publickey
debug3: mm_answer_pwnamallow: sending MONITOR_ANS_PWNAM: 1
debug3: mm_request_send: entering, type 9
debug2: monitor_read: 8 used once, disabling now
debug3: server_process_channel_timeouts: setting 0 timeouts [preauth]
debug3: channel_clear_timeouts: clearing [preauth]
debug2: input_userauth_request: setting up authctxt for charlesabrooker [preauth]
debug3: mm_inform_authserv: entering [preauth]
debug3: mm_request_send: entering, type 4 [preauth]
debug1: kex_server_update_ext_info: Sending SSH2_MSG_EXT_INFO [preauth]
debug3: send packet: type 7 [preauth]
debug3: auth2_setup_methods_lists: checking methods [preauth]
debug1: authentication methods list 0: publickey [preauth]
debug3: authmethod_lookup: method none not allowed by AuthenticationMethods [preauth]
debug3: userauth_finish: failure partial=0 next methods="publickey" [preauth]
debug3: send packet: type 51 [preauth]
debug3: mm_request_receive: entering
debug3: monitor_read: checking request 4
debug3: mm_answer_authserv: service=ssh-connection, style=
debug2: monitor_read: 4 used once, disabling now
debug3: receive packet: type 50 [preauth]
debug1: userauth-request for user charlesabrooker service ssh-connection method publickey [preauth]
debug1: attempt 1 failures 0 [preauth]
debug2: input_userauth_request: try method publickey [preauth]
debug2: userauth_pubkey: valid user charlesabrooker querying public key ssh-ed25519 AAAAC3NzaC1lZDI1NTE5AAAAIC29h5YAq/Tle+j2rirq6Xj2QUBhQHpieTMA6puP9ciD [preauth]
debug1: userauth_pubkey: publickey test pkalg ssh-ed25519 pkblob ED25519 SHA256:7sc69UbnYCiAFxuqzOSgt6nekJytNEARRE5FlH7yor0 [preauth]
debug3: mm_key_allowed: entering [preauth]
debug3: mm_request_send: entering, type 22 [preauth]
debug3: mm_key_allowed: waiting for MONITOR_ANS_KEYALLOWED [preauth]
debug3: mm_request_receive_expect: entering, type 23 [preauth]
debug3: mm_request_receive: entering [preauth]
debug3: mm_request_receive: entering
debug3: monitor_read: checking request 22
debug3: mm_answer_keyallowed: entering
debug1: temporarily_use_uid: 501/20 (e=501/20)
debug1: restore_uid: (unprivileged)
debug1: temporarily_use_uid: 501/20 (e=501/20)
debug1: trying public key file /Users/charlesabrooker/.no-mistakes/worktrees/32d18ed9638d/01M48YDAJ274FP0KSXR35TAEYY/.live-validation/remote/user.pub
debug1: fd 9 clearing O_NONBLOCK
debug1: /Users/charlesabrooker/.no-mistakes/worktrees/32d18ed9638d/01M48YDAJ274FP0KSXR35TAEYY/.live-validation/remote/user.pub:1: matching key found: ED25519 SHA256:7sc69UbnYCiAFxuqzOSgt6nekJytNEARRE5FlH7yor0
debug1: /Users/charlesabrooker/.no-mistakes/worktrees/32d18ed9638d/01M48YDAJ274FP0KSXR35TAEYY/.live-validation/remote/user.pub:1: key options: agent-forwarding port-forwarding pty user-rc x11-forwarding
debug3: /Users/charlesabrooker/.no-mistakes/worktrees/32d18ed9638d/01M48YDAJ274FP0KSXR35TAEYY/.live-validation/remote/user.pub:1: key options: agent-forwarding port-forwarding pty user-rc x11-forwarding
Accepted key ED25519 SHA256:7sc69UbnYCiAFxuqzOSgt6nekJytNEARRE5FlH7yor0 found at /Users/charlesabrooker/.no-mistakes/worktrees/32d18ed9638d/01M48YDAJ274FP0KSXR35TAEYY/.live-validation/remote/user.pub:1
debug2: auth_check_authkeys_file: /Users/charlesabrooker/.no-mistakes/worktrees/32d18ed9638d/01M48YDAJ274FP0KSXR35TAEYY/.live-validation/remote/user.pub: processed 1/1 lines
debug1: restore_uid: (unprivileged)
debug3: mm_answer_keyallowed: publickey authentication test: ED25519 key is allowed
debug3: mm_request_send: entering, type 23
debug3: send packet: type 60 [preauth]
debug2: userauth_pubkey: authenticated 0 pkalg ssh-ed25519 [preauth]
debug3: user_specific_delay: user specific delay 1.237ms [preauth]
debug3: ensure_minimum_time_since: elapsed 0.487ms, delaying 5.750ms (requested 6.237ms) [preauth]
Postponed publickey for charlesabrooker from 127.0.0.1 port 49837 ssh2 [preauth]
debug3: receive packet: type 50 [preauth]
debug1: userauth-request for user charlesabrooker service ssh-connection method publickey-hostbound-v00@openssh.com [preauth]
debug1: attempt 2 failures 0 [preauth]
debug2: input_userauth_request: try method publickey-hostbound-v00@openssh.com [preauth]
debug2: userauth_pubkey: valid user charlesabrooker attempting public key ssh-ed25519 AAAAC3NzaC1lZDI1NTE5AAAAIC29h5YAq/Tle+j2rirq6Xj2QUBhQHpieTMA6puP9ciD [preauth]
debug3: userauth_pubkey: publickey-hostbound-v00@openssh.com have ssh-ed25519 signature for ED25519 SHA256:7sc69UbnYCiAFxuqzOSgt6nekJytNEARRE5FlH7yor0 [preauth]
debug3: mm_key_allowed: entering [preauth]
debug3: mm_request_send: entering, type 22 [preauth]
debug3: mm_key_allowed: waiting for MONITOR_ANS_KEYALLOWED [preauth]
debug3: mm_request_receive_expect: entering, type 23 [preauth]
debug3: mm_request_receive: entering [preauth]
debug3: mm_request_receive: entering
debug3: monitor_read: checking request 22
debug3: mm_answer_keyallowed: entering
debug1: temporarily_use_uid: 501/20 (e=501/20)
debug1: restore_uid: (unprivileged)
debug1: temporarily_use_uid: 501/20 (e=501/20)
debug1: trying public key file /Users/charlesabrooker/.no-mistakes/worktrees/32d18ed9638d/01M48YDAJ274FP0KSXR35TAEYY/.live-validation/remote/user.pub
debug1: fd 9 clearing O_NONBLOCK
debug1: /Users/charlesabrooker/.no-mistakes/worktrees/32d18ed9638d/01M48YDAJ274FP0KSXR35TAEYY/.live-validation/remote/user.pub:1: matching key found: ED25519 SHA256:7sc69UbnYCiAFxuqzOSgt6nekJytNEARRE5FlH7yor0
debug1: /Users/charlesabrooker/.no-mistakes/worktrees/32d18ed9638d/01M48YDAJ274FP0KSXR35TAEYY/.live-validation/remote/user.pub:1: key options: agent-forwarding port-forwarding pty user-rc x11-forwarding
debug3: /Users/charlesabrooker/.no-mistakes/worktrees/32d18ed9638d/01M48YDAJ274FP0KSXR35TAEYY/.live-validation/remote/user.pub:1: key options: agent-forwarding port-forwarding pty user-rc x11-forwarding
Accepted key ED25519 SHA256:7sc69UbnYCiAFxuqzOSgt6nekJytNEARRE5FlH7yor0 found at /Users/charlesabrooker/.no-mistakes/worktrees/32d18ed9638d/01M48YDAJ274FP0KSXR35TAEYY/.live-validation/remote/user.pub:1
debug2: auth_check_authkeys_file: /Users/charlesabrooker/.no-mistakes/worktrees/32d18ed9638d/01M48YDAJ274FP0KSXR35TAEYY/.live-validation/remote/user.pub: processed 1/1 lines
debug1: restore_uid: (unprivileged)
debug3: mm_answer_keyallowed: publickey authentication: ED25519 key is allowed
debug3: mm_request_send: entering, type 23
debug3: mm_sshkey_verify: entering [preauth]
debug3: mm_request_send: entering, type 24 [preauth]
debug3: mm_sshkey_verify: waiting for MONITOR_ANS_KEYVERIFY [preauth]
debug3: mm_request_receive_expect: entering, type 25 [preauth]
debug3: mm_request_receive: entering [preauth]
debug3: mm_request_receive: entering
debug3: monitor_read: checking request 24
debug3: mm_answer_keyverify: publickey ED25519 signature using ssh-ed25519 verified
debug1: auth_activate_options: setting new authentication options
debug3: mm_request_send: entering, type 25
debug3: auth2_update_methods_lists: updating methods list after "publickey"
debug2: authentication methods list 0 complete
Accepted publickey for charlesabrooker from 127.0.0.1 port 49837 ssh2: ED25519 SHA256:7sc69UbnYCiAFxuqzOSgt6nekJytNEARRE5FlH7yor0
debug1: monitor_child_preauth: user charlesabrooker authenticated by privileged process
debug3: mm_get_keystate: Waiting for new keys
debug3: mm_request_receive_expect: entering, type 26
debug3: mm_request_receive: entering
debug3: mm_get_keystate: GOT new keys
debug1: auth_activate_options: setting new authentication options [preauth]
debug2: userauth_pubkey: authenticated 1 pkalg ssh-ed25519 [preauth]
debug3: user_specific_delay: user specific delay 1.237ms [preauth]
debug3: ensure_minimum_time_since: elapsed 2.250ms, delaying 3.987ms (requested 6.237ms) [preauth]
debug3: auth2_update_methods_lists: updating methods list after "publickey" [preauth]
debug2: authentication methods list 0 complete [preauth]
debug3: send packet: type 52 [preauth]
debug3: mm_request_send: entering, type 26 [preauth]
debug3: mm_send_keystate: Finished sending state [preauth]
debug1: monitor_read_log: child log fd closed
debug3: monitor_child_preauth: preauth child 70479 terminated successfully
debug2: server_accept_loop: child 70412 for connection from 127.0.0.1 to 127.0.0.1 auth done
debug1: child_close: enter (forcing)
BSM audit: bsm_audit_session_setup: setaudit_addr failed: Operation not permitted
debug3: BSM audit: typ 0 rc 0 "successful login charlesabrooker"
debug3: BSM audit: writing audit new record
BSM audit: bsm_audit_record failed to write "successful login charlesabrooker" record: Operation not permitted
User child is on pid 70776
debug3: monitor_apply_keystate: packet_set_state
debug2: ssh_set_newkeys: mode 0
debug1: rekey in after 134217728 blocks
debug2: ssh_set_newkeys: mode 1
debug1: rekey out after 134217728 blocks
debug1: ssh_packet_set_postauth: called
debug3: ssh_packet_set_state: done
debug3: notify_hostkeys: key 0: ssh-ed25519 SHA256:WwiWglN1fa9aE2Tl8g9MALW85mRMZENG58raojQZH9g
debug3: notify_hostkeys: sent 1 hostkeys
debug3: send packet: type 80
debug1: active: key options: agent-forwarding port-forwarding pty user-rc x11-forwarding
debug3: sending debug message: /Users/charlesabrooker/.no-mistakes/worktrees/32d18ed9638d/01M48YDAJ274FP0KSXR35TAEYY/.live-validation/remote/user.pub:1: key options: agent-forwarding port-forwarding pty user-rc x11-forwarding
debug3: send packet: type 4
debug3: sending debug message: /Users/charlesabrooker/.no-mistakes/worktrees/32d18ed9638d/01M48YDAJ274FP0KSXR35TAEYY/.live-validation/remote/user.pub:1: key options: agent-forwarding port-forwarding pty user-rc x11-forwarding
debug3: send packet: type 4
debug1: Entering interactive session for SSH2.
debug1: server_init_dispatch
debug3: receive packet: type 90
debug1: server_input_channel_open: ctype session rchan 0 win 2097152 max 32768
debug1: input_session_request
debug1: channel 0: new session [server-session] (inactive timeout: 0)
debug2: session_new: allocate (allocated 0 max 10)
debug3: session_unused: session id 0 unused
debug1: session_new: session 0
debug1: session_open: channel 0
debug1: session_open: session 0: link with channel 0
debug1: server_input_channel_open: confirm session
debug3: send packet: type 91
debug3: receive packet: type 80
debug1: server_input_global_request: rtype no-more-sessions@openssh.com want_reply 0
debug2: process_output: session QoS is now interactive
debug3: set_sock_tos: set socket 8 IP_TOS 0xb8
debug3: receive packet: type 98
debug1: server_input_channel_req: channel 0 request env reply 0
debug1: session_by_channel: session 0 channel 0
debug1: session_input_channel_req: session 0 req env
debug2: Ignoring env request LANG: disallowed name
debug3: receive packet: type 98
debug1: server_input_channel_req: channel 0 request exec reply 1
debug1: session_by_channel: session 0 channel 0
debug1: session_input_channel_req: session 0 req exec
debug2: channel_set_xtype: labeled channel 0 as session:command (inactive timeout 0)
Starting session: command for charlesabrooker from 127.0.0.1 port 49837 id 0
debug3: mm_audit_run_command: entering command /usr/bin/env FM_REMOTE_JOB_PLATFORM_OVERRIDE=Linux FM_REMOTE_JOB_STATE_ROOT=/Users/charlesabrooker/.no-mistakes/worktrees/32d18ed9638d/01M48YDAJ274FP0KSXR35TAEYY/.live-validation/remote/jobs /Users/charlesabrooker/.no-mistakes/worktrees/32d18ed9638d/01M48YDAJ274FP0KSXR35TAEYY/.live-validation/remote/checkout/bin/fm-remote-entrypoint.sh 1 L1VzZXJzL2NoYXJsZXNhYnJvb2tlci8ubm8tbWlzdGFrZXMvd29ya3RyZWVzLzMyZDE4ZWQ5NjM4ZC8wMU00OFlEQUoyNzRGUDBLU1hSMzVUQUVZWS8ubGl2ZS12YWxpZGF0aW9uL3JlbW90ZS9jaGVja291dA== L1VzZXJzL2NoYXJsZXNhYnJvb2tlci8ubm8tbWlzdGFrZXMvd29ya3RyZWVzLzMyZDE4ZWQ5NjM4ZC8wMU00OFlEQUoyNzRGUDBLU1hSMzVUQUVZWS8ubGl2ZS12YWxpZGF0aW9uL3JlbW90ZS9tYXRl Zm0tcmVtb3RlLWRlbHRhLXJlYWQuc2gAc3RhdGUvcGFyZW50LXJlcGxpZXMuc3RhdHVzADk1ADI3MDdhZTQ2YWRiMzYzZGJkN2ExMGEyOWQ1NzJkMjhkZjIxMTdkNzliNDhlYThkMzk3ZDM5MWJjMGYyMDAzZjYAMgA=
debug3: mm_request_send: entering, type 113
debug3: mm_request_receive: entering
debug3: monitor_read: checking request 113
debug3: mm_answer_audit_command: entering
debug2: fd 15 setting O_NONBLOCK
debug2: fd 14 setting O_NONBLOCK
debug2: fd 17 setting O_NONBLOCK
debug3: send packet: type 99
debug2: process_output: session QoS is now non-interactive
debug3: set_sock_tos: set socket 8 IP_TOS 0x00
debug3: receive packet: type 96
debug2: channel 0: rcvd eof
debug2: channel 0: output open -> drain
debug2: channel 0: obuf empty
debug2: chan_shutdown_write: channel 0: (i0 o1 sock -1 wfd 14 efd 17 [read])
debug2: channel 0: output drain -> closed
debug2: channel 0: read 34 from efd 17
debug2: channel 0: rwin 2097152 elen 34 euse 1
debug2: channel 0: sent ext data 34
debug2: channel 0: read failed rfd 15 maxlen 32768: Broken pipe
debug2: channel 0: read failed
debug2: chan_shutdown_read: channel 0: (i0 o3 sock -1 wfd 15 efd 17 [read])
debug2: channel 0: input open -> drain
debug2: channel 0: read 0 from efd 17
debug2: channel 0: closing read-efd 17
debug2: channel 0: ibuf empty
debug2: channel 0: send eof
debug3: send packet: type 96
debug2: channel 0: input drain -> closed
debug1: Received SIGCHLD.
debug1: session_by_pid: pid 70786
debug2: channel 0: request exit-status confirm 0
debug3: send packet: type 98
debug1: session_exit_message: session 0 channel 0 pid 70786 exit 75
debug1: session_exit_message: release channel 0
debug2: channel 0: send_close2
debug2: channel 0: send close for remote id 0
debug3: send packet: type 97
debug3: channel 0: will not send data after close
debug3: receive packet: type 97
debug2: channel 0: rcvd close
debug3: receive packet: type 1
Received disconnect from 127.0.0.1 port 49837:11: disconnected by user
Disconnected from user charlesabrooker 127.0.0.1 port 49837
debug1: do_cleanup
debug3: mm_request_receive: entering
debug3: mm_request_receive: monitor fd closed
debug1: mm_reap: child exited with status 255
debug1: do_cleanup
debug3: BSM audit: typ 0 rc 0 "sshd logout charlesabrooker"
debug3: BSM audit: writing audit new record
BSM audit: bsm_audit_record failed to write "sshd logout charlesabrooker" record: Operation not permitted
debug1: fd 7 clearing O_NONBLOCK
debug2: fd 8 setting O_NONBLOCK
debug1: Forked child 99448.
debug1: rexec start in 7 out 7 newsock 7 config_s 8/9
debug1: sshd-session version OpenSSH_10.3, LibreSSL 3.3.6
debug2: server_accept_loop: child 99448 for connection from 127.0.0.1 to 127.0.0.1 received config
debug1: network sockets: 8, 8
debug2: fd 8 setting TCP_NODELAY
debug3: set_sock_tos: set socket 8 IP_TOS 0xb8
debug3: server_process_channel_timeouts: setting 0 timeouts
debug3: channel_clear_timeouts: clearing
debug3: BSM audit: connection from 127.0.0.1 port 49852
debug3: BSM audit: iptype 4 machine ID 0100007f 00000000 00000000 00000000
Connection from 127.0.0.1 port 49852 on 127.0.0.1 port 65101
debug2: fd 8 setting O_NONBLOCK
debug2: Network child is on pid 99485
debug3: preauth child monitor started
debug3: mm_request_receive: entering
debug3: monitor_read: checking request 51
debug1: mm_answer_state: config len 580
debug3: mm_request_send: entering, type 52
debug3: mm_answer_state: done
debug2: monitor_read: 51 used once, disabling now
debug1: sshd-auth version OpenSSH_10.3, LibreSSL 3.3.6 [preauth]
debug3: server_process_channel_timeouts: setting 0 timeouts [preauth]
debug3: channel_clear_timeouts: clearing [preauth]
debug3: fd 5 is O_NONBLOCK [preauth]
debug3: ssh_sandbox_init: preparing Darwin sandbox [preauth]
debug3: ssh_sandbox_child: starting Darwin sandbox [preauth]
debug1: list_hostkey_types: ssh-ed25519 [preauth]
debug1: Local version string SSH-2.0-OpenSSH_10.3 [preauth]
debug1: Remote protocol version 2.0, remote software version OpenSSH_10.3 [preauth]
debug1: compat_banner: match: OpenSSH_10.3 pat OpenSSH* compat 0x04000000 [preauth]
debug3: mm_sshkey_setcompat: entering [preauth]
debug3: mm_request_send: entering, type 18 [preauth]
debug3: send packet: type 20 [preauth]
debug1: SSH2_MSG_KEXINIT sent [preauth]
debug3: mm_request_receive: entering
debug3: monitor_read: checking request 18
debug3: mm_answer_setcompat: entering
debug2: monitor_read: 18 used once, disabling now
debug3: receive packet: type 20 [preauth]
debug1: SSH2_MSG_KEXINIT received [preauth]
debug2: local server KEXINIT proposal [preauth]
debug2: KEX algorithms: mlkem768x25519-sha256,sntrup761x25519-sha512,sntrup761x25519-sha512@openssh.com,curve25519-sha256,curve25519-sha256@libssh.org,ecdh-sha2-nistp256,ecdh-sha2-nistp384,ecdh-sha2-nistp521,ext-info-s,kex-strict-s-v00@openssh.com [preauth]
debug2: host key algorithms: ssh-ed25519 [preauth]
debug2: ciphers ctos: chacha20-poly1305@openssh.com,aes128-gcm@openssh.com,aes256-gcm@openssh.com,aes128-ctr,aes192-ctr,aes256-ctr [preauth]
debug2: ciphers stoc: chacha20-poly1305@openssh.com,aes128-gcm@openssh.com,aes256-gcm@openssh.com,aes128-ctr,aes192-ctr,aes256-ctr [preauth]
debug2: MACs ctos: umac-64-etm@openssh.com,umac-128-etm@openssh.com,hmac-sha2-256-etm@openssh.com,hmac-sha2-512-etm@openssh.com,hmac-sha1-etm@openssh.com,umac-64@openssh.com,umac-128@openssh.com,hmac-sha2-256,hmac-sha2-512,hmac-sha1 [preauth]
debug2: MACs stoc: umac-64-etm@openssh.com,umac-128-etm@openssh.com,hmac-sha2-256-etm@openssh.com,hmac-sha2-512-etm@openssh.com,hmac-sha1-etm@openssh.com,umac-64@openssh.com,umac-128@openssh.com,hmac-sha2-256,hmac-sha2-512,hmac-sha1 [preauth]
debug2: compression ctos: none,zlib@openssh.com [preauth]
debug2: compression stoc: none,zlib@openssh.com [preauth]
debug2: languages ctos:  [preauth]
debug2: languages stoc:  [preauth]
debug2: first_kex_follows 0  [preauth]
debug2: reserved 0  [preauth]
debug2: peer client KEXINIT proposal [preauth]
debug2: KEX algorithms: mlkem768x25519-sha256,sntrup761x25519-sha512,sntrup761x25519-sha512@openssh.com,curve25519-sha256,curve25519-sha256@libssh.org,ecdh-sha2-nistp256,ecdh-sha2-nistp384,ecdh-sha2-nistp521,diffie-hellman-group-exchange-sha256,diffie-hellman-group16-sha512,diffie-hellman-group18-sha512,diffie-hellman-group14-sha256,ext-info-c,kex-strict-c-v00@openssh.com [preauth]
debug2: host key algorithms: ssh-ed25519-cert-v01@openssh.com,ecdsa-sha2-nistp256-cert-v01@openssh.com,ecdsa-sha2-nistp384-cert-v01@openssh.com,ecdsa-sha2-nistp521-cert-v01@openssh.com,sk-ssh-ed25519-cert-v01@openssh.com,sk-ecdsa-sha2-nistp256-cert-v01@openssh.com,webauthn-sk-ecdsa-sha2-nistp256-cert-v01@openssh.com,rsa-sha2-512-cert-v01@openssh.com,rsa-sha2-256-cert-v01@openssh.com,ssh-ed25519,ecdsa-sha2-nistp256,ecdsa-sha2-nistp384,ecdsa-sha2-nistp521,sk-ssh-ed25519@openssh.com,sk-ecdsa-sha2-nistp256@openssh.com,webauthn-sk-ecdsa-sha2-nistp256@openssh.com,rsa-sha2-512,rsa-sha2-256 [preauth]
debug2: ciphers ctos: chacha20-poly1305@openssh.com,aes128-gcm@openssh.com,aes256-gcm@openssh.com,aes128-ctr,aes192-ctr,aes256-ctr [preauth]
debug2: ciphers stoc: chacha20-poly1305@openssh.com,aes128-gcm@openssh.com,aes256-gcm@openssh.com,aes128-ctr,aes192-ctr,aes256-ctr [preauth]
debug2: MACs ctos: umac-64-etm@openssh.com,umac-128-etm@openssh.com,hmac-sha2-256-etm@openssh.com,hmac-sha2-512-etm@openssh.com,hmac-sha1-etm@openssh.com,umac-64@openssh.com,umac-128@openssh.com,hmac-sha2-256,hmac-sha2-512,hmac-sha1 [preauth]
debug2: MACs stoc: umac-64-etm@openssh.com,umac-128-etm@openssh.com,hmac-sha2-256-etm@openssh.com,hmac-sha2-512-etm@openssh.com,hmac-sha1-etm@openssh.com,umac-64@openssh.com,umac-128@openssh.com,hmac-sha2-256,hmac-sha2-512,hmac-sha1 [preauth]
debug2: compression ctos: none,zlib@openssh.com [preauth]
debug2: compression stoc: none,zlib@openssh.com [preauth]
debug2: languages ctos:  [preauth]
debug2: languages stoc:  [preauth]
debug2: first_kex_follows 0  [preauth]
debug2: reserved 0  [preauth]
debug3: kex_choose_conf: will use strict KEX ordering [preauth]
debug1: kex: algorithm: mlkem768x25519-sha256 [preauth]
debug1: kex: host key algorithm: ssh-ed25519 [preauth]
debug1: kex: client->server cipher: chacha20-poly1305@openssh.com MAC: <implicit> compression: none [preauth]
debug1: kex: server->client cipher: chacha20-poly1305@openssh.com MAC: <implicit> compression: none [preauth]
debug1: expecting SSH2_MSG_KEX_ECDH_INIT [preauth]
debug3: receive packet: type 30 [preauth]
debug1: SSH2_MSG_KEX_ECDH_INIT received [preauth]
debug3: mm_sshkey_sign: entering [preauth]
debug3: mm_request_send: entering, type 6 [preauth]
debug3: mm_sshkey_sign: waiting for MONITOR_ANS_SIGN [preauth]
debug3: mm_request_receive_expect: entering, type 7 [preauth]
debug3: mm_request_receive: entering [preauth]
debug3: mm_request_receive: entering
debug3: monitor_read: checking request 6
debug3: mm_answer_sign: entering
debug1: mm_answer_sign: hostkey ssh-ed25519 index 0
debug3: mm_answer_sign: ssh-ed25519 KEX signature len=83
debug3: mm_request_send: entering, type 7
debug2: monitor_read: 6 used once, disabling now
debug3: mm_sshkey_sign: ssh-ed25519 signature len=83 [preauth]
debug3: send packet: type 31 [preauth]
debug3: send packet: type 21 [preauth]
debug1: ssh_packet_send2_wrapped: resetting send seqnr 3 [preauth]
debug2: ssh_set_newkeys: mode 1 [preauth]
debug1: rekey out after 134217728 blocks [preauth]
debug1: SSH2_MSG_NEWKEYS sent [preauth]
debug1: Sending SSH2_MSG_EXT_INFO [preauth]
debug3: send packet: type 7 [preauth]
debug1: expecting SSH2_MSG_NEWKEYS [preauth]
debug3: receive packet: type 21 [preauth]
debug1: ssh_packet_read_poll2: resetting read seqnr 3 [preauth]
debug1: SSH2_MSG_NEWKEYS received [preauth]
debug2: ssh_set_newkeys: mode 0 [preauth]
debug1: rekey in after 134217728 blocks [preauth]
debug2: KEX algorithms: mlkem768x25519-sha256,sntrup761x25519-sha512,sntrup761x25519-sha512@openssh.com,curve25519-sha256,curve25519-sha256@libssh.org,ecdh-sha2-nistp256,ecdh-sha2-nistp384,ecdh-sha2-nistp521,ext-info-s,kex-strict-s-v00@openssh.com [preauth]
debug2: host key algorithms: ssh-ed25519 [preauth]
debug2: ciphers ctos: chacha20-poly1305@openssh.com,aes128-gcm@openssh.com,aes256-gcm@openssh.com,aes128-ctr,aes192-ctr,aes256-ctr [preauth]
debug2: ciphers stoc: chacha20-poly1305@openssh.com,aes128-gcm@openssh.com,aes256-gcm@openssh.com,aes128-ctr,aes192-ctr,aes256-ctr [preauth]
debug2: MACs ctos: umac-64-etm@openssh.com,umac-128-etm@openssh.com,hmac-sha2-256-etm@openssh.com,hmac-sha2-512-etm@openssh.com,hmac-sha1-etm@openssh.com,umac-64@openssh.com,umac-128@openssh.com,hmac-sha2-256,hmac-sha2-512,hmac-sha1 [preauth]
debug2: MACs stoc: umac-64-etm@openssh.com,umac-128-etm@openssh.com,hmac-sha2-256-etm@openssh.com,hmac-sha2-512-etm@openssh.com,hmac-sha1-etm@openssh.com,umac-64@openssh.com,umac-128@openssh.com,hmac-sha2-256,hmac-sha2-512,hmac-sha1 [preauth]
debug2: compression ctos: none,zlib@openssh.com [preauth]
debug2: compression stoc: none,zlib@openssh.com [preauth]
debug2: languages ctos:  [preauth]
debug2: languages stoc:  [preauth]
debug2: first_kex_follows 0  [preauth]
debug2: reserved 0  [preauth]
debug1: KEX done [preauth]
debug3: receive packet: type 7 [preauth]
debug1: SSH2_MSG_EXT_INFO received [preauth]
debug3: kex_input_ext_info: extension ext-info-in-auth@openssh.com [preauth]
debug1: kex_ext_info_check_ver: ext-info-in-auth@openssh.com=<0> [preauth]
debug3: receive packet: type 5 [preauth]
debug3: send packet: type 6 [preauth]
debug3: receive packet: type 50 [preauth]
debug1: userauth-request for user charlesabrooker service ssh-connection method none [preauth]
debug1: attempt 0 failures 0 [preauth]
debug3: mm_getpwnamallow: entering [preauth]
debug3: mm_request_send: entering, type 8 [preauth]
debug3: mm_getpwnamallow: waiting for MONITOR_ANS_PWNAM [preauth]
debug3: mm_request_receive_expect: entering, type 9 [preauth]
debug3: mm_request_receive: entering [preauth]
debug3: mm_request_receive: entering
debug3: monitor_read: checking request 8
debug3: mm_answer_pwnamallow: entering
debug2: parse_server_config_depth: config reprocess config len 580
debug3: auth2_setup_methods_lists: checking methods
debug1: authentication methods list 0: publickey
debug3: mm_answer_pwnamallow: sending MONITOR_ANS_PWNAM: 1
debug3: mm_request_send: entering, type 9
debug2: monitor_read: 8 used once, disabling now
debug3: server_process_channel_timeouts: setting 0 timeouts [preauth]
debug3: channel_clear_timeouts: clearing [preauth]
debug2: input_userauth_request: setting up authctxt for charlesabrooker [preauth]
debug3: mm_inform_authserv: entering [preauth]
debug3: mm_request_send: entering, type 4 [preauth]
debug1: kex_server_update_ext_info: Sending SSH2_MSG_EXT_INFO [preauth]
debug3: send packet: type 7 [preauth]
debug3: auth2_setup_methods_lists: checking methods [preauth]
debug1: authentication methods list 0: publickey [preauth]
debug3: authmethod_lookup: method none not allowed by AuthenticationMethods [preauth]
debug3: userauth_finish: failure partial=0 next methods="publickey" [preauth]
debug3: send packet: type 51 [preauth]
debug3: mm_request_receive: entering
debug3: monitor_read: checking request 4
debug3: mm_answer_authserv: service=ssh-connection, style=
debug2: monitor_read: 4 used once, disabling now
debug3: receive packet: type 50 [preauth]
debug1: userauth-request for user charlesabrooker service ssh-connection method publickey [preauth]
debug1: attempt 1 failures 0 [preauth]
debug2: input_userauth_request: try method publickey [preauth]
debug2: userauth_pubkey: valid user charlesabrooker querying public key ssh-ed25519 AAAAC3NzaC1lZDI1NTE5AAAAIC29h5YAq/Tle+j2rirq6Xj2QUBhQHpieTMA6puP9ciD [preauth]
debug1: userauth_pubkey: publickey test pkalg ssh-ed25519 pkblob ED25519 SHA256:7sc69UbnYCiAFxuqzOSgt6nekJytNEARRE5FlH7yor0 [preauth]
debug3: mm_key_allowed: entering [preauth]
debug3: mm_request_send: entering, type 22 [preauth]
debug3: mm_key_allowed: waiting for MONITOR_ANS_KEYALLOWED [preauth]
debug3: mm_request_receive_expect: entering, type 23 [preauth]
debug3: mm_request_receive: entering [preauth]
debug3: mm_request_receive: entering
debug3: monitor_read: checking request 22
debug3: mm_answer_keyallowed: entering
debug1: temporarily_use_uid: 501/20 (e=501/20)
debug1: restore_uid: (unprivileged)
debug1: temporarily_use_uid: 501/20 (e=501/20)
debug1: trying public key file /Users/charlesabrooker/.no-mistakes/worktrees/32d18ed9638d/01M48YDAJ274FP0KSXR35TAEYY/.live-validation/remote/user.pub
debug1: fd 9 clearing O_NONBLOCK
debug1: /Users/charlesabrooker/.no-mistakes/worktrees/32d18ed9638d/01M48YDAJ274FP0KSXR35TAEYY/.live-validation/remote/user.pub:1: matching key found: ED25519 SHA256:7sc69UbnYCiAFxuqzOSgt6nekJytNEARRE5FlH7yor0
debug1: /Users/charlesabrooker/.no-mistakes/worktrees/32d18ed9638d/01M48YDAJ274FP0KSXR35TAEYY/.live-validation/remote/user.pub:1: key options: agent-forwarding port-forwarding pty user-rc x11-forwarding
debug3: /Users/charlesabrooker/.no-mistakes/worktrees/32d18ed9638d/01M48YDAJ274FP0KSXR35TAEYY/.live-validation/remote/user.pub:1: key options: agent-forwarding port-forwarding pty user-rc x11-forwarding
Accepted key ED25519 SHA256:7sc69UbnYCiAFxuqzOSgt6nekJytNEARRE5FlH7yor0 found at /Users/charlesabrooker/.no-mistakes/worktrees/32d18ed9638d/01M48YDAJ274FP0KSXR35TAEYY/.live-validation/remote/user.pub:1
debug2: auth_check_authkeys_file: /Users/charlesabrooker/.no-mistakes/worktrees/32d18ed9638d/01M48YDAJ274FP0KSXR35TAEYY/.live-validation/remote/user.pub: processed 1/1 lines
debug1: restore_uid: (unprivileged)
debug3: mm_answer_keyallowed: publickey authentication test: ED25519 key is allowed
debug3: mm_request_send: entering, type 23
debug3: send packet: type 60 [preauth]
debug2: userauth_pubkey: authenticated 0 pkalg ssh-ed25519 [preauth]
debug3: user_specific_delay: user specific delay 1.237ms [preauth]
debug3: ensure_minimum_time_since: elapsed 0.346ms, delaying 5.891ms (requested 6.237ms) [preauth]
Postponed publickey for charlesabrooker from 127.0.0.1 port 49852 ssh2 [preauth]
debug3: receive packet: type 50 [preauth]
debug1: userauth-request for user charlesabrooker service ssh-connection method publickey-hostbound-v00@openssh.com [preauth]
debug1: attempt 2 failures 0 [preauth]
debug2: input_userauth_request: try method publickey-hostbound-v00@openssh.com [preauth]
debug2: userauth_pubkey: valid user charlesabrooker attempting public key ssh-ed25519 AAAAC3NzaC1lZDI1NTE5AAAAIC29h5YAq/Tle+j2rirq6Xj2QUBhQHpieTMA6puP9ciD [preauth]
debug3: userauth_pubkey: publickey-hostbound-v00@openssh.com have ssh-ed25519 signature for ED25519 SHA256:7sc69UbnYCiAFxuqzOSgt6nekJytNEARRE5FlH7yor0 [preauth]
debug3: mm_key_allowed: entering [preauth]
debug3: mm_request_send: entering, type 22 [preauth]
debug3: mm_key_allowed: waiting for MONITOR_ANS_KEYALLOWED [preauth]
debug3: mm_request_receive_expect: entering, type 23 [preauth]
debug3: mm_request_receive: entering [preauth]
debug3: mm_request_receive: entering
debug3: monitor_read: checking request 22
debug3: mm_answer_keyallowed: entering
debug1: temporarily_use_uid: 501/20 (e=501/20)
debug1: restore_uid: (unprivileged)
debug1: temporarily_use_uid: 501/20 (e=501/20)
debug1: trying public key file /Users/charlesabrooker/.no-mistakes/worktrees/32d18ed9638d/01M48YDAJ274FP0KSXR35TAEYY/.live-validation/remote/user.pub
debug1: fd 9 clearing O_NONBLOCK
debug1: /Users/charlesabrooker/.no-mistakes/worktrees/32d18ed9638d/01M48YDAJ274FP0KSXR35TAEYY/.live-validation/remote/user.pub:1: matching key found: ED25519 SHA256:7sc69UbnYCiAFxuqzOSgt6nekJytNEARRE5FlH7yor0
debug1: /Users/charlesabrooker/.no-mistakes/worktrees/32d18ed9638d/01M48YDAJ274FP0KSXR35TAEYY/.live-validation/remote/user.pub:1: key options: agent-forwarding port-forwarding pty user-rc x11-forwarding
debug3: /Users/charlesabrooker/.no-mistakes/worktrees/32d18ed9638d/01M48YDAJ274FP0KSXR35TAEYY/.live-validation/remote/user.pub:1: key options: agent-forwarding port-forwarding pty user-rc x11-forwarding
Accepted key ED25519 SHA256:7sc69UbnYCiAFxuqzOSgt6nekJytNEARRE5FlH7yor0 found at /Users/charlesabrooker/.no-mistakes/worktrees/32d18ed9638d/01M48YDAJ274FP0KSXR35TAEYY/.live-validation/remote/user.pub:1
debug2: auth_check_authkeys_file: /Users/charlesabrooker/.no-mistakes/worktrees/32d18ed9638d/01M48YDAJ274FP0KSXR35TAEYY/.live-validation/remote/user.pub: processed 1/1 lines
debug1: restore_uid: (unprivileged)
debug3: mm_answer_keyallowed: publickey authentication: ED25519 key is allowed
debug3: mm_request_send: entering, type 23
debug3: mm_sshkey_verify: entering [preauth]
debug3: mm_request_send: entering, type 24 [preauth]
debug3: mm_sshkey_verify: waiting for MONITOR_ANS_KEYVERIFY [preauth]
debug3: mm_request_receive_expect: entering, type 25 [preauth]
debug3: mm_request_receive: entering [preauth]
debug3: mm_request_receive: entering
debug3: monitor_read: checking request 24
debug3: mm_answer_keyverify: publickey ED25519 signature using ssh-ed25519 verified
debug1: auth_activate_options: setting new authentication options
debug3: mm_request_send: entering, type 25
debug3: auth2_update_methods_lists: updating methods list after "publickey"
debug2: authentication methods list 0 complete
Accepted publickey for charlesabrooker from 127.0.0.1 port 49852 ssh2: ED25519 SHA256:7sc69UbnYCiAFxuqzOSgt6nekJytNEARRE5FlH7yor0
debug1: monitor_child_preauth: user charlesabrooker authenticated by privileged process
debug3: mm_get_keystate: Waiting for new keys
debug3: mm_request_receive_expect: entering, type 26
debug3: mm_request_receive: entering
debug3: mm_get_keystate: GOT new keys
debug1: auth_activate_options: setting new authentication options [preauth]
debug2: userauth_pubkey: authenticated 1 pkalg ssh-ed25519 [preauth]
debug3: user_specific_delay: user specific delay 1.237ms [preauth]
debug3: ensure_minimum_time_since: elapsed 2.241ms, delaying 3.996ms (requested 6.237ms) [preauth]
debug3: auth2_update_methods_lists: updating methods list after "publickey" [preauth]
debug2: authentication methods list 0 complete [preauth]
debug3: send packet: type 52 [preauth]
debug3: mm_request_send: entering, type 26 [preauth]
debug3: mm_send_keystate: Finished sending state [preauth]
debug1: monitor_read_log: child log fd closed
debug3: monitor_child_preauth: preauth child 99485 terminated successfully
debug2: server_accept_loop: child 99448 for connection from 127.0.0.1 to 127.0.0.1 auth done
debug1: child_close: enter (forcing)
BSM audit: bsm_audit_session_setup: setaudit_addr failed: Operation not permitted
debug3: BSM audit: typ 0 rc 0 "successful login charlesabrooker"
debug3: BSM audit: writing audit new record
BSM audit: bsm_audit_record failed to write "successful login charlesabrooker" record: Operation not permitted
User child is on pid 99717
debug3: monitor_apply_keystate: packet_set_state
debug2: ssh_set_newkeys: mode 0
debug1: rekey in after 134217728 blocks
debug2: ssh_set_newkeys: mode 1
debug1: rekey out after 134217728 blocks
debug1: ssh_packet_set_postauth: called
debug3: ssh_packet_set_state: done
debug3: notify_hostkeys: key 0: ssh-ed25519 SHA256:WwiWglN1fa9aE2Tl8g9MALW85mRMZENG58raojQZH9g
debug3: notify_hostkeys: sent 1 hostkeys
debug3: send packet: type 80
debug1: active: key options: agent-forwarding port-forwarding pty user-rc x11-forwarding
debug3: sending debug message: /Users/charlesabrooker/.no-mistakes/worktrees/32d18ed9638d/01M48YDAJ274FP0KSXR35TAEYY/.live-validation/remote/user.pub:1: key options: agent-forwarding port-forwarding pty user-rc x11-forwarding
debug3: send packet: type 4
debug3: sending debug message: /Users/charlesabrooker/.no-mistakes/worktrees/32d18ed9638d/01M48YDAJ274FP0KSXR35TAEYY/.live-validation/remote/user.pub:1: key options: agent-forwarding port-forwarding pty user-rc x11-forwarding
debug3: send packet: type 4
debug1: Entering interactive session for SSH2.
debug1: server_init_dispatch
debug3: receive packet: type 90
debug1: server_input_channel_open: ctype session rchan 0 win 2097152 max 32768
debug1: input_session_request
debug1: channel 0: new session [server-session] (inactive timeout: 0)
debug2: session_new: allocate (allocated 0 max 10)
debug3: session_unused: session id 0 unused
debug1: session_new: session 0
debug1: session_open: channel 0
debug1: session_open: session 0: link with channel 0
debug1: server_input_channel_open: confirm session
debug3: send packet: type 91
debug3: receive packet: type 80
debug1: server_input_global_request: rtype no-more-sessions@openssh.com want_reply 0
debug2: process_output: session QoS is now interactive
debug3: set_sock_tos: set socket 8 IP_TOS 0xb8
debug3: receive packet: type 98
debug1: server_input_channel_req: channel 0 request env reply 0
debug1: session_by_channel: session 0 channel 0
debug1: session_input_channel_req: session 0 req env
debug2: Ignoring env request LANG: disallowed name
debug3: receive packet: type 98
debug1: server_input_channel_req: channel 0 request exec reply 1
debug1: session_by_channel: session 0 channel 0
debug1: session_input_channel_req: session 0 req exec
debug2: channel_set_xtype: labeled channel 0 as session:command (inactive timeout 0)
Starting session: command for charlesabrooker from 127.0.0.1 port 49852 id 0
debug3: mm_audit_run_command: entering command /usr/bin/env FM_REMOTE_JOB_PLATFORM_OVERRIDE=Linux FM_REMOTE_JOB_STATE_ROOT=/Users/charlesabrooker/.no-mistakes/worktrees/32d18ed9638d/01M48YDAJ274FP0KSXR35TAEYY/.live-validation/remote/jobs /Users/charlesabrooker/.no-mistakes/worktrees/32d18ed9638d/01M48YDAJ274FP0KSXR35TAEYY/.live-validation/remote/checkout/bin/fm-remote-entrypoint.sh 1 L1VzZXJzL2NoYXJsZXNhYnJvb2tlci8ubm8tbWlzdGFrZXMvd29ya3RyZWVzLzMyZDE4ZWQ5NjM4ZC8wMU00OFlEQUoyNzRGUDBLU1hSMzVUQUVZWS8ubGl2ZS12YWxpZGF0aW9uL3JlbW90ZS9jaGVja291dA== L1VzZXJzL2NoYXJsZXNhYnJvb2tlci8ubm8tbWlzdGFrZXMvd29ya3RyZWVzLzMyZDE4ZWQ5NjM4ZC8wMU00OFlEQUoyNzRGUDBLU1hSMzVUQUVZWS8ubGl2ZS12YWxpZGF0aW9uL3JlbW90ZS9tYXRl Zm0tcmVtb3RlLWRlbHRhLXJlYWQuc2gAc3RhdGUvcGFyZW50LXJlcGxpZXMuc3RhdHVzADk1ADI3MDdhZTQ2YWRiMzYzZGJkN2ExMGEyOWQ1NzJkMjhkZjIxMTdkNzliNDhlYThkMzk3ZDM5MWJjMGYyMDAzZjYAMgA=
debug3: mm_request_send: entering, type 113
debug3: mm_request_receive: entering
debug3: monitor_read: checking request 113
debug3: mm_answer_audit_command: entering
debug2: fd 15 setting O_NONBLOCK
debug2: fd 14 setting O_NONBLOCK
debug2: fd 17 setting O_NONBLOCK
debug3: send packet: type 99
debug2: process_output: session QoS is now non-interactive
debug3: set_sock_tos: set socket 8 IP_TOS 0x00
debug3: receive packet: type 96
debug2: channel 0: rcvd eof
debug2: channel 0: output open -> drain
debug2: channel 0: obuf empty
debug2: chan_shutdown_write: channel 0: (i0 o1 sock -1 wfd 14 efd 17 [read])
debug2: channel 0: output drain -> closed
debug2: channel 0: read 34 from efd 17
debug2: channel 0: rwin 2097152 elen 34 euse 1
debug2: channel 0: sent ext data 34
debug2: channel 0: read failed rfd 15 maxlen 32768: Broken pipe
debug2: channel 0: read failed
debug2: chan_shutdown_read: channel 0: (i0 o3 sock -1 wfd 15 efd 17 [read])
debug2: channel 0: input open -> drain
debug2: channel 0: read 0 from efd 17
debug2: channel 0: closing read-efd 17
debug2: channel 0: ibuf empty
debug2: channel 0: send eof
debug3: send packet: type 96
debug2: channel 0: input drain -> closed
debug1: Received SIGCHLD.
debug1: session_by_pid: pid 99725
debug2: channel 0: request exit-status confirm 0
debug3: send packet: type 98
debug1: session_exit_message: session 0 channel 0 pid 99725 exit 75
debug1: session_exit_message: release channel 0
debug2: channel 0: send_close2
debug2: channel 0: send close for remote id 0
debug3: send packet: type 97
debug3: channel 0: will not send data after close
debug3: receive packet: type 97
debug2: channel 0: rcvd close
debug3: receive packet: type 1
Received disconnect from 127.0.0.1 port 49852:11: disconnected by user
Disconnected from user charlesabrooker 127.0.0.1 port 49852
debug1: do_cleanup
debug3: mm_request_receive: entering
debug3: mm_request_receive: monitor fd closed
debug1: mm_reap: child exited with status 255
debug1: do_cleanup
debug3: BSM audit: typ 0 rc 0 "sshd logout charlesabrooker"
debug3: BSM audit: writing audit new record
BSM audit: bsm_audit_record failed to write "sshd logout charlesabrooker" record: Operation not permitted
debug1: fd 7 clearing O_NONBLOCK
debug2: fd 8 setting O_NONBLOCK
debug1: rexec start in 7 out 7 newsock 7 config_s 8/9
debug1: Forked child 37717.
debug1: sshd-session version OpenSSH_10.3, LibreSSL 3.3.6
debug1: network sockets: 8, 8
debug2: fd 8 setting TCP_NODELAY
debug3: set_sock_tos: set socket 8 IP_TOS 0xb8
debug3: server_process_channel_timeouts: setting 0 timeouts
debug3: channel_clear_timeouts: clearing
debug3: BSM audit: connection from 127.0.0.1 port 49900
debug3: BSM audit: iptype 4 machine ID 0100007f 00000000 00000000 00000000
Connection from 127.0.0.1 port 49900 on 127.0.0.1 port 65101
debug2: fd 8 setting O_NONBLOCK
debug2: Network child is on pid 37878
debug3: preauth child monitor started
debug2: server_accept_loop: child 37717 for connection from 127.0.0.1 to 127.0.0.1 received config
debug3: mm_request_receive: entering
debug3: monitor_read: checking request 51
debug1: mm_answer_state: config len 580
debug3: mm_request_send: entering, type 52
debug3: mm_answer_state: done
debug2: monitor_read: 51 used once, disabling now
debug1: sshd-auth version OpenSSH_10.3, LibreSSL 3.3.6 [preauth]
debug3: server_process_channel_timeouts: setting 0 timeouts [preauth]
debug3: channel_clear_timeouts: clearing [preauth]
debug3: fd 5 is O_NONBLOCK [preauth]
debug3: ssh_sandbox_init: preparing Darwin sandbox [preauth]
debug3: ssh_sandbox_child: starting Darwin sandbox [preauth]
debug1: list_hostkey_types: ssh-ed25519 [preauth]
debug1: Local version string SSH-2.0-OpenSSH_10.3 [preauth]
debug1: Remote protocol version 2.0, remote software version OpenSSH_10.3 [preauth]
debug1: compat_banner: match: OpenSSH_10.3 pat OpenSSH* compat 0x04000000 [preauth]
debug3: mm_sshkey_setcompat: entering [preauth]
debug3: mm_request_send: entering, type 18 [preauth]
debug3: send packet: type 20 [preauth]
debug1: SSH2_MSG_KEXINIT sent [preauth]
debug3: mm_request_receive: entering
debug3: monitor_read: checking request 18
debug3: mm_answer_setcompat: entering
debug2: monitor_read: 18 used once, disabling now
debug3: receive packet: type 20 [preauth]
debug1: SSH2_MSG_KEXINIT received [preauth]
debug2: local server KEXINIT proposal [preauth]
debug2: KEX algorithms: mlkem768x25519-sha256,sntrup761x25519-sha512,sntrup761x25519-sha512@openssh.com,curve25519-sha256,curve25519-sha256@libssh.org,ecdh-sha2-nistp256,ecdh-sha2-nistp384,ecdh-sha2-nistp521,ext-info-s,kex-strict-s-v00@openssh.com [preauth]
debug2: host key algorithms: ssh-ed25519 [preauth]
debug2: ciphers ctos: chacha20-poly1305@openssh.com,aes128-gcm@openssh.com,aes256-gcm@openssh.com,aes128-ctr,aes192-ctr,aes256-ctr [preauth]
debug2: ciphers stoc: chacha20-poly1305@openssh.com,aes128-gcm@openssh.com,aes256-gcm@openssh.com,aes128-ctr,aes192-ctr,aes256-ctr [preauth]
debug2: MACs ctos: umac-64-etm@openssh.com,umac-128-etm@openssh.com,hmac-sha2-256-etm@openssh.com,hmac-sha2-512-etm@openssh.com,hmac-sha1-etm@openssh.com,umac-64@openssh.com,umac-128@openssh.com,hmac-sha2-256,hmac-sha2-512,hmac-sha1 [preauth]
debug2: MACs stoc: umac-64-etm@openssh.com,umac-128-etm@openssh.com,hmac-sha2-256-etm@openssh.com,hmac-sha2-512-etm@openssh.com,hmac-sha1-etm@openssh.com,umac-64@openssh.com,umac-128@openssh.com,hmac-sha2-256,hmac-sha2-512,hmac-sha1 [preauth]
debug2: compression ctos: none,zlib@openssh.com [preauth]
debug2: compression stoc: none,zlib@openssh.com [preauth]
debug2: languages ctos:  [preauth]
debug2: languages stoc:  [preauth]
debug2: first_kex_follows 0  [preauth]
debug2: reserved 0  [preauth]
debug2: peer client KEXINIT proposal [preauth]
debug2: KEX algorithms: mlkem768x25519-sha256,sntrup761x25519-sha512,sntrup761x25519-sha512@openssh.com,curve25519-sha256,curve25519-sha256@libssh.org,ecdh-sha2-nistp256,ecdh-sha2-nistp384,ecdh-sha2-nistp521,diffie-hellman-group-exchange-sha256,diffie-hellman-group16-sha512,diffie-hellman-group18-sha512,diffie-hellman-group14-sha256,ext-info-c,kex-strict-c-v00@openssh.com [preauth]
debug2: host key algorithms: ssh-ed25519-cert-v01@openssh.com,ecdsa-sha2-nistp256-cert-v01@openssh.com,ecdsa-sha2-nistp384-cert-v01@openssh.com,ecdsa-sha2-nistp521-cert-v01@openssh.com,sk-ssh-ed25519-cert-v01@openssh.com,sk-ecdsa-sha2-nistp256-cert-v01@openssh.com,webauthn-sk-ecdsa-sha2-nistp256-cert-v01@openssh.com,rsa-sha2-512-cert-v01@openssh.com,rsa-sha2-256-cert-v01@openssh.com,ssh-ed25519,ecdsa-sha2-nistp256,ecdsa-sha2-nistp384,ecdsa-sha2-nistp521,sk-ssh-ed25519@openssh.com,sk-ecdsa-sha2-nistp256@openssh.com,webauthn-sk-ecdsa-sha2-nistp256@openssh.com,rsa-sha2-512,rsa-sha2-256 [preauth]
debug2: ciphers ctos: chacha20-poly1305@openssh.com,aes128-gcm@openssh.com,aes256-gcm@openssh.com,aes128-ctr,aes192-ctr,aes256-ctr [preauth]
debug2: ciphers stoc: chacha20-poly1305@openssh.com,aes128-gcm@openssh.com,aes256-gcm@openssh.com,aes128-ctr,aes192-ctr,aes256-ctr [preauth]
debug2: MACs ctos: umac-64-etm@openssh.com,umac-128-etm@openssh.com,hmac-sha2-256-etm@openssh.com,hmac-sha2-512-etm@openssh.com,hmac-sha1-etm@openssh.com,umac-64@openssh.com,umac-128@openssh.com,hmac-sha2-256,hmac-sha2-512,hmac-sha1 [preauth]
debug2: MACs stoc: umac-64-etm@openssh.com,umac-128-etm@openssh.com,hmac-sha2-256-etm@openssh.com,hmac-sha2-512-etm@openssh.com,hmac-sha1-etm@openssh.com,umac-64@openssh.com,umac-128@openssh.com,hmac-sha2-256,hmac-sha2-512,hmac-sha1 [preauth]
debug2: compression ctos: none,zlib@openssh.com [preauth]
debug2: compression stoc: none,zlib@openssh.com [preauth]
debug2: languages ctos:  [preauth]
debug2: languages stoc:  [preauth]
debug2: first_kex_follows 0  [preauth]
debug2: reserved 0  [preauth]
debug3: kex_choose_conf: will use strict KEX ordering [preauth]
debug1: kex: algorithm: mlkem768x25519-sha256 [preauth]
debug1: kex: host key algorithm: ssh-ed25519 [preauth]
debug1: kex: client->server cipher: chacha20-poly1305@openssh.com MAC: <implicit> compression: none [preauth]
debug1: kex: server->client cipher: chacha20-poly1305@openssh.com MAC: <implicit> compression: none [preauth]
debug1: expecting SSH2_MSG_KEX_ECDH_INIT [preauth]
debug3: receive packet: type 30 [preauth]
debug1: SSH2_MSG_KEX_ECDH_INIT received [preauth]
debug3: mm_sshkey_sign: entering [preauth]
debug3: mm_request_send: entering, type 6 [preauth]
debug3: mm_sshkey_sign: waiting for MONITOR_ANS_SIGN [preauth]
debug3: mm_request_receive_expect: entering, type 7 [preauth]
debug3: mm_request_receive: entering [preauth]
debug3: mm_request_receive: entering
debug3: monitor_read: checking request 6
debug3: mm_answer_sign: entering
debug1: mm_answer_sign: hostkey ssh-ed25519 index 0
debug3: mm_answer_sign: ssh-ed25519 KEX signature len=83
debug3: mm_request_send: entering, type 7
debug2: monitor_read: 6 used once, disabling now
debug3: mm_sshkey_sign: ssh-ed25519 signature len=83 [preauth]
debug3: send packet: type 31 [preauth]
debug3: send packet: type 21 [preauth]
debug1: ssh_packet_send2_wrapped: resetting send seqnr 3 [preauth]
debug2: ssh_set_newkeys: mode 1 [preauth]
debug1: rekey out after 134217728 blocks [preauth]
debug1: SSH2_MSG_NEWKEYS sent [preauth]
debug1: Sending SSH2_MSG_EXT_INFO [preauth]
debug3: send packet: type 7 [preauth]
debug1: expecting SSH2_MSG_NEWKEYS [preauth]
debug3: receive packet: type 21 [preauth]
debug1: ssh_packet_read_poll2: resetting read seqnr 3 [preauth]
debug1: SSH2_MSG_NEWKEYS received [preauth]
debug2: ssh_set_newkeys: mode 0 [preauth]
debug1: rekey in after 134217728 blocks [preauth]
debug2: KEX algorithms: mlkem768x25519-sha256,sntrup761x25519-sha512,sntrup761x25519-sha512@openssh.com,curve25519-sha256,curve25519-sha256@libssh.org,ecdh-sha2-nistp256,ecdh-sha2-nistp384,ecdh-sha2-nistp521,ext-info-s,kex-strict-s-v00@openssh.com [preauth]
debug2: host key algorithms: ssh-ed25519 [preauth]
debug2: ciphers ctos: chacha20-poly1305@openssh.com,aes128-gcm@openssh.com,aes256-gcm@openssh.com,aes128-ctr,aes192-ctr,aes256-ctr [preauth]
debug2: ciphers stoc: chacha20-poly1305@openssh.com,aes128-gcm@openssh.com,aes256-gcm@openssh.com,aes128-ctr,aes192-ctr,aes256-ctr [preauth]
debug2: MACs ctos: umac-64-etm@openssh.com,umac-128-etm@openssh.com,hmac-sha2-256-etm@openssh.com,hmac-sha2-512-etm@openssh.com,hmac-sha1-etm@openssh.com,umac-64@openssh.com,umac-128@openssh.com,hmac-sha2-256,hmac-sha2-512,hmac-sha1 [preauth]
debug2: MACs stoc: umac-64-etm@openssh.com,umac-128-etm@openssh.com,hmac-sha2-256-etm@openssh.com,hmac-sha2-512-etm@openssh.com,hmac-sha1-etm@openssh.com,umac-64@openssh.com,umac-128@openssh.com,hmac-sha2-256,hmac-sha2-512,hmac-sha1 [preauth]
debug2: compression ctos: none,zlib@openssh.com [preauth]
debug2: compression stoc: none,zlib@openssh.com [preauth]
debug2: languages ctos:  [preauth]
debug2: languages stoc:  [preauth]
debug2: first_kex_follows 0  [preauth]
debug2: reserved 0  [preauth]
debug1: KEX done [preauth]
debug3: receive packet: type 7 [preauth]
debug1: SSH2_MSG_EXT_INFO received [preauth]
debug3: kex_input_ext_info: extension ext-info-in-auth@openssh.com [preauth]
debug1: kex_ext_info_check_ver: ext-info-in-auth@openssh.com=<0> [preauth]
debug3: receive packet: type 5 [preauth]
debug3: send packet: type 6 [preauth]
debug3: receive packet: type 50 [preauth]
debug1: userauth-request for user charlesabrooker service ssh-connection method none [preauth]
debug1: attempt 0 failures 0 [preauth]
debug3: mm_getpwnamallow: entering [preauth]
debug3: mm_request_send: entering, type 8 [preauth]
debug3: mm_getpwnamallow: waiting for MONITOR_ANS_PWNAM [preauth]
debug3: mm_request_receive_expect: entering, type 9 [preauth]
debug3: mm_request_receive: entering [preauth]
debug3: mm_request_receive: entering
debug3: monitor_read: checking request 8
debug3: mm_answer_pwnamallow: entering
debug2: parse_server_config_depth: config reprocess config len 580
debug3: auth2_setup_methods_lists: checking methods
debug1: authentication methods list 0: publickey
debug3: mm_answer_pwnamallow: sending MONITOR_ANS_PWNAM: 1
debug3: mm_request_send: entering, type 9
debug2: monitor_read: 8 used once, disabling now
debug3: server_process_channel_timeouts: setting 0 timeouts [preauth]
debug3: channel_clear_timeouts: clearing [preauth]
debug2: input_userauth_request: setting up authctxt for charlesabrooker [preauth]
debug3: mm_inform_authserv: entering [preauth]
debug3: mm_request_send: entering, type 4 [preauth]
debug1: kex_server_update_ext_info: Sending SSH2_MSG_EXT_INFO [preauth]
debug3: send packet: type 7 [preauth]
debug3: auth2_setup_methods_lists: checking methods [preauth]
debug1: authentication methods list 0: publickey [preauth]
debug3: authmethod_lookup: method none not allowed by AuthenticationMethods [preauth]
debug3: userauth_finish: failure partial=0 next methods="publickey" [preauth]
debug3: send packet: type 51 [preauth]
debug3: mm_request_receive: entering
debug3: monitor_read: checking request 4
debug3: mm_answer_authserv: service=ssh-connection, style=
debug2: monitor_read: 4 used once, disabling now
debug3: receive packet: type 50 [preauth]
debug1: userauth-request for user charlesabrooker service ssh-connection method publickey [preauth]
debug1: attempt 1 failures 0 [preauth]
debug2: input_userauth_request: try method publickey [preauth]
debug2: userauth_pubkey: valid user charlesabrooker querying public key ssh-ed25519 AAAAC3NzaC1lZDI1NTE5AAAAIC29h5YAq/Tle+j2rirq6Xj2QUBhQHpieTMA6puP9ciD [preauth]
debug1: userauth_pubkey: publickey test pkalg ssh-ed25519 pkblob ED25519 SHA256:7sc69UbnYCiAFxuqzOSgt6nekJytNEARRE5FlH7yor0 [preauth]
debug3: mm_key_allowed: entering [preauth]
debug3: mm_request_send: entering, type 22 [preauth]
debug3: mm_key_allowed: waiting for MONITOR_ANS_KEYALLOWED [preauth]
debug3: mm_request_receive_expect: entering, type 23 [preauth]
debug3: mm_request_receive: entering [preauth]
debug3: mm_request_receive: entering
debug3: monitor_read: checking request 22
debug3: mm_answer_keyallowed: entering
debug1: temporarily_use_uid: 501/20 (e=501/20)
debug1: restore_uid: (unprivileged)
debug1: temporarily_use_uid: 501/20 (e=501/20)
debug1: trying public key file /Users/charlesabrooker/.no-mistakes/worktrees/32d18ed9638d/01M48YDAJ274FP0KSXR35TAEYY/.live-validation/remote/user.pub
debug1: fd 9 clearing O_NONBLOCK
debug1: /Users/charlesabrooker/.no-mistakes/worktrees/32d18ed9638d/01M48YDAJ274FP0KSXR35TAEYY/.live-validation/remote/user.pub:1: matching key found: ED25519 SHA256:7sc69UbnYCiAFxuqzOSgt6nekJytNEARRE5FlH7yor0
debug1: /Users/charlesabrooker/.no-mistakes/worktrees/32d18ed9638d/01M48YDAJ274FP0KSXR35TAEYY/.live-validation/remote/user.pub:1: key options: agent-forwarding port-forwarding pty user-rc x11-forwarding
debug3: /Users/charlesabrooker/.no-mistakes/worktrees/32d18ed9638d/01M48YDAJ274FP0KSXR35TAEYY/.live-validation/remote/user.pub:1: key options: agent-forwarding port-forwarding pty user-rc x11-forwarding
Accepted key ED25519 SHA256:7sc69UbnYCiAFxuqzOSgt6nekJytNEARRE5FlH7yor0 found at /Users/charlesabrooker/.no-mistakes/worktrees/32d18ed9638d/01M48YDAJ274FP0KSXR35TAEYY/.live-validation/remote/user.pub:1
debug2: auth_check_authkeys_file: /Users/charlesabrooker/.no-mistakes/worktrees/32d18ed9638d/01M48YDAJ274FP0KSXR35TAEYY/.live-validation/remote/user.pub: processed 1/1 lines
debug1: restore_uid: (unprivileged)
debug3: mm_answer_keyallowed: publickey authentication test: ED25519 key is allowed
debug3: mm_request_send: entering, type 23
debug3: send packet: type 60 [preauth]
debug2: userauth_pubkey: authenticated 0 pkalg ssh-ed25519 [preauth]
debug3: user_specific_delay: user specific delay 1.237ms [preauth]
debug3: ensure_minimum_time_since: elapsed 1.955ms, delaying 4.282ms (requested 6.237ms) [preauth]
Postponed publickey for charlesabrooker from 127.0.0.1 port 49900 ssh2 [preauth]
debug3: receive packet: type 50 [preauth]
debug1: userauth-request for user charlesabrooker service ssh-connection method publickey-hostbound-v00@openssh.com [preauth]
debug1: attempt 2 failures 0 [preauth]
debug2: input_userauth_request: try method publickey-hostbound-v00@openssh.com [preauth]
debug2: userauth_pubkey: valid user charlesabrooker attempting public key ssh-ed25519 AAAAC3NzaC1lZDI1NTE5AAAAIC29h5YAq/Tle+j2rirq6Xj2QUBhQHpieTMA6puP9ciD [preauth]
debug3: userauth_pubkey: publickey-hostbound-v00@openssh.com have ssh-ed25519 signature for ED25519 SHA256:7sc69UbnYCiAFxuqzOSgt6nekJytNEARRE5FlH7yor0 [preauth]
debug3: mm_key_allowed: entering [preauth]
debug3: mm_request_send: entering, type 22 [preauth]
debug3: mm_key_allowed: waiting for MONITOR_ANS_KEYALLOWED [preauth]
debug3: mm_request_receive_expect: entering, type 23 [preauth]
debug3: mm_request_receive: entering [preauth]
debug3: mm_request_receive: entering
debug3: monitor_read: checking request 22
debug3: mm_answer_keyallowed: entering
debug1: temporarily_use_uid: 501/20 (e=501/20)
debug1: restore_uid: (unprivileged)
debug1: temporarily_use_uid: 501/20 (e=501/20)
debug1: trying public key file /Users/charlesabrooker/.no-mistakes/worktrees/32d18ed9638d/01M48YDAJ274FP0KSXR35TAEYY/.live-validation/remote/user.pub
debug1: fd 9 clearing O_NONBLOCK
debug1: /Users/charlesabrooker/.no-mistakes/worktrees/32d18ed9638d/01M48YDAJ274FP0KSXR35TAEYY/.live-validation/remote/user.pub:1: matching key found: ED25519 SHA256:7sc69UbnYCiAFxuqzOSgt6nekJytNEARRE5FlH7yor0
debug1: /Users/charlesabrooker/.no-mistakes/worktrees/32d18ed9638d/01M48YDAJ274FP0KSXR35TAEYY/.live-validation/remote/user.pub:1: key options: agent-forwarding port-forwarding pty user-rc x11-forwarding
debug3: /Users/charlesabrooker/.no-mistakes/worktrees/32d18ed9638d/01M48YDAJ274FP0KSXR35TAEYY/.live-validation/remote/user.pub:1: key options: agent-forwarding port-forwarding pty user-rc x11-forwarding
Accepted key ED25519 SHA256:7sc69UbnYCiAFxuqzOSgt6nekJytNEARRE5FlH7yor0 found at /Users/charlesabrooker/.no-mistakes/worktrees/32d18ed9638d/01M48YDAJ274FP0KSXR35TAEYY/.live-validation/remote/user.pub:1
debug2: auth_check_authkeys_file: /Users/charlesabrooker/.no-mistakes/worktrees/32d18ed9638d/01M48YDAJ274FP0KSXR35TAEYY/.live-validation/remote/user.pub: processed 1/1 lines
debug1: restore_uid: (unprivileged)
debug3: mm_answer_keyallowed: publickey authentication: ED25519 key is allowed
debug3: mm_request_send: entering, type 23
debug3: mm_sshkey_verify: entering [preauth]
debug3: mm_request_send: entering, type 24 [preauth]
debug3: mm_sshkey_verify: waiting for MONITOR_ANS_KEYVERIFY [preauth]
debug3: mm_request_receive_expect: entering, type 25 [preauth]
debug3: mm_request_receive: entering [preauth]
debug3: mm_request_receive: entering
debug3: monitor_read: checking request 24
debug3: mm_answer_keyverify: publickey ED25519 signature using ssh-ed25519 verified
debug1: auth_activate_options: setting new authentication options
debug3: mm_request_send: entering, type 25
debug3: auth2_update_methods_lists: updating methods list after "publickey"
debug2: authentication methods list 0 complete
Accepted publickey for charlesabrooker from 127.0.0.1 port 49900 ssh2: ED25519 SHA256:7sc69UbnYCiAFxuqzOSgt6nekJytNEARRE5FlH7yor0
debug1: monitor_child_preauth: user charlesabrooker authenticated by privileged process
debug3: mm_get_keystate: Waiting for new keys
debug3: mm_request_receive_expect: entering, type 26
debug3: mm_request_receive: entering
debug3: mm_get_keystate: GOT new keys
debug1: auth_activate_options: setting new authentication options [preauth]
debug2: userauth_pubkey: authenticated 1 pkalg ssh-ed25519 [preauth]
debug3: user_specific_delay: user specific delay 1.237ms [preauth]
debug3: ensure_minimum_time_since: elapsed 15.035ms, delaying 9.912ms (requested 6.237ms) [preauth]
debug3: auth2_update_methods_lists: updating methods list after "publickey" [preauth]
debug2: authentication methods list 0 complete [preauth]
debug3: send packet: type 52 [preauth]
debug3: mm_request_send: entering, type 26 [preauth]
debug3: mm_send_keystate: Finished sending state [preauth]
debug1: monitor_read_log: child log fd closed
debug3: monitor_child_preauth: preauth child 37878 terminated successfully
debug2: server_accept_loop: child 37717 for connection from 127.0.0.1 to 127.0.0.1 auth done
debug1: child_close: enter (forcing)
BSM audit: bsm_audit_session_setup: setaudit_addr failed: Operation not permitted
debug3: BSM audit: typ 0 rc 0 "successful login charlesabrooker"
debug3: BSM audit: writing audit new record
BSM audit: bsm_audit_record failed to write "successful login charlesabrooker" record: Operation not permitted
User child is on pid 39058
debug3: monitor_apply_keystate: packet_set_state
debug2: ssh_set_newkeys: mode 0
debug1: rekey in after 134217728 blocks
debug2: ssh_set_newkeys: mode 1
debug1: rekey out after 134217728 blocks
debug1: ssh_packet_set_postauth: called
debug3: ssh_packet_set_state: done
debug3: notify_hostkeys: key 0: ssh-ed25519 SHA256:WwiWglN1fa9aE2Tl8g9MALW85mRMZENG58raojQZH9g
debug3: notify_hostkeys: sent 1 hostkeys
debug3: send packet: type 80
debug1: active: key options: agent-forwarding port-forwarding pty user-rc x11-forwarding
debug3: sending debug message: /Users/charlesabrooker/.no-mistakes/worktrees/32d18ed9638d/01M48YDAJ274FP0KSXR35TAEYY/.live-validation/remote/user.pub:1: key options: agent-forwarding port-forwarding pty user-rc x11-forwarding
debug3: send packet: type 4
debug3: sending debug message: /Users/charlesabrooker/.no-mistakes/worktrees/32d18ed9638d/01M48YDAJ274FP0KSXR35TAEYY/.live-validation/remote/user.pub:1: key options: agent-forwarding port-forwarding pty user-rc x11-forwarding
debug3: send packet: type 4
debug1: Entering interactive session for SSH2.
debug1: server_init_dispatch
debug3: receive packet: type 90
debug1: server_input_channel_open: ctype session rchan 0 win 2097152 max 32768
debug1: input_session_request
debug1: channel 0: new session [server-session] (inactive timeout: 0)
debug2: session_new: allocate (allocated 0 max 10)
debug3: session_unused: session id 0 unused
debug1: session_new: session 0
debug1: session_open: channel 0
debug1: session_open: session 0: link with channel 0
debug1: server_input_channel_open: confirm session
debug3: send packet: type 91
debug3: receive packet: type 80
debug1: server_input_global_request: rtype no-more-sessions@openssh.com want_reply 0
debug2: process_output: session QoS is now interactive
debug3: set_sock_tos: set socket 8 IP_TOS 0xb8
debug3: receive packet: type 98
debug1: server_input_channel_req: channel 0 request env reply 0
debug1: session_by_channel: session 0 channel 0
debug1: session_input_channel_req: session 0 req env
debug2: Ignoring env request LANG: disallowed name
debug3: receive packet: type 98
debug1: server_input_channel_req: channel 0 request exec reply 1
debug1: session_by_channel: session 0 channel 0
debug1: session_input_channel_req: session 0 req exec
debug2: channel_set_xtype: labeled channel 0 as session:command (inactive timeout 0)
Starting session: command for charlesabrooker from 127.0.0.1 port 49900 id 0
debug3: mm_audit_run_command: entering command /usr/bin/env FM_REMOTE_JOB_PLATFORM_OVERRIDE=Linux FM_REMOTE_JOB_STATE_ROOT=/Users/charlesabrooker/.no-mistakes/worktrees/32d18ed9638d/01M48YDAJ274FP0KSXR35TAEYY/.live-validation/remote/jobs /Users/charlesabrooker/.no-mistakes/worktrees/32d18ed9638d/01M48YDAJ274FP0KSXR35TAEYY/.live-validation/remote/checkout/bin/fm-remote-entrypoint.sh 1 L1VzZXJzL2NoYXJsZXNhYnJvb2tlci8ubm8tbWlzdGFrZXMvd29ya3RyZWVzLzMyZDE4ZWQ5NjM4ZC8wMU00OFlEQUoyNzRGUDBLU1hSMzVUQUVZWS8ubGl2ZS12YWxpZGF0aW9uL3JlbW90ZS9jaGVja291dA== L1VzZXJzL2NoYXJsZXNhYnJvb2tlci8ubm8tbWlzdGFrZXMvd29ya3RyZWVzLzMyZDE4ZWQ5NjM4ZC8wMU00OFlEQUoyNzRGUDBLU1hSMzVUQUVZWS8ubGl2ZS12YWxpZGF0aW9uL3JlbW90ZS9tYXRl Zm0tcmVtb3RlLWRlbHRhLXJlYWQuc2gAc3RhdGUvcGFyZW50LXJlcGxpZXMuc3RhdHVzADk1ADI3MDdhZTQ2YWRiMzYzZGJkN2ExMGEyOWQ1NzJkMjhkZjIxMTdkNzliNDhlYThkMzk3ZDM5MWJjMGYyMDAzZjYAMgA=
debug3: mm_request_send: entering, type 113
debug3: mm_request_receive: entering
debug3: monitor_read: checking request 113
debug3: mm_answer_audit_command: entering
debug2: fd 15 setting O_NONBLOCK
debug2: fd 14 setting O_NONBLOCK
debug2: fd 17 setting O_NONBLOCK
debug3: send packet: type 99
debug2: process_output: session QoS is now non-interactive
debug3: set_sock_tos: set socket 8 IP_TOS 0x00
debug3: receive packet: type 96
debug2: channel 0: rcvd eof
debug2: channel 0: output open -> drain
debug2: channel 0: obuf empty
debug2: chan_shutdown_write: channel 0: (i0 o1 sock -1 wfd 14 efd 17 [read])
debug2: channel 0: output drain -> closed
debug2: channel 0: read 34 from efd 17
debug2: channel 0: rwin 2097152 elen 34 euse 1
debug2: channel 0: sent ext data 34
debug2: channel 0: read failed rfd 15 maxlen 32768: Broken pipe
debug2: channel 0: read failed
debug2: chan_shutdown_read: channel 0: (i0 o3 sock -1 wfd 15 efd 17 [read])
debug2: channel 0: input open -> drain
debug2: channel 0: read 0 from efd 17
debug2: channel 0: closing read-efd 17
debug2: channel 0: ibuf empty
debug2: channel 0: send eof
debug3: send packet: type 96
debug2: channel 0: input drain -> closed
debug1: Received SIGCHLD.
debug1: session_by_pid: pid 39152
debug2: channel 0: request exit-status confirm 0
debug3: send packet: type 98
debug1: session_exit_message: session 0 channel 0 pid 39152 exit 75
debug1: session_exit_message: release channel 0
debug2: channel 0: send_close2
debug2: channel 0: send close for remote id 0
debug3: send packet: type 97
debug3: channel 0: will not send data after close
debug3: receive packet: type 97
debug2: channel 0: rcvd close
debug3: receive packet: type 1
Received disconnect from 127.0.0.1 port 49900:11: disconnected by user
Disconnected from user charlesabrooker 127.0.0.1 port 49900
debug1: do_cleanup
debug3: mm_request_receive: entering
debug3: mm_request_receive: monitor fd closed
debug1: mm_reap: child exited with status 255
debug1: do_cleanup
debug3: BSM audit: typ 0 rc 0 "sshd logout charlesabrooker"
debug3: BSM audit: writing audit new record
BSM audit: bsm_audit_record failed to write "sshd logout charlesabrooker" record: Operation not permitted
debug1: fd 7 clearing O_NONBLOCK
debug2: fd 8 setting O_NONBLOCK
debug1: Forked child 75635.
debug1: rexec start in 7 out 7 newsock 7 config_s 8/9
debug1: sshd-session version OpenSSH_10.3, LibreSSL 3.3.6
debug1: network sockets: 8, 8
debug2: fd 8 setting TCP_NODELAY
debug3: set_sock_tos: set socket 8 IP_TOS 0xb8
debug3: server_process_channel_timeouts: setting 0 timeouts
debug3: channel_clear_timeouts: clearing
debug3: BSM audit: connection from 127.0.0.1 port 49961
debug3: BSM audit: iptype 4 machine ID 0100007f 00000000 00000000 00000000
Connection from 127.0.0.1 port 49961 on 127.0.0.1 port 65101
debug2: fd 8 setting O_NONBLOCK
debug2: server_accept_loop: child 75635 for connection from 127.0.0.1 to 127.0.0.1 received config
debug2: Network child is on pid 75682
debug3: preauth child monitor started
debug3: mm_request_receive: entering
debug3: monitor_read: checking request 51
debug1: mm_answer_state: config len 580
debug3: mm_request_send: entering, type 52
debug3: mm_answer_state: done
debug2: monitor_read: 51 used once, disabling now
debug1: sshd-auth version OpenSSH_10.3, LibreSSL 3.3.6 [preauth]
debug3: server_process_channel_timeouts: setting 0 timeouts [preauth]
debug3: channel_clear_timeouts: clearing [preauth]
debug3: fd 5 is O_NONBLOCK [preauth]
debug3: ssh_sandbox_init: preparing Darwin sandbox [preauth]
debug3: ssh_sandbox_child: starting Darwin sandbox [preauth]
debug1: list_hostkey_types: ssh-ed25519 [preauth]
debug1: Local version string SSH-2.0-OpenSSH_10.3 [preauth]
debug1: Remote protocol version 2.0, remote software version OpenSSH_10.3 [preauth]
debug1: compat_banner: match: OpenSSH_10.3 pat OpenSSH* compat 0x04000000 [preauth]
debug3: mm_sshkey_setcompat: entering [preauth]
debug3: mm_request_send: entering, type 18 [preauth]
debug3: send packet: type 20 [preauth]
debug1: SSH2_MSG_KEXINIT sent [preauth]
debug3: mm_request_receive: entering
debug3: monitor_read: checking request 18
debug3: mm_answer_setcompat: entering
debug2: monitor_read: 18 used once, disabling now
debug3: receive packet: type 20 [preauth]
debug1: SSH2_MSG_KEXINIT received [preauth]
debug2: local server KEXINIT proposal [preauth]
debug2: KEX algorithms: mlkem768x25519-sha256,sntrup761x25519-sha512,sntrup761x25519-sha512@openssh.com,curve25519-sha256,curve25519-sha256@libssh.org,ecdh-sha2-nistp256,ecdh-sha2-nistp384,ecdh-sha2-nistp521,ext-info-s,kex-strict-s-v00@openssh.com [preauth]
debug2: host key algorithms: ssh-ed25519 [preauth]
debug2: ciphers ctos: chacha20-poly1305@openssh.com,aes128-gcm@openssh.com,aes256-gcm@openssh.com,aes128-ctr,aes192-ctr,aes256-ctr [preauth]
debug2: ciphers stoc: chacha20-poly1305@openssh.com,aes128-gcm@openssh.com,aes256-gcm@openssh.com,aes128-ctr,aes192-ctr,aes256-ctr [preauth]
debug2: MACs ctos: umac-64-etm@openssh.com,umac-128-etm@openssh.com,hmac-sha2-256-etm@openssh.com,hmac-sha2-512-etm@openssh.com,hmac-sha1-etm@openssh.com,umac-64@openssh.com,umac-128@openssh.com,hmac-sha2-256,hmac-sha2-512,hmac-sha1 [preauth]
debug2: MACs stoc: umac-64-etm@openssh.com,umac-128-etm@openssh.com,hmac-sha2-256-etm@openssh.com,hmac-sha2-512-etm@openssh.com,hmac-sha1-etm@openssh.com,umac-64@openssh.com,umac-128@openssh.com,hmac-sha2-256,hmac-sha2-512,hmac-sha1 [preauth]
debug2: compression ctos: none,zlib@openssh.com [preauth]
debug2: compression stoc: none,zlib@openssh.com [preauth]
debug2: languages ctos:  [preauth]
debug2: languages stoc:  [preauth]
debug2: first_kex_follows 0  [preauth]
debug2: reserved 0  [preauth]
debug2: peer client KEXINIT proposal [preauth]
debug2: KEX algorithms: mlkem768x25519-sha256,sntrup761x25519-sha512,sntrup761x25519-sha512@openssh.com,curve25519-sha256,curve25519-sha256@libssh.org,ecdh-sha2-nistp256,ecdh-sha2-nistp384,ecdh-sha2-nistp521,diffie-hellman-group-exchange-sha256,diffie-hellman-group16-sha512,diffie-hellman-group18-sha512,diffie-hellman-group14-sha256,ext-info-c,kex-strict-c-v00@openssh.com [preauth]
debug2: host key algorithms: ssh-ed25519-cert-v01@openssh.com,ecdsa-sha2-nistp256-cert-v01@openssh.com,ecdsa-sha2-nistp384-cert-v01@openssh.com,ecdsa-sha2-nistp521-cert-v01@openssh.com,sk-ssh-ed25519-cert-v01@openssh.com,sk-ecdsa-sha2-nistp256-cert-v01@openssh.com,webauthn-sk-ecdsa-sha2-nistp256-cert-v01@openssh.com,rsa-sha2-512-cert-v01@openssh.com,rsa-sha2-256-cert-v01@openssh.com,ssh-ed25519,ecdsa-sha2-nistp256,ecdsa-sha2-nistp384,ecdsa-sha2-nistp521,sk-ssh-ed25519@openssh.com,sk-ecdsa-sha2-nistp256@openssh.com,webauthn-sk-ecdsa-sha2-nistp256@openssh.com,rsa-sha2-512,rsa-sha2-256 [preauth]
debug2: ciphers ctos: chacha20-poly1305@openssh.com,aes128-gcm@openssh.com,aes256-gcm@openssh.com,aes128-ctr,aes192-ctr,aes256-ctr [preauth]
debug2: ciphers stoc: chacha20-poly1305@openssh.com,aes128-gcm@openssh.com,aes256-gcm@openssh.com,aes128-ctr,aes192-ctr,aes256-ctr [preauth]
debug2: MACs ctos: umac-64-etm@openssh.com,umac-128-etm@openssh.com,hmac-sha2-256-etm@openssh.com,hmac-sha2-512-etm@openssh.com,hmac-sha1-etm@openssh.com,umac-64@openssh.com,umac-128@openssh.com,hmac-sha2-256,hmac-sha2-512,hmac-sha1 [preauth]
debug2: MACs stoc: umac-64-etm@openssh.com,umac-128-etm@openssh.com,hmac-sha2-256-etm@openssh.com,hmac-sha2-512-etm@openssh.com,hmac-sha1-etm@openssh.com,umac-64@openssh.com,umac-128@openssh.com,hmac-sha2-256,hmac-sha2-512,hmac-sha1 [preauth]
debug2: compression ctos: none,zlib@openssh.com [preauth]
debug2: compression stoc: none,zlib@openssh.com [preauth]
debug2: languages ctos:  [preauth]
debug2: languages stoc:  [preauth]
debug2: first_kex_follows 0  [preauth]
debug2: reserved 0  [preauth]
debug3: kex_choose_conf: will use strict KEX ordering [preauth]
debug1: kex: algorithm: mlkem768x25519-sha256 [preauth]
debug1: kex: host key algorithm: ssh-ed25519 [preauth]
debug1: kex: client->server cipher: chacha20-poly1305@openssh.com MAC: <implicit> compression: none [preauth]
debug1: kex: server->client cipher: chacha20-poly1305@openssh.com MAC: <implicit> compression: none [preauth]
debug1: expecting SSH2_MSG_KEX_ECDH_INIT [preauth]
debug3: receive packet: type 30 [preauth]
debug1: SSH2_MSG_KEX_ECDH_INIT received [preauth]
debug3: mm_sshkey_sign: entering [preauth]
debug3: mm_request_send: entering, type 6 [preauth]
debug3: mm_sshkey_sign: waiting for MONITOR_ANS_SIGN [preauth]
debug3: mm_request_receive_expect: entering, type 7 [preauth]
debug3: mm_request_receive: entering [preauth]
debug3: mm_request_receive: entering
debug3: monitor_read: checking request 6
debug3: mm_answer_sign: entering
debug1: mm_answer_sign: hostkey ssh-ed25519 index 0
debug3: mm_answer_sign: ssh-ed25519 KEX signature len=83
debug3: mm_request_send: entering, type 7
debug2: monitor_read: 6 used once, disabling now
debug3: mm_sshkey_sign: ssh-ed25519 signature len=83 [preauth]
debug3: send packet: type 31 [preauth]
debug3: send packet: type 21 [preauth]
debug1: ssh_packet_send2_wrapped: resetting send seqnr 3 [preauth]
debug2: ssh_set_newkeys: mode 1 [preauth]
debug1: rekey out after 134217728 blocks [preauth]
debug1: SSH2_MSG_NEWKEYS sent [preauth]
debug1: Sending SSH2_MSG_EXT_INFO [preauth]
debug3: send packet: type 7 [preauth]
debug1: expecting SSH2_MSG_NEWKEYS [preauth]
debug3: receive packet: type 21 [preauth]
debug1: ssh_packet_read_poll2: resetting read seqnr 3 [preauth]
debug1: SSH2_MSG_NEWKEYS received [preauth]
debug2: ssh_set_newkeys: mode 0 [preauth]
debug1: rekey in after 134217728 blocks [preauth]
debug2: KEX algorithms: mlkem768x25519-sha256,sntrup761x25519-sha512,sntrup761x25519-sha512@openssh.com,curve25519-sha256,curve25519-sha256@libssh.org,ecdh-sha2-nistp256,ecdh-sha2-nistp384,ecdh-sha2-nistp521,ext-info-s,kex-strict-s-v00@openssh.com [preauth]
debug2: host key algorithms: ssh-ed25519 [preauth]
debug2: ciphers ctos: chacha20-poly1305@openssh.com,aes128-gcm@openssh.com,aes256-gcm@openssh.com,aes128-ctr,aes192-ctr,aes256-ctr [preauth]
debug2: ciphers stoc: chacha20-poly1305@openssh.com,aes128-gcm@openssh.com,aes256-gcm@openssh.com,aes128-ctr,aes192-ctr,aes256-ctr [preauth]
debug2: MACs ctos: umac-64-etm@openssh.com,umac-128-etm@openssh.com,hmac-sha2-256-etm@openssh.com,hmac-sha2-512-etm@openssh.com,hmac-sha1-etm@openssh.com,umac-64@openssh.com,umac-128@openssh.com,hmac-sha2-256,hmac-sha2-512,hmac-sha1 [preauth]
debug2: MACs stoc: umac-64-etm@openssh.com,umac-128-etm@openssh.com,hmac-sha2-256-etm@openssh.com,hmac-sha2-512-etm@openssh.com,hmac-sha1-etm@openssh.com,umac-64@openssh.com,umac-128@openssh.com,hmac-sha2-256,hmac-sha2-512,hmac-sha1 [preauth]
debug2: compression ctos: none,zlib@openssh.com [preauth]
debug2: compression stoc: none,zlib@openssh.com [preauth]
debug2: languages ctos:  [preauth]
debug2: languages stoc:  [preauth]
debug2: first_kex_follows 0  [preauth]
debug2: reserved 0  [preauth]
debug1: KEX done [preauth]
debug3: receive packet: type 7 [preauth]
debug1: SSH2_MSG_EXT_INFO received [preauth]
debug3: kex_input_ext_info: extension ext-info-in-auth@openssh.com [preauth]
debug1: kex_ext_info_check_ver: ext-info-in-auth@openssh.com=<0> [preauth]
debug3: receive packet: type 5 [preauth]
debug3: send packet: type 6 [preauth]
debug3: receive packet: type 50 [preauth]
debug1: userauth-request for user charlesabrooker service ssh-connection method none [preauth]
debug1: attempt 0 failures 0 [preauth]
debug3: mm_getpwnamallow: entering [preauth]
debug3: mm_request_send: entering, type 8 [preauth]
debug3: mm_getpwnamallow: waiting for MONITOR_ANS_PWNAM [preauth]
debug3: mm_request_receive_expect: entering, type 9 [preauth]
debug3: mm_request_receive: entering [preauth]
debug3: mm_request_receive: entering
debug3: monitor_read: checking request 8
debug3: mm_answer_pwnamallow: entering
debug2: parse_server_config_depth: config reprocess config len 580
debug3: auth2_setup_methods_lists: checking methods
debug1: authentication methods list 0: publickey
debug3: mm_answer_pwnamallow: sending MONITOR_ANS_PWNAM: 1
debug3: mm_request_send: entering, type 9
debug2: monitor_read: 8 used once, disabling now
debug3: server_process_channel_timeouts: setting 0 timeouts [preauth]
debug3: channel_clear_timeouts: clearing [preauth]
debug2: input_userauth_request: setting up authctxt for charlesabrooker [preauth]
debug3: mm_inform_authserv: entering [preauth]
debug3: mm_request_send: entering, type 4 [preauth]
debug1: kex_server_update_ext_info: Sending SSH2_MSG_EXT_INFO [preauth]
debug3: send packet: type 7 [preauth]
debug3: auth2_setup_methods_lists: checking methods [preauth]
debug1: authentication methods list 0: publickey [preauth]
debug3: authmethod_lookup: method none not allowed by AuthenticationMethods [preauth]
debug3: userauth_finish: failure partial=0 next methods="publickey" [preauth]
debug3: send packet: type 51 [preauth]
debug3: mm_request_receive: entering
debug3: monitor_read: checking request 4
debug3: mm_answer_authserv: service=ssh-connection, style=
debug2: monitor_read: 4 used once, disabling now
debug3: receive packet: type 50 [preauth]
debug1: userauth-request for user charlesabrooker service ssh-connection method publickey [preauth]
debug1: attempt 1 failures 0 [preauth]
debug2: input_userauth_request: try method publickey [preauth]
debug2: userauth_pubkey: valid user charlesabrooker querying public key ssh-ed25519 AAAAC3NzaC1lZDI1NTE5AAAAIC29h5YAq/Tle+j2rirq6Xj2QUBhQHpieTMA6puP9ciD [preauth]
debug1: userauth_pubkey: publickey test pkalg ssh-ed25519 pkblob ED25519 SHA256:7sc69UbnYCiAFxuqzOSgt6nekJytNEARRE5FlH7yor0 [preauth]
debug3: mm_key_allowed: entering [preauth]
debug3: mm_request_send: entering, type 22 [preauth]
debug3: mm_key_allowed: waiting for MONITOR_ANS_KEYALLOWED [preauth]
debug3: mm_request_receive_expect: entering, type 23 [preauth]
debug3: mm_request_receive: entering [preauth]
debug3: mm_request_receive: entering
debug3: monitor_read: checking request 22
debug3: mm_answer_keyallowed: entering
debug1: temporarily_use_uid: 501/20 (e=501/20)
debug1: restore_uid: (unprivileged)
debug1: temporarily_use_uid: 501/20 (e=501/20)
debug1: trying public key file /Users/charlesabrooker/.no-mistakes/worktrees/32d18ed9638d/01M48YDAJ274FP0KSXR35TAEYY/.live-validation/remote/user.pub
debug1: fd 9 clearing O_NONBLOCK
debug1: /Users/charlesabrooker/.no-mistakes/worktrees/32d18ed9638d/01M48YDAJ274FP0KSXR35TAEYY/.live-validation/remote/user.pub:1: matching key found: ED25519 SHA256:7sc69UbnYCiAFxuqzOSgt6nekJytNEARRE5FlH7yor0
debug1: /Users/charlesabrooker/.no-mistakes/worktrees/32d18ed9638d/01M48YDAJ274FP0KSXR35TAEYY/.live-validation/remote/user.pub:1: key options: agent-forwarding port-forwarding pty user-rc x11-forwarding
debug3: /Users/charlesabrooker/.no-mistakes/worktrees/32d18ed9638d/01M48YDAJ274FP0KSXR35TAEYY/.live-validation/remote/user.pub:1: key options: agent-forwarding port-forwarding pty user-rc x11-forwarding
Accepted key ED25519 SHA256:7sc69UbnYCiAFxuqzOSgt6nekJytNEARRE5FlH7yor0 found at /Users/charlesabrooker/.no-mistakes/worktrees/32d18ed9638d/01M48YDAJ274FP0KSXR35TAEYY/.live-validation/remote/user.pub:1
debug2: auth_check_authkeys_file: /Users/charlesabrooker/.no-mistakes/worktrees/32d18ed9638d/01M48YDAJ274FP0KSXR35TAEYY/.live-validation/remote/user.pub: processed 1/1 lines
debug1: restore_uid: (unprivileged)
debug3: mm_answer_keyallowed: publickey authentication test: ED25519 key is allowed
debug3: mm_request_send: entering, type 23
debug3: send packet: type 60 [preauth]
debug2: userauth_pubkey: authenticated 0 pkalg ssh-ed25519 [preauth]
debug3: user_specific_delay: user specific delay 1.237ms [preauth]
debug3: ensure_minimum_time_since: elapsed 1.264ms, delaying 4.973ms (requested 6.237ms) [preauth]
Postponed publickey for charlesabrooker from 127.0.0.1 port 49961 ssh2 [preauth]
debug3: receive packet: type 50 [preauth]
debug1: userauth-request for user charlesabrooker service ssh-connection method publickey-hostbound-v00@openssh.com [preauth]
debug1: attempt 2 failures 0 [preauth]
debug2: input_userauth_request: try method publickey-hostbound-v00@openssh.com [preauth]
debug2: userauth_pubkey: valid user charlesabrooker attempting public key ssh-ed25519 AAAAC3NzaC1lZDI1NTE5AAAAIC29h5YAq/Tle+j2rirq6Xj2QUBhQHpieTMA6puP9ciD [preauth]
debug3: userauth_pubkey: publickey-hostbound-v00@openssh.com have ssh-ed25519 signature for ED25519 SHA256:7sc69UbnYCiAFxuqzOSgt6nekJytNEARRE5FlH7yor0 [preauth]
debug3: mm_key_allowed: entering [preauth]
debug3: mm_request_send: entering, type 22 [preauth]
debug3: mm_key_allowed: waiting for MONITOR_ANS_KEYALLOWED [preauth]
debug3: mm_request_receive_expect: entering, type 23 [preauth]
debug3: mm_request_receive: entering [preauth]
debug3: mm_request_receive: entering
debug3: monitor_read: checking request 22
debug3: mm_answer_keyallowed: entering
debug1: temporarily_use_uid: 501/20 (e=501/20)
debug1: restore_uid: (unprivileged)
debug1: temporarily_use_uid: 501/20 (e=501/20)
debug1: trying public key file /Users/charlesabrooker/.no-mistakes/worktrees/32d18ed9638d/01M48YDAJ274FP0KSXR35TAEYY/.live-validation/remote/user.pub
debug1: fd 9 clearing O_NONBLOCK
debug1: /Users/charlesabrooker/.no-mistakes/worktrees/32d18ed9638d/01M48YDAJ274FP0KSXR35TAEYY/.live-validation/remote/user.pub:1: matching key found: ED25519 SHA256:7sc69UbnYCiAFxuqzOSgt6nekJytNEARRE5FlH7yor0
debug1: /Users/charlesabrooker/.no-mistakes/worktrees/32d18ed9638d/01M48YDAJ274FP0KSXR35TAEYY/.live-validation/remote/user.pub:1: key options: agent-forwarding port-forwarding pty user-rc x11-forwarding
debug3: /Users/charlesabrooker/.no-mistakes/worktrees/32d18ed9638d/01M48YDAJ274FP0KSXR35TAEYY/.live-validation/remote/user.pub:1: key options: agent-forwarding port-forwarding pty user-rc x11-forwarding
Accepted key ED25519 SHA256:7sc69UbnYCiAFxuqzOSgt6nekJytNEARRE5FlH7yor0 found at /Users/charlesabrooker/.no-mistakes/worktrees/32d18ed9638d/01M48YDAJ274FP0KSXR35TAEYY/.live-validation/remote/user.pub:1
debug2: auth_check_authkeys_file: /Users/charlesabrooker/.no-mistakes/worktrees/32d18ed9638d/01M48YDAJ274FP0KSXR35TAEYY/.live-validation/remote/user.pub: processed 1/1 lines
debug1: restore_uid: (unprivileged)
debug3: mm_answer_keyallowed: publickey authentication: ED25519 key is allowed
debug3: mm_request_send: entering, type 23
debug3: mm_sshkey_verify: entering [preauth]
debug3: mm_request_send: entering, type 24 [preauth]
debug3: mm_sshkey_verify: waiting for MONITOR_ANS_KEYVERIFY [preauth]
debug3: mm_request_receive: entering
debug3: monitor_read: checking request 24
debug3: mm_answer_keyverify: publickey ED25519 signature using ssh-ed25519 verified
debug1: auth_activate_options: setting new authentication options
debug3: mm_request_send: entering, type 25
debug3: auth2_update_methods_lists: updating methods list after "publickey"
debug2: authentication methods list 0 complete
Accepted publickey for charlesabrooker from 127.0.0.1 port 49961 ssh2: ED25519 SHA256:7sc69UbnYCiAFxuqzOSgt6nekJytNEARRE5FlH7yor0
debug1: monitor_child_preauth: user charlesabrooker authenticated by privileged process
debug3: mm_get_keystate: Waiting for new keys
debug3: mm_request_receive_expect: entering, type 26
debug3: mm_request_receive: entering
debug3: mm_get_keystate: GOT new keys
debug3: mm_request_receive_expect: entering, type 25 [preauth]
debug3: mm_request_receive: entering [preauth]
debug1: auth_activate_options: setting new authentication options [preauth]
debug2: userauth_pubkey: authenticated 1 pkalg ssh-ed25519 [preauth]
debug3: user_specific_delay: user specific delay 1.237ms [preauth]
debug3: ensure_minimum_time_since: elapsed 2.503ms, delaying 3.734ms (requested 6.237ms) [preauth]
debug3: auth2_update_methods_lists: updating methods list after "publickey" [preauth]
debug2: authentication methods list 0 complete [preauth]
debug3: send packet: type 52 [preauth]
debug3: mm_request_send: entering, type 26 [preauth]
debug3: mm_send_keystate: Finished sending state [preauth]
debug1: monitor_read_log: child log fd closed
debug3: monitor_child_preauth: preauth child 75682 terminated successfully
debug2: server_accept_loop: child 75635 for connection from 127.0.0.1 to 127.0.0.1 auth done
debug1: child_close: enter (forcing)
BSM audit: bsm_audit_session_setup: setaudit_addr failed: Operation not permitted
debug3: BSM audit: typ 0 rc 0 "successful login charlesabrooker"
debug3: BSM audit: writing audit new record
BSM audit: bsm_audit_record failed to write "successful login charlesabrooker" record: Operation not permitted
User child is on pid 75964
debug3: monitor_apply_keystate: packet_set_state
debug2: ssh_set_newkeys: mode 0
debug1: rekey in after 134217728 blocks
debug2: ssh_set_newkeys: mode 1
debug1: rekey out after 134217728 blocks
debug1: ssh_packet_set_postauth: called
debug3: ssh_packet_set_state: done
debug3: notify_hostkeys: key 0: ssh-ed25519 SHA256:WwiWglN1fa9aE2Tl8g9MALW85mRMZENG58raojQZH9g
debug3: notify_hostkeys: sent 1 hostkeys
debug3: send packet: type 80
debug1: active: key options: agent-forwarding port-forwarding pty user-rc x11-forwarding
debug3: sending debug message: /Users/charlesabrooker/.no-mistakes/worktrees/32d18ed9638d/01M48YDAJ274FP0KSXR35TAEYY/.live-validation/remote/user.pub:1: key options: agent-forwarding port-forwarding pty user-rc x11-forwarding
debug3: send packet: type 4
debug3: sending debug message: /Users/charlesabrooker/.no-mistakes/worktrees/32d18ed9638d/01M48YDAJ274FP0KSXR35TAEYY/.live-validation/remote/user.pub:1: key options: agent-forwarding port-forwarding pty user-rc x11-forwarding
debug3: send packet: type 4
debug1: Entering interactive session for SSH2.
debug1: server_init_dispatch
debug3: receive packet: type 90
debug1: server_input_channel_open: ctype session rchan 0 win 2097152 max 32768
debug1: input_session_request
debug1: channel 0: new session [server-session] (inactive timeout: 0)
debug2: session_new: allocate (allocated 0 max 10)
debug3: session_unused: session id 0 unused
debug1: session_new: session 0
debug1: session_open: channel 0
debug1: session_open: session 0: link with channel 0
debug1: server_input_channel_open: confirm session
debug3: send packet: type 91
debug3: receive packet: type 80
debug1: server_input_global_request: rtype no-more-sessions@openssh.com want_reply 0
debug2: process_output: session QoS is now interactive
debug3: set_sock_tos: set socket 8 IP_TOS 0xb8
debug3: receive packet: type 98
debug1: server_input_channel_req: channel 0 request env reply 0
debug1: session_by_channel: session 0 channel 0
debug1: session_input_channel_req: session 0 req env
debug2: Ignoring env request LANG: disallowed name
debug3: receive packet: type 98
debug1: server_input_channel_req: channel 0 request exec reply 1
debug1: session_by_channel: session 0 channel 0
debug1: session_input_channel_req: session 0 req exec
debug2: channel_set_xtype: labeled channel 0 as session:command (inactive timeout 0)
Starting session: command for charlesabrooker from 127.0.0.1 port 49961 id 0
debug3: mm_audit_run_command: entering command /usr/bin/env FM_REMOTE_JOB_PLATFORM_OVERRIDE=Linux FM_REMOTE_JOB_STATE_ROOT=/Users/charlesabrooker/.no-mistakes/worktrees/32d18ed9638d/01M48YDAJ274FP0KSXR35TAEYY/.live-validation/remote/jobs /Users/charlesabrooker/.no-mistakes/worktrees/32d18ed9638d/01M48YDAJ274FP0KSXR35TAEYY/.live-validation/remote/checkout/bin/fm-remote-entrypoint.sh 1 L1VzZXJzL2NoYXJsZXNhYnJvb2tlci8ubm8tbWlzdGFrZXMvd29ya3RyZWVzLzMyZDE4ZWQ5NjM4ZC8wMU00OFlEQUoyNzRGUDBLU1hSMzVUQUVZWS8ubGl2ZS12YWxpZGF0aW9uL3JlbW90ZS9jaGVja291dA== L1VzZXJzL2NoYXJsZXNhYnJvb2tlci8ubm8tbWlzdGFrZXMvd29ya3RyZWVzLzMyZDE4ZWQ5NjM4ZC8wMU00OFlEQUoyNzRGUDBLU1hSMzVUQUVZWS8ubGl2ZS12YWxpZGF0aW9uL3JlbW90ZS9tYXRl Zm0tcmVtb3RlLWRlbHRhLXJlYWQuc2gAc3RhdGUvcGFyZW50LXJlcGxpZXMuc3RhdHVzADk1ADI3MDdhZTQ2YWRiMzYzZGJkN2ExMGEyOWQ1NzJkMjhkZjIxMTdkNzliNDhlYThkMzk3ZDM5MWJjMGYyMDAzZjYAMgA=
debug3: mm_request_send: entering, type 113
debug3: mm_request_receive: entering
debug3: monitor_read: checking request 113
debug3: mm_answer_audit_command: entering
debug2: fd 15 setting O_NONBLOCK
debug2: fd 14 setting O_NONBLOCK
debug2: fd 17 setting O_NONBLOCK
debug3: send packet: type 99
debug2: process_output: session QoS is now non-interactive
debug3: set_sock_tos: set socket 8 IP_TOS 0x00
debug3: receive packet: type 96
debug2: channel 0: rcvd eof
debug2: channel 0: output open -> drain
debug2: channel 0: obuf empty
debug2: chan_shutdown_write: channel 0: (i0 o1 sock -1 wfd 14 efd 17 [read])
debug2: channel 0: output drain -> closed
debug2: channel 0: read 34 from efd 17
debug2: channel 0: rwin 2097152 elen 34 euse 1
debug2: channel 0: sent ext data 34
debug2: channel 0: read failed rfd 15 maxlen 32768: Broken pipe
debug2: channel 0: read failed
debug2: chan_shutdown_read: channel 0: (i0 o3 sock -1 wfd 15 efd 17 [read])
debug2: channel 0: input open -> drain
debug2: channel 0: read 0 from efd 17
debug2: channel 0: closing read-efd 17
debug2: channel 0: ibuf empty
debug2: channel 0: send eof
debug3: send packet: type 96
debug2: channel 0: input drain -> closed
debug1: Received SIGCHLD.
debug1: session_by_pid: pid 75982
debug2: channel 0: request exit-status confirm 0
debug3: send packet: type 98
debug1: session_exit_message: session 0 channel 0 pid 75982 exit 75
debug1: session_exit_message: release channel 0
debug2: channel 0: send_close2
debug2: channel 0: send close for remote id 0
debug3: send packet: type 97
debug3: channel 0: will not send data after close
debug3: receive packet: type 97
debug2: channel 0: rcvd close
debug3: receive packet: type 1
Received disconnect from 127.0.0.1 port 49961:11: disconnected by user
Disconnected from user charlesabrooker 127.0.0.1 port 49961
debug1: do_cleanup
debug3: mm_request_receive: entering
debug3: mm_request_receive: monitor fd closed
debug1: mm_reap: child exited with status 255
debug1: do_cleanup
debug3: BSM audit: typ 0 rc 0 "sshd logout charlesabrooker"
debug3: BSM audit: writing audit new record
BSM audit: bsm_audit_record failed to write "sshd logout charlesabrooker" record: Operation not permitted
debug1: fd 7 clearing O_NONBLOCK
debug2: fd 8 setting O_NONBLOCK
debug1: Forked child 99131.
debug1: rexec start in 7 out 7 newsock 7 config_s 8/9
debug1: sshd-session version OpenSSH_10.3, LibreSSL 3.3.6
debug1: network sockets: 8, 8
debug2: fd 8 setting TCP_NODELAY
debug3: set_sock_tos: set socket 8 IP_TOS 0xb8
debug3: server_process_channel_timeouts: setting 0 timeouts
debug3: channel_clear_timeouts: clearing
debug3: BSM audit: connection from 127.0.0.1 port 49998
debug3: BSM audit: iptype 4 machine ID 0100007f 00000000 00000000 00000000
Connection from 127.0.0.1 port 49998 on 127.0.0.1 port 65101
debug2: fd 8 setting O_NONBLOCK
debug2: server_accept_loop: child 99131 for connection from 127.0.0.1 to 127.0.0.1 received config
debug2: Network child is on pid 99165
debug3: preauth child monitor started
debug3: mm_request_receive: entering
debug3: monitor_read: checking request 51
debug1: mm_answer_state: config len 580
debug3: mm_request_send: entering, type 52
debug3: mm_answer_state: done
debug2: monitor_read: 51 used once, disabling now
debug1: sshd-auth version OpenSSH_10.3, LibreSSL 3.3.6 [preauth]
debug3: server_process_channel_timeouts: setting 0 timeouts [preauth]
debug3: channel_clear_timeouts: clearing [preauth]
debug3: fd 5 is O_NONBLOCK [preauth]
debug3: ssh_sandbox_init: preparing Darwin sandbox [preauth]
debug3: ssh_sandbox_child: starting Darwin sandbox [preauth]
debug1: list_hostkey_types: ssh-ed25519 [preauth]
debug1: Local version string SSH-2.0-OpenSSH_10.3 [preauth]
debug1: Remote protocol version 2.0, remote software version OpenSSH_10.3 [preauth]
debug1: compat_banner: match: OpenSSH_10.3 pat OpenSSH* compat 0x04000000 [preauth]
debug3: mm_sshkey_setcompat: entering [preauth]
debug3: mm_request_send: entering, type 18 [preauth]
debug3: send packet: type 20 [preauth]
debug1: SSH2_MSG_KEXINIT sent [preauth]
debug3: mm_request_receive: entering
debug3: monitor_read: checking request 18
debug3: mm_answer_setcompat: entering
debug2: monitor_read: 18 used once, disabling now
debug3: receive packet: type 20 [preauth]
debug1: SSH2_MSG_KEXINIT received [preauth]
debug2: local server KEXINIT proposal [preauth]
debug2: KEX algorithms: mlkem768x25519-sha256,sntrup761x25519-sha512,sntrup761x25519-sha512@openssh.com,curve25519-sha256,curve25519-sha256@libssh.org,ecdh-sha2-nistp256,ecdh-sha2-nistp384,ecdh-sha2-nistp521,ext-info-s,kex-strict-s-v00@openssh.com [preauth]
debug2: host key algorithms: ssh-ed25519 [preauth]
debug2: ciphers ctos: chacha20-poly1305@openssh.com,aes128-gcm@openssh.com,aes256-gcm@openssh.com,aes128-ctr,aes192-ctr,aes256-ctr [preauth]
debug2: ciphers stoc: chacha20-poly1305@openssh.com,aes128-gcm@openssh.com,aes256-gcm@openssh.com,aes128-ctr,aes192-ctr,aes256-ctr [preauth]
debug2: MACs ctos: umac-64-etm@openssh.com,umac-128-etm@openssh.com,hmac-sha2-256-etm@openssh.com,hmac-sha2-512-etm@openssh.com,hmac-sha1-etm@openssh.com,umac-64@openssh.com,umac-128@openssh.com,hmac-sha2-256,hmac-sha2-512,hmac-sha1 [preauth]
debug2: MACs stoc: umac-64-etm@openssh.com,umac-128-etm@openssh.com,hmac-sha2-256-etm@openssh.com,hmac-sha2-512-etm@openssh.com,hmac-sha1-etm@openssh.com,umac-64@openssh.com,umac-128@openssh.com,hmac-sha2-256,hmac-sha2-512,hmac-sha1 [preauth]
debug2: compression ctos: none,zlib@openssh.com [preauth]
debug2: compression stoc: none,zlib@openssh.com [preauth]
debug2: languages ctos:  [preauth]
debug2: languages stoc:  [preauth]
debug2: first_kex_follows 0  [preauth]
debug2: reserved 0  [preauth]
debug2: peer client KEXINIT proposal [preauth]
debug2: KEX algorithms: mlkem768x25519-sha256,sntrup761x25519-sha512,sntrup761x25519-sha512@openssh.com,curve25519-sha256,curve25519-sha256@libssh.org,ecdh-sha2-nistp256,ecdh-sha2-nistp384,ecdh-sha2-nistp521,diffie-hellman-group-exchange-sha256,diffie-hellman-group16-sha512,diffie-hellman-group18-sha512,diffie-hellman-group14-sha256,ext-info-c,kex-strict-c-v00@openssh.com [preauth]
debug2: host key algorithms: ssh-ed25519-cert-v01@openssh.com,ecdsa-sha2-nistp256-cert-v01@openssh.com,ecdsa-sha2-nistp384-cert-v01@openssh.com,ecdsa-sha2-nistp521-cert-v01@openssh.com,sk-ssh-ed25519-cert-v01@openssh.com,sk-ecdsa-sha2-nistp256-cert-v01@openssh.com,webauthn-sk-ecdsa-sha2-nistp256-cert-v01@openssh.com,rsa-sha2-512-cert-v01@openssh.com,rsa-sha2-256-cert-v01@openssh.com,ssh-ed25519,ecdsa-sha2-nistp256,ecdsa-sha2-nistp384,ecdsa-sha2-nistp521,sk-ssh-ed25519@openssh.com,sk-ecdsa-sha2-nistp256@openssh.com,webauthn-sk-ecdsa-sha2-nistp256@openssh.com,rsa-sha2-512,rsa-sha2-256 [preauth]
debug2: ciphers ctos: chacha20-poly1305@openssh.com,aes128-gcm@openssh.com,aes256-gcm@openssh.com,aes128-ctr,aes192-ctr,aes256-ctr [preauth]
debug2: ciphers stoc: chacha20-poly1305@openssh.com,aes128-gcm@openssh.com,aes256-gcm@openssh.com,aes128-ctr,aes192-ctr,aes256-ctr [preauth]
debug2: MACs ctos: umac-64-etm@openssh.com,umac-128-etm@openssh.com,hmac-sha2-256-etm@openssh.com,hmac-sha2-512-etm@openssh.com,hmac-sha1-etm@openssh.com,umac-64@openssh.com,umac-128@openssh.com,hmac-sha2-256,hmac-sha2-512,hmac-sha1 [preauth]
debug2: MACs stoc: umac-64-etm@openssh.com,umac-128-etm@openssh.com,hmac-sha2-256-etm@openssh.com,hmac-sha2-512-etm@openssh.com,hmac-sha1-etm@openssh.com,umac-64@openssh.com,umac-128@openssh.com,hmac-sha2-256,hmac-sha2-512,hmac-sha1 [preauth]
debug2: compression ctos: none,zlib@openssh.com [preauth]
debug2: compression stoc: none,zlib@openssh.com [preauth]
debug2: languages ctos:  [preauth]
debug2: languages stoc:  [preauth]
debug2: first_kex_follows 0  [preauth]
debug2: reserved 0  [preauth]
debug3: kex_choose_conf: will use strict KEX ordering [preauth]
debug1: kex: algorithm: mlkem768x25519-sha256 [preauth]
debug1: kex: host key algorithm: ssh-ed25519 [preauth]
debug1: kex: client->server cipher: chacha20-poly1305@openssh.com MAC: <implicit> compression: none [preauth]
debug1: kex: server->client cipher: chacha20-poly1305@openssh.com MAC: <implicit> compression: none [preauth]
debug1: expecting SSH2_MSG_KEX_ECDH_INIT [preauth]
debug3: receive packet: type 30 [preauth]
debug1: SSH2_MSG_KEX_ECDH_INIT received [preauth]
debug3: mm_sshkey_sign: entering [preauth]
debug3: mm_request_send: entering, type 6 [preauth]
debug3: mm_sshkey_sign: waiting for MONITOR_ANS_SIGN [preauth]
debug3: mm_request_receive_expect: entering, type 7 [preauth]
debug3: mm_request_receive: entering [preauth]
debug3: mm_request_receive: entering
debug3: monitor_read: checking request 6
debug3: mm_answer_sign: entering
debug1: mm_answer_sign: hostkey ssh-ed25519 index 0
debug3: mm_answer_sign: ssh-ed25519 KEX signature len=83
debug3: mm_request_send: entering, type 7
debug2: monitor_read: 6 used once, disabling now
debug3: mm_sshkey_sign: ssh-ed25519 signature len=83 [preauth]
debug3: send packet: type 31 [preauth]
debug3: send packet: type 21 [preauth]
debug1: ssh_packet_send2_wrapped: resetting send seqnr 3 [preauth]
debug2: ssh_set_newkeys: mode 1 [preauth]
debug1: rekey out after 134217728 blocks [preauth]
debug1: SSH2_MSG_NEWKEYS sent [preauth]
debug1: Sending SSH2_MSG_EXT_INFO [preauth]
debug3: send packet: type 7 [preauth]
debug1: expecting SSH2_MSG_NEWKEYS [preauth]
debug3: receive packet: type 21 [preauth]
debug1: ssh_packet_read_poll2: resetting read seqnr 3 [preauth]
debug1: SSH2_MSG_NEWKEYS received [preauth]
debug2: ssh_set_newkeys: mode 0 [preauth]
debug1: rekey in after 134217728 blocks [preauth]
debug2: KEX algorithms: mlkem768x25519-sha256,sntrup761x25519-sha512,sntrup761x25519-sha512@openssh.com,curve25519-sha256,curve25519-sha256@libssh.org,ecdh-sha2-nistp256,ecdh-sha2-nistp384,ecdh-sha2-nistp521,ext-info-s,kex-strict-s-v00@openssh.com [preauth]
debug2: host key algorithms: ssh-ed25519 [preauth]
debug2: ciphers ctos: chacha20-poly1305@openssh.com,aes128-gcm@openssh.com,aes256-gcm@openssh.com,aes128-ctr,aes192-ctr,aes256-ctr [preauth]
debug2: ciphers stoc: chacha20-poly1305@openssh.com,aes128-gcm@openssh.com,aes256-gcm@openssh.com,aes128-ctr,aes192-ctr,aes256-ctr [preauth]
debug2: MACs ctos: umac-64-etm@openssh.com,umac-128-etm@openssh.com,hmac-sha2-256-etm@openssh.com,hmac-sha2-512-etm@openssh.com,hmac-sha1-etm@openssh.com,umac-64@openssh.com,umac-128@openssh.com,hmac-sha2-256,hmac-sha2-512,hmac-sha1 [preauth]
debug2: MACs stoc: umac-64-etm@openssh.com,umac-128-etm@openssh.com,hmac-sha2-256-etm@openssh.com,hmac-sha2-512-etm@openssh.com,hmac-sha1-etm@openssh.com,umac-64@openssh.com,umac-128@openssh.com,hmac-sha2-256,hmac-sha2-512,hmac-sha1 [preauth]
debug2: compression ctos: none,zlib@openssh.com [preauth]
debug2: compression stoc: none,zlib@openssh.com [preauth]
debug2: languages ctos:  [preauth]
debug2: languages stoc:  [preauth]
debug2: first_kex_follows 0  [preauth]
debug2: reserved 0  [preauth]
debug1: KEX done [preauth]
debug3: receive packet: type 7 [preauth]
debug1: SSH2_MSG_EXT_INFO received [preauth]
debug3: kex_input_ext_info: extension ext-info-in-auth@openssh.com [preauth]
debug1: kex_ext_info_check_ver: ext-info-in-auth@openssh.com=<0> [preauth]
debug3: receive packet: type 5 [preauth]
debug3: send packet: type 6 [preauth]
debug3: receive packet: type 50 [preauth]
debug1: userauth-request for user charlesabrooker service ssh-connection method none [preauth]
debug1: attempt 0 failures 0 [preauth]
debug3: mm_getpwnamallow: entering [preauth]
debug3: mm_request_send: entering, type 8 [preauth]
debug3: mm_getpwnamallow: waiting for MONITOR_ANS_PWNAM [preauth]
debug3: mm_request_receive_expect: entering, type 9 [preauth]
debug3: mm_request_receive: entering [preauth]
debug3: mm_request_receive: entering
debug3: monitor_read: checking request 8
debug3: mm_answer_pwnamallow: entering
debug2: parse_server_config_depth: config reprocess config len 580
debug3: auth2_setup_methods_lists: checking methods
debug1: authentication methods list 0: publickey
debug3: mm_answer_pwnamallow: sending MONITOR_ANS_PWNAM: 1
debug3: mm_request_send: entering, type 9
debug2: monitor_read: 8 used once, disabling now
debug3: server_process_channel_timeouts: setting 0 timeouts [preauth]
debug3: channel_clear_timeouts: clearing [preauth]
debug2: input_userauth_request: setting up authctxt for charlesabrooker [preauth]
debug3: mm_inform_authserv: entering [preauth]
debug3: mm_request_send: entering, type 4 [preauth]
debug1: kex_server_update_ext_info: Sending SSH2_MSG_EXT_INFO [preauth]
debug3: send packet: type 7 [preauth]
debug3: auth2_setup_methods_lists: checking methods [preauth]
debug1: authentication methods list 0: publickey [preauth]
debug3: authmethod_lookup: method none not allowed by AuthenticationMethods [preauth]
debug3: userauth_finish: failure partial=0 next methods="publickey" [preauth]
debug3: send packet: type 51 [preauth]
debug3: mm_request_receive: entering
debug3: monitor_read: checking request 4
debug3: mm_answer_authserv: service=ssh-connection, style=
debug2: monitor_read: 4 used once, disabling now
debug3: receive packet: type 50 [preauth]
debug1: userauth-request for user charlesabrooker service ssh-connection method publickey [preauth]
debug1: attempt 1 failures 0 [preauth]
debug2: input_userauth_request: try method publickey [preauth]
debug2: userauth_pubkey: valid user charlesabrooker querying public key ssh-ed25519 AAAAC3NzaC1lZDI1NTE5AAAAIC29h5YAq/Tle+j2rirq6Xj2QUBhQHpieTMA6puP9ciD [preauth]
debug1: userauth_pubkey: publickey test pkalg ssh-ed25519 pkblob ED25519 SHA256:7sc69UbnYCiAFxuqzOSgt6nekJytNEARRE5FlH7yor0 [preauth]
debug3: mm_key_allowed: entering [preauth]
debug3: mm_request_send: entering, type 22 [preauth]
debug3: mm_key_allowed: waiting for MONITOR_ANS_KEYALLOWED [preauth]
debug3: mm_request_receive_expect: entering, type 23 [preauth]
debug3: mm_request_receive: entering [preauth]
debug3: mm_request_receive: entering
debug3: monitor_read: checking request 22
debug3: mm_answer_keyallowed: entering
debug1: temporarily_use_uid: 501/20 (e=501/20)
debug1: restore_uid: (unprivileged)
debug1: temporarily_use_uid: 501/20 (e=501/20)
debug1: trying public key file /Users/charlesabrooker/.no-mistakes/worktrees/32d18ed9638d/01M48YDAJ274FP0KSXR35TAEYY/.live-validation/remote/user.pub
debug1: fd 9 clearing O_NONBLOCK
debug1: /Users/charlesabrooker/.no-mistakes/worktrees/32d18ed9638d/01M48YDAJ274FP0KSXR35TAEYY/.live-validation/remote/user.pub:1: matching key found: ED25519 SHA256:7sc69UbnYCiAFxuqzOSgt6nekJytNEARRE5FlH7yor0
debug1: /Users/charlesabrooker/.no-mistakes/worktrees/32d18ed9638d/01M48YDAJ274FP0KSXR35TAEYY/.live-validation/remote/user.pub:1: key options: agent-forwarding port-forwarding pty user-rc x11-forwarding
debug3: /Users/charlesabrooker/.no-mistakes/worktrees/32d18ed9638d/01M48YDAJ274FP0KSXR35TAEYY/.live-validation/remote/user.pub:1: key options: agent-forwarding port-forwarding pty user-rc x11-forwarding
Accepted key ED25519 SHA256:7sc69UbnYCiAFxuqzOSgt6nekJytNEARRE5FlH7yor0 found at /Users/charlesabrooker/.no-mistakes/worktrees/32d18ed9638d/01M48YDAJ274FP0KSXR35TAEYY/.live-validation/remote/user.pub:1
debug2: auth_check_authkeys_file: /Users/charlesabrooker/.no-mistakes/worktrees/32d18ed9638d/01M48YDAJ274FP0KSXR35TAEYY/.live-validation/remote/user.pub: processed 1/1 lines
debug1: restore_uid: (unprivileged)
debug3: mm_answer_keyallowed: publickey authentication test: ED25519 key is allowed
debug3: mm_request_send: entering, type 23
debug3: send packet: type 60 [preauth]
debug2: userauth_pubkey: authenticated 0 pkalg ssh-ed25519 [preauth]
debug3: user_specific_delay: user specific delay 1.237ms [preauth]
debug3: ensure_minimum_time_since: elapsed 1.014ms, delaying 5.223ms (requested 6.237ms) [preauth]
Postponed publickey for charlesabrooker from 127.0.0.1 port 49998 ssh2 [preauth]
debug3: receive packet: type 50 [preauth]
debug1: userauth-request for user charlesabrooker service ssh-connection method publickey-hostbound-v00@openssh.com [preauth]
debug1: attempt 2 failures 0 [preauth]
debug2: input_userauth_request: try method publickey-hostbound-v00@openssh.com [preauth]
debug2: userauth_pubkey: valid user charlesabrooker attempting public key ssh-ed25519 AAAAC3NzaC1lZDI1NTE5AAAAIC29h5YAq/Tle+j2rirq6Xj2QUBhQHpieTMA6puP9ciD [preauth]
debug3: userauth_pubkey: publickey-hostbound-v00@openssh.com have ssh-ed25519 signature for ED25519 SHA256:7sc69UbnYCiAFxuqzOSgt6nekJytNEARRE5FlH7yor0 [preauth]
debug3: mm_key_allowed: entering [preauth]
debug3: mm_request_send: entering, type 22 [preauth]
debug3: mm_key_allowed: waiting for MONITOR_ANS_KEYALLOWED [preauth]
debug3: mm_request_receive_expect: entering, type 23 [preauth]
debug3: mm_request_receive: entering [preauth]
debug3: mm_request_receive: entering
debug3: monitor_read: checking request 22
debug3: mm_answer_keyallowed: entering
debug1: temporarily_use_uid: 501/20 (e=501/20)
debug1: restore_uid: (unprivileged)
debug1: temporarily_use_uid: 501/20 (e=501/20)
debug1: trying public key file /Users/charlesabrooker/.no-mistakes/worktrees/32d18ed9638d/01M48YDAJ274FP0KSXR35TAEYY/.live-validation/remote/user.pub
debug1: fd 9 clearing O_NONBLOCK
debug1: /Users/charlesabrooker/.no-mistakes/worktrees/32d18ed9638d/01M48YDAJ274FP0KSXR35TAEYY/.live-validation/remote/user.pub:1: matching key found: ED25519 SHA256:7sc69UbnYCiAFxuqzOSgt6nekJytNEARRE5FlH7yor0
debug1: /Users/charlesabrooker/.no-mistakes/worktrees/32d18ed9638d/01M48YDAJ274FP0KSXR35TAEYY/.live-validation/remote/user.pub:1: key options: agent-forwarding port-forwarding pty user-rc x11-forwarding
debug3: /Users/charlesabrooker/.no-mistakes/worktrees/32d18ed9638d/01M48YDAJ274FP0KSXR35TAEYY/.live-validation/remote/user.pub:1: key options: agent-forwarding port-forwarding pty user-rc x11-forwarding
Accepted key ED25519 SHA256:7sc69UbnYCiAFxuqzOSgt6nekJytNEARRE5FlH7yor0 found at /Users/charlesabrooker/.no-mistakes/worktrees/32d18ed9638d/01M48YDAJ274FP0KSXR35TAEYY/.live-validation/remote/user.pub:1
debug2: auth_check_authkeys_file: /Users/charlesabrooker/.no-mistakes/worktrees/32d18ed9638d/01M48YDAJ274FP0KSXR35TAEYY/.live-validation/remote/user.pub: processed 1/1 lines
debug1: restore_uid: (unprivileged)
debug3: mm_answer_keyallowed: publickey authentication: ED25519 key is allowed
debug3: mm_request_send: entering, type 23
debug3: mm_sshkey_verify: entering [preauth]
debug3: mm_request_send: entering, type 24 [preauth]
debug3: mm_sshkey_verify: waiting for MONITOR_ANS_KEYVERIFY [preauth]
debug3: mm_request_receive_expect: entering, type 25 [preauth]
debug3: mm_request_receive: entering [preauth]
debug3: mm_request_receive: entering
debug3: monitor_read: checking request 24
debug3: mm_answer_keyverify: publickey ED25519 signature using ssh-ed25519 verified
debug1: auth_activate_options: setting new authentication options
debug3: mm_request_send: entering, type 25
debug3: auth2_update_methods_lists: updating methods list after "publickey"
debug2: authentication methods list 0 complete
Accepted publickey for charlesabrooker from 127.0.0.1 port 49998 ssh2: ED25519 SHA256:7sc69UbnYCiAFxuqzOSgt6nekJytNEARRE5FlH7yor0
debug1: monitor_child_preauth: user charlesabrooker authenticated by privileged process
debug3: mm_get_keystate: Waiting for new keys
debug3: mm_request_receive_expect: entering, type 26
debug3: mm_request_receive: entering
debug3: mm_get_keystate: GOT new keys
debug1: auth_activate_options: setting new authentication options [preauth]
debug2: userauth_pubkey: authenticated 1 pkalg ssh-ed25519 [preauth]
debug3: user_specific_delay: user specific delay 1.237ms [preauth]
debug3: ensure_minimum_time_since: elapsed 1.972ms, delaying 4.265ms (requested 6.237ms) [preauth]
debug3: auth2_update_methods_lists: updating methods list after "publickey" [preauth]
debug2: authentication methods list 0 complete [preauth]
debug3: send packet: type 52 [preauth]
debug3: mm_request_send: entering, type 26 [preauth]
debug3: mm_send_keystate: Finished sending state [preauth]
debug1: monitor_read_log: child log fd closed
debug3: monitor_child_preauth: preauth child 99165 terminated successfully
debug2: server_accept_loop: child 99131 for connection from 127.0.0.1 to 127.0.0.1 auth done
debug1: child_close: enter (forcing)
BSM audit: bsm_audit_session_setup: setaudit_addr failed: Operation not permitted
debug3: BSM audit: typ 0 rc 0 "successful login charlesabrooker"
debug3: BSM audit: writing audit new record
BSM audit: bsm_audit_record failed to write "successful login charlesabrooker" record: Operation not permitted
User child is on pid 99434
debug3: monitor_apply_keystate: packet_set_state
debug2: ssh_set_newkeys: mode 0
debug1: rekey in after 134217728 blocks
debug2: ssh_set_newkeys: mode 1
debug1: rekey out after 134217728 blocks
debug1: ssh_packet_set_postauth: called
debug3: ssh_packet_set_state: done
debug3: notify_hostkeys: key 0: ssh-ed25519 SHA256:WwiWglN1fa9aE2Tl8g9MALW85mRMZENG58raojQZH9g
debug3: notify_hostkeys: sent 1 hostkeys
debug3: send packet: type 80
debug1: active: key options: agent-forwarding port-forwarding pty user-rc x11-forwarding
debug3: sending debug message: /Users/charlesabrooker/.no-mistakes/worktrees/32d18ed9638d/01M48YDAJ274FP0KSXR35TAEYY/.live-validation/remote/user.pub:1: key options: agent-forwarding port-forwarding pty user-rc x11-forwarding
debug3: send packet: type 4
debug3: sending debug message: /Users/charlesabrooker/.no-mistakes/worktrees/32d18ed9638d/01M48YDAJ274FP0KSXR35TAEYY/.live-validation/remote/user.pub:1: key options: agent-forwarding port-forwarding pty user-rc x11-forwarding
debug3: send packet: type 4
debug1: Entering interactive session for SSH2.
debug1: server_init_dispatch
debug3: receive packet: type 90
debug1: server_input_channel_open: ctype session rchan 0 win 2097152 max 32768
debug1: input_session_request
debug1: channel 0: new session [server-session] (inactive timeout: 0)
debug2: session_new: allocate (allocated 0 max 10)
debug3: session_unused: session id 0 unused
debug1: session_new: session 0
debug1: session_open: channel 0
debug1: session_open: session 0: link with channel 0
debug1: server_input_channel_open: confirm session
debug3: send packet: type 91
debug3: receive packet: type 80
debug1: server_input_global_request: rtype no-more-sessions@openssh.com want_reply 0
debug2: process_output: session QoS is now interactive
debug3: set_sock_tos: set socket 8 IP_TOS 0xb8
debug3: receive packet: type 98
debug1: server_input_channel_req: channel 0 request env reply 0
debug1: session_by_channel: session 0 channel 0
debug1: session_input_channel_req: session 0 req env
debug2: Ignoring env request LANG: disallowed name
debug3: receive packet: type 98
debug1: server_input_channel_req: channel 0 request exec reply 1
debug1: session_by_channel: session 0 channel 0
debug1: session_input_channel_req: session 0 req exec
debug2: channel_set_xtype: labeled channel 0 as session:command (inactive timeout 0)
Starting session: command for charlesabrooker from 127.0.0.1 port 49998 id 0
debug3: mm_audit_run_command: entering command /usr/bin/env FM_REMOTE_JOB_PLATFORM_OVERRIDE=Linux FM_REMOTE_JOB_STATE_ROOT=/Users/charlesabrooker/.no-mistakes/worktrees/32d18ed9638d/01M48YDAJ274FP0KSXR35TAEYY/.live-validation/remote/jobs /Users/charlesabrooker/.no-mistakes/worktrees/32d18ed9638d/01M48YDAJ274FP0KSXR35TAEYY/.live-validation/remote/checkout/bin/fm-remote-entrypoint.sh 1 L1VzZXJzL2NoYXJsZXNhYnJvb2tlci8ubm8tbWlzdGFrZXMvd29ya3RyZWVzLzMyZDE4ZWQ5NjM4ZC8wMU00OFlEQUoyNzRGUDBLU1hSMzVUQUVZWS8ubGl2ZS12YWxpZGF0aW9uL3JlbW90ZS9jaGVja291dA== L1VzZXJzL2NoYXJsZXNhYnJvb2tlci8ubm8tbWlzdGFrZXMvd29ya3RyZWVzLzMyZDE4ZWQ5NjM4ZC8wMU00OFlEQUoyNzRGUDBLU1hSMzVUQUVZWS8ubGl2ZS12YWxpZGF0aW9uL3JlbW90ZS9tYXRl Zm0tcmVtb3RlLWRlbHRhLXJlYWQuc2gAc3RhdGUvcGFyZW50LXJlcGxpZXMuc3RhdHVzADk1ADI3MDdhZTQ2YWRiMzYzZGJkN2ExMGEyOWQ1NzJkMjhkZjIxMTdkNzliNDhlYThkMzk3ZDM5MWJjMGYyMDAzZjYAMgA=
debug3: mm_request_send: entering, type 113
debug3: mm_request_receive: entering
debug3: monitor_read: checking request 113
debug3: mm_answer_audit_command: entering
debug2: fd 15 setting O_NONBLOCK
debug2: fd 14 setting O_NONBLOCK
debug2: fd 17 setting O_NONBLOCK
debug3: send packet: type 99
debug2: process_output: session QoS is now non-interactive
debug3: set_sock_tos: set socket 8 IP_TOS 0x00
debug3: receive packet: type 96
debug2: channel 0: rcvd eof
debug2: channel 0: output open -> drain
debug2: channel 0: obuf empty
debug2: chan_shutdown_write: channel 0: (i0 o1 sock -1 wfd 14 efd 17 [read])
debug2: channel 0: output drain -> closed
debug2: channel 0: read 34 from efd 17
debug2: channel 0: rwin 2097152 elen 34 euse 1
debug2: channel 0: sent ext data 34
debug2: channel 0: read failed rfd 15 maxlen 32768: Broken pipe
debug2: channel 0: read failed
debug2: chan_shutdown_read: channel 0: (i0 o3 sock -1 wfd 15 efd 17 [read])
debug2: channel 0: input open -> drain
debug2: channel 0: read 0 from efd 17
debug2: channel 0: closing read-efd 17
debug2: channel 0: ibuf empty
debug2: channel 0: send eof
debug3: send packet: type 96
debug2: channel 0: input drain -> closed
debug1: Received SIGCHLD.
debug1: session_by_pid: pid 99451
debug2: channel 0: request exit-status confirm 0
debug3: send packet: type 98
debug1: session_exit_message: session 0 channel 0 pid 99451 exit 75
debug1: session_exit_message: release channel 0
debug2: channel 0: send_close2
debug2: channel 0: send close for remote id 0
debug3: send packet: type 97
debug3: channel 0: will not send data after close
debug3: receive packet: type 97
debug2: channel 0: rcvd close
debug3: receive packet: type 1
Received disconnect from 127.0.0.1 port 49998:11: disconnected by user
Disconnected from user charlesabrooker 127.0.0.1 port 49998
debug1: do_cleanup
debug3: mm_request_receive: entering
debug3: mm_request_receive: monitor fd closed
debug1: mm_reap: child exited with status 255
debug1: do_cleanup
debug3: BSM audit: typ 0 rc 0 "sshd logout charlesabrooker"
debug3: BSM audit: writing audit new record
BSM audit: bsm_audit_record failed to write "sshd logout charlesabrooker" record: Operation not permitted
debug1: fd 7 clearing O_NONBLOCK
debug2: fd 8 setting O_NONBLOCK
debug1: rexec start in 7 out 7 newsock 7 config_s 8/9
debug1: Forked child 25342.
debug1: sshd-session version OpenSSH_10.3, LibreSSL 3.3.6
debug2: server_accept_loop: child 25342 for connection from 127.0.0.1 to 127.0.0.1 received config
debug1: network sockets: 8, 8
debug2: fd 8 setting TCP_NODELAY
debug3: set_sock_tos: set socket 8 IP_TOS 0xb8
debug3: server_process_channel_timeouts: setting 0 timeouts
debug3: channel_clear_timeouts: clearing
debug3: BSM audit: connection from 127.0.0.1 port 50035
debug3: BSM audit: iptype 4 machine ID 0100007f 00000000 00000000 00000000
Connection from 127.0.0.1 port 50035 on 127.0.0.1 port 65101
debug2: fd 8 setting O_NONBLOCK
debug2: Network child is on pid 25383
debug3: preauth child monitor started
debug3: mm_request_receive: entering
debug3: monitor_read: checking request 51
debug1: mm_answer_state: config len 580
debug3: mm_request_send: entering, type 52
debug3: mm_answer_state: done
debug2: monitor_read: 51 used once, disabling now
debug1: sshd-auth version OpenSSH_10.3, LibreSSL 3.3.6 [preauth]
debug3: server_process_channel_timeouts: setting 0 timeouts [preauth]
debug3: channel_clear_timeouts: clearing [preauth]
debug3: fd 5 is O_NONBLOCK [preauth]
debug3: ssh_sandbox_init: preparing Darwin sandbox [preauth]
debug3: ssh_sandbox_child: starting Darwin sandbox [preauth]
debug1: list_hostkey_types: ssh-ed25519 [preauth]
debug1: Local version string SSH-2.0-OpenSSH_10.3 [preauth]
debug1: Remote protocol version 2.0, remote software version OpenSSH_10.3 [preauth]
debug1: compat_banner: match: OpenSSH_10.3 pat OpenSSH* compat 0x04000000 [preauth]
debug3: mm_sshkey_setcompat: entering [preauth]
debug3: mm_request_send: entering, type 18 [preauth]
debug3: send packet: type 20 [preauth]
debug1: SSH2_MSG_KEXINIT sent [preauth]
debug3: mm_request_receive: entering
debug3: monitor_read: checking request 18
debug3: mm_answer_setcompat: entering
debug2: monitor_read: 18 used once, disabling now
debug3: receive packet: type 20 [preauth]
debug1: SSH2_MSG_KEXINIT received [preauth]
debug2: local server KEXINIT proposal [preauth]
debug2: KEX algorithms: mlkem768x25519-sha256,sntrup761x25519-sha512,sntrup761x25519-sha512@openssh.com,curve25519-sha256,curve25519-sha256@libssh.org,ecdh-sha2-nistp256,ecdh-sha2-nistp384,ecdh-sha2-nistp521,ext-info-s,kex-strict-s-v00@openssh.com [preauth]
debug2: host key algorithms: ssh-ed25519 [preauth]
debug2: ciphers ctos: chacha20-poly1305@openssh.com,aes128-gcm@openssh.com,aes256-gcm@openssh.com,aes128-ctr,aes192-ctr,aes256-ctr [preauth]
debug2: ciphers stoc: chacha20-poly1305@openssh.com,aes128-gcm@openssh.com,aes256-gcm@openssh.com,aes128-ctr,aes192-ctr,aes256-ctr [preauth]
debug2: MACs ctos: umac-64-etm@openssh.com,umac-128-etm@openssh.com,hmac-sha2-256-etm@openssh.com,hmac-sha2-512-etm@openssh.com,hmac-sha1-etm@openssh.com,umac-64@openssh.com,umac-128@openssh.com,hmac-sha2-256,hmac-sha2-512,hmac-sha1 [preauth]
debug2: MACs stoc: umac-64-etm@openssh.com,umac-128-etm@openssh.com,hmac-sha2-256-etm@openssh.com,hmac-sha2-512-etm@openssh.com,hmac-sha1-etm@openssh.com,umac-64@openssh.com,umac-128@openssh.com,hmac-sha2-256,hmac-sha2-512,hmac-sha1 [preauth]
debug2: compression ctos: none,zlib@openssh.com [preauth]
debug2: compression stoc: none,zlib@openssh.com [preauth]
debug2: languages ctos:  [preauth]
debug2: languages stoc:  [preauth]
debug2: first_kex_follows 0  [preauth]
debug2: reserved 0  [preauth]
debug2: peer client KEXINIT proposal [preauth]
debug2: KEX algorithms: mlkem768x25519-sha256,sntrup761x25519-sha512,sntrup761x25519-sha512@openssh.com,curve25519-sha256,curve25519-sha256@libssh.org,ecdh-sha2-nistp256,ecdh-sha2-nistp384,ecdh-sha2-nistp521,diffie-hellman-group-exchange-sha256,diffie-hellman-group16-sha512,diffie-hellman-group18-sha512,diffie-hellman-group14-sha256,ext-info-c,kex-strict-c-v00@openssh.com [preauth]
debug2: host key algorithms: ssh-ed25519-cert-v01@openssh.com,ecdsa-sha2-nistp256-cert-v01@openssh.com,ecdsa-sha2-nistp384-cert-v01@openssh.com,ecdsa-sha2-nistp521-cert-v01@openssh.com,sk-ssh-ed25519-cert-v01@openssh.com,sk-ecdsa-sha2-nistp256-cert-v01@openssh.com,webauthn-sk-ecdsa-sha2-nistp256-cert-v01@openssh.com,rsa-sha2-512-cert-v01@openssh.com,rsa-sha2-256-cert-v01@openssh.com,ssh-ed25519,ecdsa-sha2-nistp256,ecdsa-sha2-nistp384,ecdsa-sha2-nistp521,sk-ssh-ed25519@openssh.com,sk-ecdsa-sha2-nistp256@openssh.com,webauthn-sk-ecdsa-sha2-nistp256@openssh.com,rsa-sha2-512,rsa-sha2-256 [preauth]
debug2: ciphers ctos: chacha20-poly1305@openssh.com,aes128-gcm@openssh.com,aes256-gcm@openssh.com,aes128-ctr,aes192-ctr,aes256-ctr [preauth]
debug2: ciphers stoc: chacha20-poly1305@openssh.com,aes128-gcm@openssh.com,aes256-gcm@openssh.com,aes128-ctr,aes192-ctr,aes256-ctr [preauth]
debug2: MACs ctos: umac-64-etm@openssh.com,umac-128-etm@openssh.com,hmac-sha2-256-etm@openssh.com,hmac-sha2-512-etm@openssh.com,hmac-sha1-etm@openssh.com,umac-64@openssh.com,umac-128@openssh.com,hmac-sha2-256,hmac-sha2-512,hmac-sha1 [preauth]
debug2: MACs stoc: umac-64-etm@openssh.com,umac-128-etm@openssh.com,hmac-sha2-256-etm@openssh.com,hmac-sha2-512-etm@openssh.com,hmac-sha1-etm@openssh.com,umac-64@openssh.com,umac-128@openssh.com,hmac-sha2-256,hmac-sha2-512,hmac-sha1 [preauth]
debug2: compression ctos: none,zlib@openssh.com [preauth]
debug2: compression stoc: none,zlib@openssh.com [preauth]
debug2: languages ctos:  [preauth]
debug2: languages stoc:  [preauth]
debug2: first_kex_follows 0  [preauth]
debug2: reserved 0  [preauth]
debug3: kex_choose_conf: will use strict KEX ordering [preauth]
debug1: kex: algorithm: mlkem768x25519-sha256 [preauth]
debug1: kex: host key algorithm: ssh-ed25519 [preauth]
debug1: kex: client->server cipher: chacha20-poly1305@openssh.com MAC: <implicit> compression: none [preauth]
debug1: kex: server->client cipher: chacha20-poly1305@openssh.com MAC: <implicit> compression: none [preauth]
debug1: expecting SSH2_MSG_KEX_ECDH_INIT [preauth]
debug3: receive packet: type 30 [preauth]
debug1: SSH2_MSG_KEX_ECDH_INIT received [preauth]
debug3: mm_sshkey_sign: entering [preauth]
debug3: mm_request_send: entering, type 6 [preauth]
debug3: mm_sshkey_sign: waiting for MONITOR_ANS_SIGN [preauth]
debug3: mm_request_receive_expect: entering, type 7 [preauth]
debug3: mm_request_receive: entering [preauth]
debug3: mm_request_receive: entering
debug3: monitor_read: checking request 6
debug3: mm_answer_sign: entering
debug1: mm_answer_sign: hostkey ssh-ed25519 index 0
debug3: mm_answer_sign: ssh-ed25519 KEX signature len=83
debug3: mm_request_send: entering, type 7
debug2: monitor_read: 6 used once, disabling now
debug3: mm_sshkey_sign: ssh-ed25519 signature len=83 [preauth]
debug3: send packet: type 31 [preauth]
debug3: send packet: type 21 [preauth]
debug1: ssh_packet_send2_wrapped: resetting send seqnr 3 [preauth]
debug2: ssh_set_newkeys: mode 1 [preauth]
debug1: rekey out after 134217728 blocks [preauth]
debug1: SSH2_MSG_NEWKEYS sent [preauth]
debug1: Sending SSH2_MSG_EXT_INFO [preauth]
debug3: send packet: type 7 [preauth]
debug1: expecting SSH2_MSG_NEWKEYS [preauth]
debug3: receive packet: type 21 [preauth]
debug1: ssh_packet_read_poll2: resetting read seqnr 3 [preauth]
debug1: SSH2_MSG_NEWKEYS received [preauth]
debug2: ssh_set_newkeys: mode 0 [preauth]
debug1: rekey in after 134217728 blocks [preauth]
debug2: KEX algorithms: mlkem768x25519-sha256,sntrup761x25519-sha512,sntrup761x25519-sha512@openssh.com,curve25519-sha256,curve25519-sha256@libssh.org,ecdh-sha2-nistp256,ecdh-sha2-nistp384,ecdh-sha2-nistp521,ext-info-s,kex-strict-s-v00@openssh.com [preauth]
debug2: host key algorithms: ssh-ed25519 [preauth]
debug2: ciphers ctos: chacha20-poly1305@openssh.com,aes128-gcm@openssh.com,aes256-gcm@openssh.com,aes128-ctr,aes192-ctr,aes256-ctr [preauth]
debug2: ciphers stoc: chacha20-poly1305@openssh.com,aes128-gcm@openssh.com,aes256-gcm@openssh.com,aes128-ctr,aes192-ctr,aes256-ctr [preauth]
debug2: MACs ctos: umac-64-etm@openssh.com,umac-128-etm@openssh.com,hmac-sha2-256-etm@openssh.com,hmac-sha2-512-etm@openssh.com,hmac-sha1-etm@openssh.com,umac-64@openssh.com,umac-128@openssh.com,hmac-sha2-256,hmac-sha2-512,hmac-sha1 [preauth]
debug2: MACs stoc: umac-64-etm@openssh.com,umac-128-etm@openssh.com,hmac-sha2-256-etm@openssh.com,hmac-sha2-512-etm@openssh.com,hmac-sha1-etm@openssh.com,umac-64@openssh.com,umac-128@openssh.com,hmac-sha2-256,hmac-sha2-512,hmac-sha1 [preauth]
debug2: compression ctos: none,zlib@openssh.com [preauth]
debug2: compression stoc: none,zlib@openssh.com [preauth]
debug2: languages ctos:  [preauth]
debug2: languages stoc:  [preauth]
debug2: first_kex_follows 0  [preauth]
debug2: reserved 0  [preauth]
debug1: KEX done [preauth]
debug3: receive packet: type 7 [preauth]
debug1: SSH2_MSG_EXT_INFO received [preauth]
debug3: kex_input_ext_info: extension ext-info-in-auth@openssh.com [preauth]
debug1: kex_ext_info_check_ver: ext-info-in-auth@openssh.com=<0> [preauth]
debug3: receive packet: type 5 [preauth]
debug3: send packet: type 6 [preauth]
debug3: receive packet: type 50 [preauth]
debug1: userauth-request for user charlesabrooker service ssh-connection method none [preauth]
debug1: attempt 0 failures 0 [preauth]
debug3: mm_getpwnamallow: entering [preauth]
debug3: mm_request_send: entering, type 8 [preauth]
debug3: mm_getpwnamallow: waiting for MONITOR_ANS_PWNAM [preauth]
debug3: mm_request_receive_expect: entering, type 9 [preauth]
debug3: mm_request_receive: entering [preauth]
debug3: mm_request_receive: entering
debug3: monitor_read: checking request 8
debug3: mm_answer_pwnamallow: entering
debug2: parse_server_config_depth: config reprocess config len 580
debug3: auth2_setup_methods_lists: checking methods
debug1: authentication methods list 0: publickey
debug3: mm_answer_pwnamallow: sending MONITOR_ANS_PWNAM: 1
debug3: mm_request_send: entering, type 9
debug2: monitor_read: 8 used once, disabling now
debug3: server_process_channel_timeouts: setting 0 timeouts [preauth]
debug3: channel_clear_timeouts: clearing [preauth]
debug2: input_userauth_request: setting up authctxt for charlesabrooker [preauth]
debug3: mm_inform_authserv: entering [preauth]
debug3: mm_request_send: entering, type 4 [preauth]
debug1: kex_server_update_ext_info: Sending SSH2_MSG_EXT_INFO [preauth]
debug3: send packet: type 7 [preauth]
debug3: auth2_setup_methods_lists: checking methods [preauth]
debug1: authentication methods list 0: publickey [preauth]
debug3: authmethod_lookup: method none not allowed by AuthenticationMethods [preauth]
debug3: userauth_finish: failure partial=0 next methods="publickey" [preauth]
debug3: send packet: type 51 [preauth]
debug3: mm_request_receive: entering
debug3: monitor_read: checking request 4
debug3: mm_answer_authserv: service=ssh-connection, style=
debug2: monitor_read: 4 used once, disabling now
debug3: receive packet: type 50 [preauth]
debug1: userauth-request for user charlesabrooker service ssh-connection method publickey [preauth]
debug1: attempt 1 failures 0 [preauth]
debug2: input_userauth_request: try method publickey [preauth]
debug2: userauth_pubkey: valid user charlesabrooker querying public key ssh-ed25519 AAAAC3NzaC1lZDI1NTE5AAAAIC29h5YAq/Tle+j2rirq6Xj2QUBhQHpieTMA6puP9ciD [preauth]
debug1: userauth_pubkey: publickey test pkalg ssh-ed25519 pkblob ED25519 SHA256:7sc69UbnYCiAFxuqzOSgt6nekJytNEARRE5FlH7yor0 [preauth]
debug3: mm_key_allowed: entering [preauth]
debug3: mm_request_send: entering, type 22 [preauth]
debug3: mm_key_allowed: waiting for MONITOR_ANS_KEYALLOWED [preauth]
debug3: mm_request_receive_expect: entering, type 23 [preauth]
debug3: mm_request_receive: entering [preauth]
debug3: mm_request_receive: entering
debug3: monitor_read: checking request 22
debug3: mm_answer_keyallowed: entering
debug1: temporarily_use_uid: 501/20 (e=501/20)
debug1: restore_uid: (unprivileged)
debug1: temporarily_use_uid: 501/20 (e=501/20)
debug1: trying public key file /Users/charlesabrooker/.no-mistakes/worktrees/32d18ed9638d/01M48YDAJ274FP0KSXR35TAEYY/.live-validation/remote/user.pub
debug1: fd 9 clearing O_NONBLOCK
debug1: /Users/charlesabrooker/.no-mistakes/worktrees/32d18ed9638d/01M48YDAJ274FP0KSXR35TAEYY/.live-validation/remote/user.pub:1: matching key found: ED25519 SHA256:7sc69UbnYCiAFxuqzOSgt6nekJytNEARRE5FlH7yor0
debug1: /Users/charlesabrooker/.no-mistakes/worktrees/32d18ed9638d/01M48YDAJ274FP0KSXR35TAEYY/.live-validation/remote/user.pub:1: key options: agent-forwarding port-forwarding pty user-rc x11-forwarding
debug3: /Users/charlesabrooker/.no-mistakes/worktrees/32d18ed9638d/01M48YDAJ274FP0KSXR35TAEYY/.live-validation/remote/user.pub:1: key options: agent-forwarding port-forwarding pty user-rc x11-forwarding
Accepted key ED25519 SHA256:7sc69UbnYCiAFxuqzOSgt6nekJytNEARRE5FlH7yor0 found at /Users/charlesabrooker/.no-mistakes/worktrees/32d18ed9638d/01M48YDAJ274FP0KSXR35TAEYY/.live-validation/remote/user.pub:1
debug2: auth_check_authkeys_file: /Users/charlesabrooker/.no-mistakes/worktrees/32d18ed9638d/01M48YDAJ274FP0KSXR35TAEYY/.live-validation/remote/user.pub: processed 1/1 lines
debug1: restore_uid: (unprivileged)
debug3: mm_answer_keyallowed: publickey authentication test: ED25519 key is allowed
debug3: mm_request_send: entering, type 23
debug3: send packet: type 60 [preauth]
debug2: userauth_pubkey: authenticated 0 pkalg ssh-ed25519 [preauth]
debug3: user_specific_delay: user specific delay 1.237ms [preauth]
debug3: ensure_minimum_time_since: elapsed 0.729ms, delaying 5.508ms (requested 6.237ms) [preauth]
Postponed publickey for charlesabrooker from 127.0.0.1 port 50035 ssh2 [preauth]
debug3: receive packet: type 50 [preauth]
debug1: userauth-request for user charlesabrooker service ssh-connection method publickey-hostbound-v00@openssh.com [preauth]
debug1: attempt 2 failures 0 [preauth]
debug2: input_userauth_request: try method publickey-hostbound-v00@openssh.com [preauth]
debug2: userauth_pubkey: valid user charlesabrooker attempting public key ssh-ed25519 AAAAC3NzaC1lZDI1NTE5AAAAIC29h5YAq/Tle+j2rirq6Xj2QUBhQHpieTMA6puP9ciD [preauth]
debug3: userauth_pubkey: publickey-hostbound-v00@openssh.com have ssh-ed25519 signature for ED25519 SHA256:7sc69UbnYCiAFxuqzOSgt6nekJytNEARRE5FlH7yor0 [preauth]
debug3: mm_key_allowed: entering [preauth]
debug3: mm_request_send: entering, type 22 [preauth]
debug3: mm_key_allowed: waiting for MONITOR_ANS_KEYALLOWED [preauth]
debug3: mm_request_receive_expect: entering, type 23 [preauth]
debug3: mm_request_receive: entering [preauth]
debug3: mm_request_receive: entering
debug3: monitor_read: checking request 22
debug3: mm_answer_keyallowed: entering
debug1: temporarily_use_uid: 501/20 (e=501/20)
debug1: restore_uid: (unprivileged)
debug1: temporarily_use_uid: 501/20 (e=501/20)
debug1: trying public key file /Users/charlesabrooker/.no-mistakes/worktrees/32d18ed9638d/01M48YDAJ274FP0KSXR35TAEYY/.live-validation/remote/user.pub
debug1: fd 9 clearing O_NONBLOCK
debug1: /Users/charlesabrooker/.no-mistakes/worktrees/32d18ed9638d/01M48YDAJ274FP0KSXR35TAEYY/.live-validation/remote/user.pub:1: matching key found: ED25519 SHA256:7sc69UbnYCiAFxuqzOSgt6nekJytNEARRE5FlH7yor0
debug1: /Users/charlesabrooker/.no-mistakes/worktrees/32d18ed9638d/01M48YDAJ274FP0KSXR35TAEYY/.live-validation/remote/user.pub:1: key options: agent-forwarding port-forwarding pty user-rc x11-forwarding
debug3: /Users/charlesabrooker/.no-mistakes/worktrees/32d18ed9638d/01M48YDAJ274FP0KSXR35TAEYY/.live-validation/remote/user.pub:1: key options: agent-forwarding port-forwarding pty user-rc x11-forwarding
Accepted key ED25519 SHA256:7sc69UbnYCiAFxuqzOSgt6nekJytNEARRE5FlH7yor0 found at /Users/charlesabrooker/.no-mistakes/worktrees/32d18ed9638d/01M48YDAJ274FP0KSXR35TAEYY/.live-validation/remote/user.pub:1
debug2: auth_check_authkeys_file: /Users/charlesabrooker/.no-mistakes/worktrees/32d18ed9638d/01M48YDAJ274FP0KSXR35TAEYY/.live-validation/remote/user.pub: processed 1/1 lines
debug1: restore_uid: (unprivileged)
debug3: mm_answer_keyallowed: publickey authentication: ED25519 key is allowed
debug3: mm_request_send: entering, type 23
debug3: mm_sshkey_verify: entering [preauth]
debug3: mm_request_send: entering, type 24 [preauth]
debug3: mm_sshkey_verify: waiting for MONITOR_ANS_KEYVERIFY [preauth]
debug3: mm_request_receive_expect: entering, type 25 [preauth]
debug3: mm_request_receive: entering [preauth]
debug3: mm_request_receive: entering
debug3: monitor_read: checking request 24
debug3: mm_answer_keyverify: publickey ED25519 signature using ssh-ed25519 verified
debug1: auth_activate_options: setting new authentication options
debug3: mm_request_send: entering, type 25
debug3: auth2_update_methods_lists: updating methods list after "publickey"
debug2: authentication methods list 0 complete
Accepted publickey for charlesabrooker from 127.0.0.1 port 50035 ssh2: ED25519 SHA256:7sc69UbnYCiAFxuqzOSgt6nekJytNEARRE5FlH7yor0
debug1: monitor_child_preauth: user charlesabrooker authenticated by privileged process
debug3: mm_get_keystate: Waiting for new keys
debug3: mm_request_receive_expect: entering, type 26
debug3: mm_request_receive: entering
debug3: mm_get_keystate: GOT new keys
debug1: auth_activate_options: setting new authentication options [preauth]
debug2: userauth_pubkey: authenticated 1 pkalg ssh-ed25519 [preauth]
debug3: user_specific_delay: user specific delay 1.237ms [preauth]
debug3: ensure_minimum_time_since: elapsed 2.963ms, delaying 3.274ms (requested 6.237ms) [preauth]
debug3: auth2_update_methods_lists: updating methods list after "publickey" [preauth]
debug2: authentication methods list 0 complete [preauth]
debug3: send packet: type 52 [preauth]
debug3: mm_request_send: entering, type 26 [preauth]
debug3: mm_send_keystate: Finished sending state [preauth]
debug1: monitor_read_log: child log fd closed
debug3: monitor_child_preauth: preauth child 25383 terminated successfully
BSM audit: bsm_audit_session_setup: setaudit_addr failed: Operation not permitted
debug2: server_accept_loop: child 25342 for connection from 127.0.0.1 to 127.0.0.1 auth done
debug1: child_close: enter (forcing)
debug3: BSM audit: typ 0 rc 0 "successful login charlesabrooker"
debug3: BSM audit: writing audit new record
BSM audit: bsm_audit_record failed to write "successful login charlesabrooker" record: Operation not permitted
User child is on pid 25671
debug3: monitor_apply_keystate: packet_set_state
debug2: ssh_set_newkeys: mode 0
debug1: rekey in after 134217728 blocks
debug2: ssh_set_newkeys: mode 1
debug1: rekey out after 134217728 blocks
debug1: ssh_packet_set_postauth: called
debug3: ssh_packet_set_state: done
debug3: notify_hostkeys: key 0: ssh-ed25519 SHA256:WwiWglN1fa9aE2Tl8g9MALW85mRMZENG58raojQZH9g
debug3: notify_hostkeys: sent 1 hostkeys
debug3: send packet: type 80
debug1: active: key options: agent-forwarding port-forwarding pty user-rc x11-forwarding
debug3: sending debug message: /Users/charlesabrooker/.no-mistakes/worktrees/32d18ed9638d/01M48YDAJ274FP0KSXR35TAEYY/.live-validation/remote/user.pub:1: key options: agent-forwarding port-forwarding pty user-rc x11-forwarding
debug3: send packet: type 4
debug3: sending debug message: /Users/charlesabrooker/.no-mistakes/worktrees/32d18ed9638d/01M48YDAJ274FP0KSXR35TAEYY/.live-validation/remote/user.pub:1: key options: agent-forwarding port-forwarding pty user-rc x11-forwarding
debug3: send packet: type 4
debug1: Entering interactive session for SSH2.
debug1: server_init_dispatch
debug3: receive packet: type 90
debug1: server_input_channel_open: ctype session rchan 0 win 2097152 max 32768
debug1: input_session_request
debug1: channel 0: new session [server-session] (inactive timeout: 0)
debug2: session_new: allocate (allocated 0 max 10)
debug3: session_unused: session id 0 unused
debug1: session_new: session 0
debug1: session_open: channel 0
debug1: session_open: session 0: link with channel 0
debug1: server_input_channel_open: confirm session
debug3: send packet: type 91
debug3: receive packet: type 80
debug1: server_input_global_request: rtype no-more-sessions@openssh.com want_reply 0
debug2: process_output: session QoS is now interactive
debug3: set_sock_tos: set socket 8 IP_TOS 0xb8
debug3: receive packet: type 98
debug1: server_input_channel_req: channel 0 request env reply 0
debug1: session_by_channel: session 0 channel 0
debug1: session_input_channel_req: session 0 req env
debug2: Ignoring env request LANG: disallowed name
debug3: receive packet: type 98
debug1: server_input_channel_req: channel 0 request exec reply 1
debug1: session_by_channel: session 0 channel 0
debug1: session_input_channel_req: session 0 req exec
debug2: channel_set_xtype: labeled channel 0 as session:command (inactive timeout 0)
Starting session: command for charlesabrooker from 127.0.0.1 port 50035 id 0
debug3: mm_audit_run_command: entering command /usr/bin/env FM_REMOTE_JOB_PLATFORM_OVERRIDE=Linux FM_REMOTE_JOB_STATE_ROOT=/Users/charlesabrooker/.no-mistakes/worktrees/32d18ed9638d/01M48YDAJ274FP0KSXR35TAEYY/.live-validation/remote/jobs /Users/charlesabrooker/.no-mistakes/worktrees/32d18ed9638d/01M48YDAJ274FP0KSXR35TAEYY/.live-validation/remote/checkout/bin/fm-remote-entrypoint.sh 1 L1VzZXJzL2NoYXJsZXNhYnJvb2tlci8ubm8tbWlzdGFrZXMvd29ya3RyZWVzLzMyZDE4ZWQ5NjM4ZC8wMU00OFlEQUoyNzRGUDBLU1hSMzVUQUVZWS8ubGl2ZS12YWxpZGF0aW9uL3JlbW90ZS9jaGVja291dA== L1VzZXJzL2NoYXJsZXNhYnJvb2tlci8ubm8tbWlzdGFrZXMvd29ya3RyZWVzLzMyZDE4ZWQ5NjM4ZC8wMU00OFlEQUoyNzRGUDBLU1hSMzVUQUVZWS8ubGl2ZS12YWxpZGF0aW9uL3JlbW90ZS9tYXRl Zm0tcmVtb3RlLWRlbHRhLXJlYWQuc2gAc3RhdGUvcGFyZW50LXJlcGxpZXMuc3RhdHVzADk1ADI3MDdhZTQ2YWRiMzYzZGJkN2ExMGEyOWQ1NzJkMjhkZjIxMTdkNzliNDhlYThkMzk3ZDM5MWJjMGYyMDAzZjYAMgA=
debug3: mm_request_send: entering, type 113
debug3: mm_request_receive: entering
debug3: monitor_read: checking request 113
debug3: mm_answer_audit_command: entering
debug2: fd 15 setting O_NONBLOCK
debug2: fd 14 setting O_NONBLOCK
debug2: fd 17 setting O_NONBLOCK
debug3: send packet: type 99
debug2: process_output: session QoS is now non-interactive
debug3: set_sock_tos: set socket 8 IP_TOS 0x00
debug3: receive packet: type 96
debug2: channel 0: rcvd eof
debug2: channel 0: output open -> drain
debug2: channel 0: obuf empty
debug2: chan_shutdown_write: channel 0: (i0 o1 sock -1 wfd 14 efd 17 [read])
debug2: channel 0: output drain -> closed
debug2: channel 0: read 34 from efd 17
debug2: channel 0: rwin 2097152 elen 34 euse 1
debug2: channel 0: sent ext data 34
debug2: channel 0: read failed rfd 15 maxlen 32768: Broken pipe
debug2: channel 0: read failed
debug2: chan_shutdown_read: channel 0: (i0 o3 sock -1 wfd 15 efd 17 [read])
debug2: channel 0: input open -> drain
debug2: channel 0: read 0 from efd 17
debug2: channel 0: closing read-efd 17
debug2: channel 0: ibuf empty
debug2: channel 0: send eof
debug3: send packet: type 96
debug2: channel 0: input drain -> closed
debug1: Received SIGCHLD.
debug1: session_by_pid: pid 25687
debug2: channel 0: request exit-status confirm 0
debug3: send packet: type 98
debug1: session_exit_message: session 0 channel 0 pid 25687 exit 0
debug1: session_exit_message: release channel 0
debug2: channel 0: send_close2
debug2: channel 0: send close for remote id 0
debug3: send packet: type 97
debug3: channel 0: will not send data after close
debug3: receive packet: type 97
debug2: channel 0: rcvd close
debug3: receive packet: type 1
Received disconnect from 127.0.0.1 port 50035:11: disconnected by user
Disconnected from user charlesabrooker 127.0.0.1 port 50035
debug1: do_cleanup
debug3: mm_request_receive: entering
debug3: mm_request_receive: monitor fd closed
debug1: mm_reap: child exited with status 255
debug1: do_cleanup
debug3: BSM audit: typ 0 rc 0 "sshd logout charlesabrooker"
debug3: BSM audit: writing audit new record
BSM audit: bsm_audit_record failed to write "sshd logout charlesabrooker" record: Operation not permitted
debug1: fd 7 clearing O_NONBLOCK
debug2: fd 8 setting O_NONBLOCK
debug1: rexec start in 7 out 7 newsock 7 config_s 8/9
debug1: Forked child 45615.
debug1: sshd-session version OpenSSH_10.3, LibreSSL 3.3.6
debug1: network sockets: 8, 8
debug2: fd 8 setting TCP_NODELAY
debug3: set_sock_tos: set socket 8 IP_TOS 0xb8
debug2: server_accept_loop: child 45615 for connection from 127.0.0.1 to 127.0.0.1 received config
debug3: server_process_channel_timeouts: setting 0 timeouts
debug3: channel_clear_timeouts: clearing
debug3: BSM audit: connection from 127.0.0.1 port 50110
debug3: BSM audit: iptype 4 machine ID 0100007f 00000000 00000000 00000000
Connection from 127.0.0.1 port 50110 on 127.0.0.1 port 65101
debug2: fd 8 setting O_NONBLOCK
debug2: Network child is on pid 45657
debug3: preauth child monitor started
debug3: mm_request_receive: entering
debug3: monitor_read: checking request 51
debug1: mm_answer_state: config len 580
debug3: mm_request_send: entering, type 52
debug3: mm_answer_state: done
debug2: monitor_read: 51 used once, disabling now
debug1: sshd-auth version OpenSSH_10.3, LibreSSL 3.3.6 [preauth]
debug3: server_process_channel_timeouts: setting 0 timeouts [preauth]
debug3: channel_clear_timeouts: clearing [preauth]
debug3: fd 5 is O_NONBLOCK [preauth]
debug3: ssh_sandbox_init: preparing Darwin sandbox [preauth]
debug3: ssh_sandbox_child: starting Darwin sandbox [preauth]
debug1: list_hostkey_types: ssh-ed25519 [preauth]
debug1: Local version string SSH-2.0-OpenSSH_10.3 [preauth]
debug1: Remote protocol version 2.0, remote software version OpenSSH_10.3 [preauth]
debug1: compat_banner: match: OpenSSH_10.3 pat OpenSSH* compat 0x04000000 [preauth]
debug3: mm_sshkey_setcompat: entering [preauth]
debug3: mm_request_send: entering, type 18 [preauth]
debug3: send packet: type 20 [preauth]
debug1: SSH2_MSG_KEXINIT sent [preauth]
debug3: mm_request_receive: entering
debug3: monitor_read: checking request 18
debug3: mm_answer_setcompat: entering
debug2: monitor_read: 18 used once, disabling now
debug3: receive packet: type 20 [preauth]
debug1: SSH2_MSG_KEXINIT received [preauth]
debug2: local server KEXINIT proposal [preauth]
debug2: KEX algorithms: mlkem768x25519-sha256,sntrup761x25519-sha512,sntrup761x25519-sha512@openssh.com,curve25519-sha256,curve25519-sha256@libssh.org,ecdh-sha2-nistp256,ecdh-sha2-nistp384,ecdh-sha2-nistp521,ext-info-s,kex-strict-s-v00@openssh.com [preauth]
debug2: host key algorithms: ssh-ed25519 [preauth]
debug2: ciphers ctos: chacha20-poly1305@openssh.com,aes128-gcm@openssh.com,aes256-gcm@openssh.com,aes128-ctr,aes192-ctr,aes256-ctr [preauth]
debug2: ciphers stoc: chacha20-poly1305@openssh.com,aes128-gcm@openssh.com,aes256-gcm@openssh.com,aes128-ctr,aes192-ctr,aes256-ctr [preauth]
debug2: MACs ctos: umac-64-etm@openssh.com,umac-128-etm@openssh.com,hmac-sha2-256-etm@openssh.com,hmac-sha2-512-etm@openssh.com,hmac-sha1-etm@openssh.com,umac-64@openssh.com,umac-128@openssh.com,hmac-sha2-256,hmac-sha2-512,hmac-sha1 [preauth]
debug2: MACs stoc: umac-64-etm@openssh.com,umac-128-etm@openssh.com,hmac-sha2-256-etm@openssh.com,hmac-sha2-512-etm@openssh.com,hmac-sha1-etm@openssh.com,umac-64@openssh.com,umac-128@openssh.com,hmac-sha2-256,hmac-sha2-512,hmac-sha1 [preauth]
debug2: compression ctos: none,zlib@openssh.com [preauth]
debug2: compression stoc: none,zlib@openssh.com [preauth]
debug2: languages ctos:  [preauth]
debug2: languages stoc:  [preauth]
debug2: first_kex_follows 0  [preauth]
debug2: reserved 0  [preauth]
debug2: peer client KEXINIT proposal [preauth]
debug2: KEX algorithms: mlkem768x25519-sha256,sntrup761x25519-sha512,sntrup761x25519-sha512@openssh.com,curve25519-sha256,curve25519-sha256@libssh.org,ecdh-sha2-nistp256,ecdh-sha2-nistp384,ecdh-sha2-nistp521,diffie-hellman-group-exchange-sha256,diffie-hellman-group16-sha512,diffie-hellman-group18-sha512,diffie-hellman-group14-sha256,ext-info-c,kex-strict-c-v00@openssh.com [preauth]
debug2: host key algorithms: ssh-ed25519-cert-v01@openssh.com,ecdsa-sha2-nistp256-cert-v01@openssh.com,ecdsa-sha2-nistp384-cert-v01@openssh.com,ecdsa-sha2-nistp521-cert-v01@openssh.com,sk-ssh-ed25519-cert-v01@openssh.com,sk-ecdsa-sha2-nistp256-cert-v01@openssh.com,webauthn-sk-ecdsa-sha2-nistp256-cert-v01@openssh.com,rsa-sha2-512-cert-v01@openssh.com,rsa-sha2-256-cert-v01@openssh.com,ssh-ed25519,ecdsa-sha2-nistp256,ecdsa-sha2-nistp384,ecdsa-sha2-nistp521,sk-ssh-ed25519@openssh.com,sk-ecdsa-sha2-nistp256@openssh.com,webauthn-sk-ecdsa-sha2-nistp256@openssh.com,rsa-sha2-512,rsa-sha2-256 [preauth]
debug2: ciphers ctos: chacha20-poly1305@openssh.com,aes128-gcm@openssh.com,aes256-gcm@openssh.com,aes128-ctr,aes192-ctr,aes256-ctr [preauth]
debug2: ciphers stoc: chacha20-poly1305@openssh.com,aes128-gcm@openssh.com,aes256-gcm@openssh.com,aes128-ctr,aes192-ctr,aes256-ctr [preauth]
debug2: MACs ctos: umac-64-etm@openssh.com,umac-128-etm@openssh.com,hmac-sha2-256-etm@openssh.com,hmac-sha2-512-etm@openssh.com,hmac-sha1-etm@openssh.com,umac-64@openssh.com,umac-128@openssh.com,hmac-sha2-256,hmac-sha2-512,hmac-sha1 [preauth]
debug2: MACs stoc: umac-64-etm@openssh.com,umac-128-etm@openssh.com,hmac-sha2-256-etm@openssh.com,hmac-sha2-512-etm@openssh.com,hmac-sha1-etm@openssh.com,umac-64@openssh.com,umac-128@openssh.com,hmac-sha2-256,hmac-sha2-512,hmac-sha1 [preauth]
debug2: compression ctos: none,zlib@openssh.com [preauth]
debug2: compression stoc: none,zlib@openssh.com [preauth]
debug2: languages ctos:  [preauth]
debug2: languages stoc:  [preauth]
debug2: first_kex_follows 0  [preauth]
debug2: reserved 0  [preauth]
debug3: kex_choose_conf: will use strict KEX ordering [preauth]
debug1: kex: algorithm: mlkem768x25519-sha256 [preauth]
debug1: kex: host key algorithm: ssh-ed25519 [preauth]
debug1: kex: client->server cipher: chacha20-poly1305@openssh.com MAC: <implicit> compression: none [preauth]
debug1: kex: server->client cipher: chacha20-poly1305@openssh.com MAC: <implicit> compression: none [preauth]
debug1: expecting SSH2_MSG_KEX_ECDH_INIT [preauth]
debug3: receive packet: type 30 [preauth]
debug1: SSH2_MSG_KEX_ECDH_INIT received [preauth]
debug3: mm_sshkey_sign: entering [preauth]
debug3: mm_request_send: entering, type 6 [preauth]
debug3: mm_request_receive: entering
debug3: monitor_read: checking request 6
debug3: mm_answer_sign: entering
debug1: mm_answer_sign: hostkey ssh-ed25519 index 0
debug3: mm_answer_sign: ssh-ed25519 KEX signature len=83
debug3: mm_request_send: entering, type 7
debug2: monitor_read: 6 used once, disabling now
debug3: mm_sshkey_sign: waiting for MONITOR_ANS_SIGN [preauth]
debug3: mm_request_receive_expect: entering, type 7 [preauth]
debug3: mm_request_receive: entering [preauth]
debug3: mm_sshkey_sign: ssh-ed25519 signature len=83 [preauth]
debug3: send packet: type 31 [preauth]
debug3: send packet: type 21 [preauth]
debug1: ssh_packet_send2_wrapped: resetting send seqnr 3 [preauth]
debug2: ssh_set_newkeys: mode 1 [preauth]
debug1: rekey out after 134217728 blocks [preauth]
debug1: SSH2_MSG_NEWKEYS sent [preauth]
debug1: Sending SSH2_MSG_EXT_INFO [preauth]
debug3: send packet: type 7 [preauth]
debug1: expecting SSH2_MSG_NEWKEYS [preauth]
debug3: receive packet: type 21 [preauth]
debug1: ssh_packet_read_poll2: resetting read seqnr 3 [preauth]
debug1: SSH2_MSG_NEWKEYS received [preauth]
debug2: ssh_set_newkeys: mode 0 [preauth]
debug1: rekey in after 134217728 blocks [preauth]
debug2: KEX algorithms: mlkem768x25519-sha256,sntrup761x25519-sha512,sntrup761x25519-sha512@openssh.com,curve25519-sha256,curve25519-sha256@libssh.org,ecdh-sha2-nistp256,ecdh-sha2-nistp384,ecdh-sha2-nistp521,ext-info-s,kex-strict-s-v00@openssh.com [preauth]
debug2: host key algorithms: ssh-ed25519 [preauth]
debug2: ciphers ctos: chacha20-poly1305@openssh.com,aes128-gcm@openssh.com,aes256-gcm@openssh.com,aes128-ctr,aes192-ctr,aes256-ctr [preauth]
debug2: ciphers stoc: chacha20-poly1305@openssh.com,aes128-gcm@openssh.com,aes256-gcm@openssh.com,aes128-ctr,aes192-ctr,aes256-ctr [preauth]
debug2: MACs ctos: umac-64-etm@openssh.com,umac-128-etm@openssh.com,hmac-sha2-256-etm@openssh.com,hmac-sha2-512-etm@openssh.com,hmac-sha1-etm@openssh.com,umac-64@openssh.com,umac-128@openssh.com,hmac-sha2-256,hmac-sha2-512,hmac-sha1 [preauth]
debug2: MACs stoc: umac-64-etm@openssh.com,umac-128-etm@openssh.com,hmac-sha2-256-etm@openssh.com,hmac-sha2-512-etm@openssh.com,hmac-sha1-etm@openssh.com,umac-64@openssh.com,umac-128@openssh.com,hmac-sha2-256,hmac-sha2-512,hmac-sha1 [preauth]
debug2: compression ctos: none,zlib@openssh.com [preauth]
debug2: compression stoc: none,zlib@openssh.com [preauth]
debug2: languages ctos:  [preauth]
debug2: languages stoc:  [preauth]
debug2: first_kex_follows 0  [preauth]
debug2: reserved 0  [preauth]
debug1: KEX done [preauth]
debug3: receive packet: type 7 [preauth]
debug1: SSH2_MSG_EXT_INFO received [preauth]
debug3: kex_input_ext_info: extension ext-info-in-auth@openssh.com [preauth]
debug1: kex_ext_info_check_ver: ext-info-in-auth@openssh.com=<0> [preauth]
debug3: receive packet: type 5 [preauth]
debug3: send packet: type 6 [preauth]
debug3: receive packet: type 50 [preauth]
debug1: userauth-request for user charlesabrooker service ssh-connection method none [preauth]
debug1: attempt 0 failures 0 [preauth]
debug3: mm_getpwnamallow: entering [preauth]
debug3: mm_request_send: entering, type 8 [preauth]
debug3: mm_getpwnamallow: waiting for MONITOR_ANS_PWNAM [preauth]
debug3: mm_request_receive_expect: entering, type 9 [preauth]
debug3: mm_request_receive: entering [preauth]
debug3: mm_request_receive: entering
debug3: monitor_read: checking request 8
debug3: mm_answer_pwnamallow: entering
debug2: parse_server_config_depth: config reprocess config len 580
debug3: auth2_setup_methods_lists: checking methods
debug1: authentication methods list 0: publickey
debug3: mm_answer_pwnamallow: sending MONITOR_ANS_PWNAM: 1
debug3: mm_request_send: entering, type 9
debug2: monitor_read: 8 used once, disabling now
debug3: server_process_channel_timeouts: setting 0 timeouts [preauth]
debug3: channel_clear_timeouts: clearing [preauth]
debug2: input_userauth_request: setting up authctxt for charlesabrooker [preauth]
debug3: mm_inform_authserv: entering [preauth]
debug3: mm_request_send: entering, type 4 [preauth]
debug1: kex_server_update_ext_info: Sending SSH2_MSG_EXT_INFO [preauth]
debug3: send packet: type 7 [preauth]
debug3: auth2_setup_methods_lists: checking methods [preauth]
debug1: authentication methods list 0: publickey [preauth]
debug3: authmethod_lookup: method none not allowed by AuthenticationMethods [preauth]
debug3: userauth_finish: failure partial=0 next methods="publickey" [preauth]
debug3: send packet: type 51 [preauth]
debug3: mm_request_receive: entering
debug3: monitor_read: checking request 4
debug3: mm_answer_authserv: service=ssh-connection, style=
debug2: monitor_read: 4 used once, disabling now
debug3: receive packet: type 50 [preauth]
debug1: userauth-request for user charlesabrooker service ssh-connection method publickey [preauth]
debug1: attempt 1 failures 0 [preauth]
debug2: input_userauth_request: try method publickey [preauth]
debug2: userauth_pubkey: valid user charlesabrooker querying public key ssh-ed25519 AAAAC3NzaC1lZDI1NTE5AAAAIC29h5YAq/Tle+j2rirq6Xj2QUBhQHpieTMA6puP9ciD [preauth]
debug1: userauth_pubkey: publickey test pkalg ssh-ed25519 pkblob ED25519 SHA256:7sc69UbnYCiAFxuqzOSgt6nekJytNEARRE5FlH7yor0 [preauth]
debug3: mm_key_allowed: entering [preauth]
debug3: mm_request_send: entering, type 22 [preauth]
debug3: mm_key_allowed: waiting for MONITOR_ANS_KEYALLOWED [preauth]
debug3: mm_request_receive_expect: entering, type 23 [preauth]
debug3: mm_request_receive: entering [preauth]
debug3: mm_request_receive: entering
debug3: monitor_read: checking request 22
debug3: mm_answer_keyallowed: entering
debug1: temporarily_use_uid: 501/20 (e=501/20)
debug1: restore_uid: (unprivileged)
debug1: temporarily_use_uid: 501/20 (e=501/20)
debug1: trying public key file /Users/charlesabrooker/.no-mistakes/worktrees/32d18ed9638d/01M48YDAJ274FP0KSXR35TAEYY/.live-validation/remote/user.pub
debug1: fd 9 clearing O_NONBLOCK
debug1: /Users/charlesabrooker/.no-mistakes/worktrees/32d18ed9638d/01M48YDAJ274FP0KSXR35TAEYY/.live-validation/remote/user.pub:1: matching key found: ED25519 SHA256:7sc69UbnYCiAFxuqzOSgt6nekJytNEARRE5FlH7yor0
debug1: /Users/charlesabrooker/.no-mistakes/worktrees/32d18ed9638d/01M48YDAJ274FP0KSXR35TAEYY/.live-validation/remote/user.pub:1: key options: agent-forwarding port-forwarding pty user-rc x11-forwarding
debug3: /Users/charlesabrooker/.no-mistakes/worktrees/32d18ed9638d/01M48YDAJ274FP0KSXR35TAEYY/.live-validation/remote/user.pub:1: key options: agent-forwarding port-forwarding pty user-rc x11-forwarding
Accepted key ED25519 SHA256:7sc69UbnYCiAFxuqzOSgt6nekJytNEARRE5FlH7yor0 found at /Users/charlesabrooker/.no-mistakes/worktrees/32d18ed9638d/01M48YDAJ274FP0KSXR35TAEYY/.live-validation/remote/user.pub:1
debug2: auth_check_authkeys_file: /Users/charlesabrooker/.no-mistakes/worktrees/32d18ed9638d/01M48YDAJ274FP0KSXR35TAEYY/.live-validation/remote/user.pub: processed 1/1 lines
debug1: restore_uid: (unprivileged)
debug3: mm_answer_keyallowed: publickey authentication test: ED25519 key is allowed
debug3: mm_request_send: entering, type 23
debug3: send packet: type 60 [preauth]
debug2: userauth_pubkey: authenticated 0 pkalg ssh-ed25519 [preauth]
debug3: user_specific_delay: user specific delay 1.237ms [preauth]
debug3: ensure_minimum_time_since: elapsed 1.127ms, delaying 5.110ms (requested 6.237ms) [preauth]
Postponed publickey for charlesabrooker from 127.0.0.1 port 50110 ssh2 [preauth]
debug3: receive packet: type 50 [preauth]
debug1: userauth-request for user charlesabrooker service ssh-connection method publickey-hostbound-v00@openssh.com [preauth]
debug1: attempt 2 failures 0 [preauth]
debug2: input_userauth_request: try method publickey-hostbound-v00@openssh.com [preauth]
debug2: userauth_pubkey: valid user charlesabrooker attempting public key ssh-ed25519 AAAAC3NzaC1lZDI1NTE5AAAAIC29h5YAq/Tle+j2rirq6Xj2QUBhQHpieTMA6puP9ciD [preauth]
debug3: userauth_pubkey: publickey-hostbound-v00@openssh.com have ssh-ed25519 signature for ED25519 SHA256:7sc69UbnYCiAFxuqzOSgt6nekJytNEARRE5FlH7yor0 [preauth]
debug3: mm_key_allowed: entering [preauth]
debug3: mm_request_send: entering, type 22 [preauth]
debug3: mm_key_allowed: waiting for MONITOR_ANS_KEYALLOWED [preauth]
debug3: mm_request_receive_expect: entering, type 23 [preauth]
debug3: mm_request_receive: entering [preauth]
debug3: mm_request_receive: entering
debug3: monitor_read: checking request 22
debug3: mm_answer_keyallowed: entering
debug1: temporarily_use_uid: 501/20 (e=501/20)
debug1: restore_uid: (unprivileged)
debug1: temporarily_use_uid: 501/20 (e=501/20)
debug1: trying public key file /Users/charlesabrooker/.no-mistakes/worktrees/32d18ed9638d/01M48YDAJ274FP0KSXR35TAEYY/.live-validation/remote/user.pub
debug1: fd 9 clearing O_NONBLOCK
debug1: /Users/charlesabrooker/.no-mistakes/worktrees/32d18ed9638d/01M48YDAJ274FP0KSXR35TAEYY/.live-validation/remote/user.pub:1: matching key found: ED25519 SHA256:7sc69UbnYCiAFxuqzOSgt6nekJytNEARRE5FlH7yor0
debug1: /Users/charlesabrooker/.no-mistakes/worktrees/32d18ed9638d/01M48YDAJ274FP0KSXR35TAEYY/.live-validation/remote/user.pub:1: key options: agent-forwarding port-forwarding pty user-rc x11-forwarding
debug3: /Users/charlesabrooker/.no-mistakes/worktrees/32d18ed9638d/01M48YDAJ274FP0KSXR35TAEYY/.live-validation/remote/user.pub:1: key options: agent-forwarding port-forwarding pty user-rc x11-forwarding
Accepted key ED25519 SHA256:7sc69UbnYCiAFxuqzOSgt6nekJytNEARRE5FlH7yor0 found at /Users/charlesabrooker/.no-mistakes/worktrees/32d18ed9638d/01M48YDAJ274FP0KSXR35TAEYY/.live-validation/remote/user.pub:1
debug2: auth_check_authkeys_file: /Users/charlesabrooker/.no-mistakes/worktrees/32d18ed9638d/01M48YDAJ274FP0KSXR35TAEYY/.live-validation/remote/user.pub: processed 1/1 lines
debug1: restore_uid: (unprivileged)
debug3: mm_answer_keyallowed: publickey authentication: ED25519 key is allowed
debug3: mm_request_send: entering, type 23
debug3: mm_sshkey_verify: entering [preauth]
debug3: mm_request_send: entering, type 24 [preauth]
debug3: mm_sshkey_verify: waiting for MONITOR_ANS_KEYVERIFY [preauth]
debug3: mm_request_receive_expect: entering, type 25 [preauth]
debug3: mm_request_receive: entering [preauth]
debug3: mm_request_receive: entering
debug3: monitor_read: checking request 24
debug3: mm_answer_keyverify: publickey ED25519 signature using ssh-ed25519 verified
debug1: auth_activate_options: setting new authentication options
debug3: mm_request_send: entering, type 25
debug3: auth2_update_methods_lists: updating methods list after "publickey"
debug2: authentication methods list 0 complete
Accepted publickey for charlesabrooker from 127.0.0.1 port 50110 ssh2: ED25519 SHA256:7sc69UbnYCiAFxuqzOSgt6nekJytNEARRE5FlH7yor0
debug1: monitor_child_preauth: user charlesabrooker authenticated by privileged process
debug3: mm_get_keystate: Waiting for new keys
debug3: mm_request_receive_expect: entering, type 26
debug3: mm_request_receive: entering
debug3: mm_get_keystate: GOT new keys
debug1: auth_activate_options: setting new authentication options [preauth]
debug2: userauth_pubkey: authenticated 1 pkalg ssh-ed25519 [preauth]
debug3: user_specific_delay: user specific delay 1.237ms [preauth]
debug3: ensure_minimum_time_since: elapsed 4.947ms, delaying 1.290ms (requested 6.237ms) [preauth]
debug3: auth2_update_methods_lists: updating methods list after "publickey" [preauth]
debug2: authentication methods list 0 complete [preauth]
debug3: send packet: type 52 [preauth]
debug3: mm_request_send: entering, type 26 [preauth]
debug3: mm_send_keystate: Finished sending state [preauth]
debug1: monitor_read_log: child log fd closed
debug3: monitor_child_preauth: preauth child 45657 terminated successfully
BSM audit: bsm_audit_session_setup: setaudit_addr failed: Operation not permitted
debug2: server_accept_loop: child 45615 for connection from 127.0.0.1 to 127.0.0.1 auth done
debug1: child_close: enter (forcing)
debug3: BSM audit: typ 0 rc 0 "successful login charlesabrooker"
debug3: BSM audit: writing audit new record
BSM audit: bsm_audit_record failed to write "successful login charlesabrooker" record: Operation not permitted
debug3: monitor_apply_keystate: packet_set_state
debug2: ssh_set_newkeys: mode 0
debug1: rekey in after 134217728 blocks
debug2: ssh_set_newkeys: mode 1
debug1: rekey out after 134217728 blocks
debug1: ssh_packet_set_postauth: called
debug3: ssh_packet_set_state: done
debug3: notify_hostkeys: key 0: ssh-ed25519 SHA256:WwiWglN1fa9aE2Tl8g9MALW85mRMZENG58raojQZH9g
debug3: notify_hostkeys: sent 1 hostkeys
debug3: send packet: type 80
debug1: active: key options: agent-forwarding port-forwarding pty user-rc x11-forwarding
debug3: sending debug message: /Users/charlesabrooker/.no-mistakes/worktrees/32d18ed9638d/01M48YDAJ274FP0KSXR35TAEYY/.live-validation/remote/user.pub:1: key options: agent-forwarding port-forwarding pty user-rc x11-forwarding
debug3: send packet: type 4
debug3: sending debug message: /Users/charlesabrooker/.no-mistakes/worktrees/32d18ed9638d/01M48YDAJ274FP0KSXR35TAEYY/.live-validation/remote/user.pub:1: key options: agent-forwarding port-forwarding pty user-rc x11-forwarding
debug3: send packet: type 4
debug1: Entering interactive session for SSH2.
debug1: server_init_dispatch
debug3: receive packet: type 90
debug1: server_input_channel_open: ctype session rchan 0 win 2097152 max 32768
debug1: input_session_request
debug1: channel 0: new session [server-session] (inactive timeout: 0)
debug2: session_new: allocate (allocated 0 max 10)
debug3: session_unused: session id 0 unused
debug1: session_new: session 0
debug1: session_open: channel 0
debug1: session_open: session 0: link with channel 0
debug1: server_input_channel_open: confirm session
debug3: send packet: type 91
debug3: receive packet: type 80
debug1: server_input_global_request: rtype no-more-sessions@openssh.com want_reply 0
debug2: process_output: session QoS is now interactive
debug3: set_sock_tos: set socket 8 IP_TOS 0xb8
User child is on pid 45927
debug3: receive packet: type 98
debug1: server_input_channel_req: channel 0 request env reply 0
debug1: session_by_channel: session 0 channel 0
debug1: session_input_channel_req: session 0 req env
debug2: Ignoring env request LANG: disallowed name
debug3: receive packet: type 98
debug1: server_input_channel_req: channel 0 request exec reply 1
debug1: session_by_channel: session 0 channel 0
debug1: session_input_channel_req: session 0 req exec
debug2: channel_set_xtype: labeled channel 0 as session:command (inactive timeout 0)
Starting session: command for charlesabrooker from 127.0.0.1 port 50110 id 0
debug3: mm_audit_run_command: entering command /usr/bin/env FM_REMOTE_JOB_PLATFORM_OVERRIDE=Linux FM_REMOTE_JOB_STATE_ROOT=/Users/charlesabrooker/.no-mistakes/worktrees/32d18ed9638d/01M48YDAJ274FP0KSXR35TAEYY/.live-validation/remote/jobs /Users/charlesabrooker/.no-mistakes/worktrees/32d18ed9638d/01M48YDAJ274FP0KSXR35TAEYY/.live-validation/remote/checkout/bin/fm-remote-entrypoint.sh 1 L1VzZXJzL2NoYXJsZXNhYnJvb2tlci8ubm8tbWlzdGFrZXMvd29ya3RyZWVzLzMyZDE4ZWQ5NjM4ZC8wMU00OFlEQUoyNzRGUDBLU1hSMzVUQUVZWS8ubGl2ZS12YWxpZGF0aW9uL3JlbW90ZS9jaGVja291dA== L1VzZXJzL2NoYXJsZXNhYnJvb2tlci8ubm8tbWlzdGFrZXMvd29ya3RyZWVzLzMyZDE4ZWQ5NjM4ZC8wMU00OFlEQUoyNzRGUDBLU1hSMzVUQUVZWS8ubGl2ZS12YWxpZGF0aW9uL3JlbW90ZS9tYXRl Zm0tcmVtb3RlLWZpbGUuc2gAZ2V0AGRhdGEvcmVwbHkvcmVwbGF5Lm1kADI2MjE0NAA=
debug3: mm_request_send: entering, type 113
debug3: mm_request_receive: entering
debug3: monitor_read: checking request 113
debug3: mm_answer_audit_command: entering
debug2: fd 15 setting O_NONBLOCK
debug2: fd 14 setting O_NONBLOCK
debug2: fd 17 setting O_NONBLOCK
debug3: send packet: type 99
debug2: process_output: session QoS is now non-interactive
debug3: set_sock_tos: set socket 8 IP_TOS 0x00
debug3: receive packet: type 96
debug2: channel 0: rcvd eof
debug2: channel 0: output open -> drain
debug2: channel 0: obuf empty
debug2: chan_shutdown_write: channel 0: (i0 o1 sock -1 wfd 14 efd 17 [read])
debug2: channel 0: output drain -> closed
debug2: channel 0: read 34 from efd 17
debug2: channel 0: rwin 2097152 elen 34 euse 1
debug2: channel 0: sent ext data 34
debug2: channel 0: read failed rfd 15 maxlen 32768: Broken pipe
debug2: channel 0: read failed
debug2: chan_shutdown_read: channel 0: (i0 o3 sock -1 wfd 15 efd 17 [read])
debug2: channel 0: input open -> drain
debug2: channel 0: read 0 from efd 17
debug2: channel 0: closing read-efd 17
debug2: channel 0: ibuf empty
debug2: channel 0: send eof
debug3: send packet: type 96
debug2: channel 0: input drain -> closed
debug1: Received SIGCHLD.
debug1: session_by_pid: pid 45938
debug2: channel 0: request exit-status confirm 0
debug3: send packet: type 98
debug1: session_exit_message: session 0 channel 0 pid 45938 exit 0
debug1: session_exit_message: release channel 0
debug2: channel 0: send_close2
debug2: channel 0: send close for remote id 0
debug3: send packet: type 97
debug3: channel 0: will not send data after close
debug3: receive packet: type 97
debug2: channel 0: rcvd close
debug3: receive packet: type 1
Received disconnect from 127.0.0.1 port 50110:11: disconnected by user
Disconnected from user charlesabrooker 127.0.0.1 port 50110
debug1: do_cleanup
debug3: mm_request_receive: entering
debug3: mm_request_receive: monitor fd closed
debug1: mm_reap: child exited with status 255
debug1: do_cleanup
debug3: BSM audit: typ 0 rc 0 "sshd logout charlesabrooker"
debug3: BSM audit: writing audit new record
BSM audit: bsm_audit_record failed to write "sshd logout charlesabrooker" record: Operation not permitted
Received signal 15; terminating.
